Command line invocation:
    /Applications/Xcode.app/Contents/Developer/usr/bin/xcodebuild -project Review_Today.xcodeproj -scheme Review_Today -configuration Debug -derivedDataPath /tmp/review-today-health-build SWIFT_OPTIMIZATION_LEVEL=-O SWIFT_COMPILATION_MODE=wholemodule build

Build settings from command line:
    SWIFT_COMPILATION_MODE = wholemodule
    SWIFT_OPTIMIZATION_LEVEL = -O

2026-09-13 15:15:49.416 xcodebuild[31482:20991725] [MT] IDERunDestination: Supported platforms for the buildables in the current scheme is empty.
--- xcodebuild: WARNING: Using the first of multiple matching destinations:
{ platform:macOS, arch:arm64, id:00008142-000925D20109401C, name:My Mac }
{ platform:macOS, arch:x86_64, id:00008142-000925D20109401C, name:My Mac }
{ platform:macOS, name:Any Mac }
ComputePackagePrebuildTargetDependencyGraph

Prepare packages

CreateBuildRequest

SendProjectDescription

CreateBuildOperation

ComputeTargetDependencyGraph
note: Building targets in dependency order
note: Target dependency graph (1 target)
    Target 'Review_Today' in project 'Review_Today' (no dependencies)

GatherProvisioningInputs

CreateBuildDescription

ExecuteExternalTool /Applications/Xcode.app/Contents/Developer/Toolchains/XcodeDefault.xctoolchain/usr/bin/clang -v -E -dM -isysroot /Applications/Xcode.app/Contents/Developer/Platforms/MacOSX.platform/Developer/SDKs/MacOSX26.5.sdk -x c -c /dev/null

ExecuteExternalTool /Applications/Xcode.app/Contents/Developer/usr/bin/actool --version --output-format xml1

ExecuteExternalTool /Applications/Xcode.app/Contents/Developer/Toolchains/XcodeDefault.xctoolchain/usr/bin/swiftc --version

ExecuteExternalTool /Applications/Xcode.app/Contents/Developer/Toolchains/XcodeDefault.xctoolchain/usr/bin/ld -version_details

Build description signature: a19b8c12bd3cd443a6951aaa08516a25
Build description path: /tmp/review-today-health-build/Build/Intermediates.noindex/XCBuildData/a19b8c12bd3cd443a6951aaa08516a25.xcbuilddata
ClangStatCache /Applications/Xcode.app/Contents/Developer/Toolchains/XcodeDefault.xctoolchain/usr/bin/clang-stat-cache /Applications/Xcode.app/Contents/Developer/Platforms/MacOSX.platform/Developer/SDKs/MacOSX26.5.sdk /tmp/review-today-health-build/SDKStatCaches.noindex/macosx26.5-25F70-e082c4a02f00227109f4ed75e425c832.sdkstatcache
    cd /Users/rexyoung/Desktop/vibe\ coding/Review_Today/Review_Today.xcodeproj
    /Applications/Xcode.app/Contents/Developer/Toolchains/XcodeDefault.xctoolchain/usr/bin/clang-stat-cache /Applications/Xcode.app/Contents/Developer/Platforms/MacOSX.platform/Developer/SDKs/MacOSX26.5.sdk -o /tmp/review-today-health-build/SDKStatCaches.noindex/macosx26.5-25F70-e082c4a02f00227109f4ed75e425c832.sdkstatcache

CreateBuildDirectory /tmp/review-today-health-build/Build/Products
    cd /Users/rexyoung/Desktop/vibe\ coding/Review_Today/Review_Today.xcodeproj
    builtin-create-build-directory /tmp/review-today-health-build/Build/Products

CreateBuildDirectory /tmp/review-today-health-build/Build/Intermediates.noindex
    cd /Users/rexyoung/Desktop/vibe\ coding/Review_Today/Review_Today.xcodeproj
    builtin-create-build-directory /tmp/review-today-health-build/Build/Intermediates.noindex

CreateBuildDirectory /tmp/review-today-health-build/Build/Intermediates.noindex/SwiftExplicitPrecompiledModules
    cd /Users/rexyoung/Desktop/vibe\ coding/Review_Today/Review_Today.xcodeproj
    builtin-create-build-directory /tmp/review-today-health-build/Build/Intermediates.noindex/SwiftExplicitPrecompiledModules

CreateBuildDirectory /tmp/review-today-health-build/Build/Intermediates.noindex/ExplicitPrecompiledModules
    cd /Users/rexyoung/Desktop/vibe\ coding/Review_Today/Review_Today.xcodeproj
    builtin-create-build-directory /tmp/review-today-health-build/Build/Intermediates.noindex/ExplicitPrecompiledModules

CreateBuildDirectory /tmp/review-today-health-build/Build/Products/Debug
    cd /Users/rexyoung/Desktop/vibe\ coding/Review_Today/Review_Today.xcodeproj
    builtin-create-build-directory /tmp/review-today-health-build/Build/Products/Debug

CreateBuildDirectory /tmp/review-today-health-build/Build/Intermediates.noindex/EagerLinkingTBDs/Debug
    cd /Users/rexyoung/Desktop/vibe\ coding/Review_Today/Review_Today.xcodeproj
    builtin-create-build-directory /tmp/review-today-health-build/Build/Intermediates.noindex/EagerLinkingTBDs/Debug

WriteAuxiliaryFile /tmp/review-today-health-build/Build/Intermediates.noindex/Review_Today.build/Debug/Review_Today-b70fdcf0cabbad8a9773b71bbe1a4aa3-VFS/all-product-headers.yaml
    cd /Users/rexyoung/Desktop/vibe\ coding/Review_Today/Review_Today.xcodeproj
    write-file /tmp/review-today-health-build/Build/Intermediates.noindex/Review_Today.build/Debug/Review_Today-b70fdcf0cabbad8a9773b71bbe1a4aa3-VFS/all-product-headers.yaml

WriteAuxiliaryFile /tmp/review-today-health-build/Build/Intermediates.noindex/Review_Today.build/Debug/Review_Today.build/Review_Today.DependencyMetadataFileList (in target 'Review_Today' from project 'Review_Today')
    cd /Users/rexyoung/Desktop/vibe\ coding/Review_Today
    write-file /tmp/review-today-health-build/Build/Intermediates.noindex/Review_Today.build/Debug/Review_Today.build/Review_Today.DependencyMetadataFileList

WriteAuxiliaryFile /tmp/review-today-health-build/Build/Intermediates.noindex/Review_Today.build/Debug/Review_Today.build/Review_Today-all-non-framework-target-headers.hmap (in target 'Review_Today' from project 'Review_Today')
    cd /Users/rexyoung/Desktop/vibe\ coding/Review_Today
    write-file /tmp/review-today-health-build/Build/Intermediates.noindex/Review_Today.build/Debug/Review_Today.build/Review_Today-all-non-framework-target-headers.hmap

WriteAuxiliaryFile /tmp/review-today-health-build/Build/Intermediates.noindex/Review_Today.build/Debug/Review_Today.build/Review_Today.DependencyStaticMetadataFileList (in target 'Review_Today' from project 'Review_Today')
    cd /Users/rexyoung/Desktop/vibe\ coding/Review_Today
    write-file /tmp/review-today-health-build/Build/Intermediates.noindex/Review_Today.build/Debug/Review_Today.build/Review_Today.DependencyStaticMetadataFileList

WriteAuxiliaryFile /tmp/review-today-health-build/Build/Intermediates.noindex/Review_Today.build/Debug/Review_Today.build/Review_Today-generated-files.hmap (in target 'Review_Today' from project 'Review_Today')
    cd /Users/rexyoung/Desktop/vibe\ coding/Review_Today
    write-file /tmp/review-today-health-build/Build/Intermediates.noindex/Review_Today.build/Debug/Review_Today.build/Review_Today-generated-files.hmap

WriteAuxiliaryFile /tmp/review-today-health-build/Build/Intermediates.noindex/Review_Today.build/Debug/Review_Today.build/Review_Today-all-target-headers.hmap (in target 'Review_Today' from project 'Review_Today')
    cd /Users/rexyoung/Desktop/vibe\ coding/Review_Today
    write-file /tmp/review-today-health-build/Build/Intermediates.noindex/Review_Today.build/Debug/Review_Today.build/Review_Today-all-target-headers.hmap

WriteAuxiliaryFile /tmp/review-today-health-build/Build/Intermediates.noindex/Review_Today.build/Debug/Review_Today.build/Review_Today.hmap (in target 'Review_Today' from project 'Review_Today')
    cd /Users/rexyoung/Desktop/vibe\ coding/Review_Today
    write-file /tmp/review-today-health-build/Build/Intermediates.noindex/Review_Today.build/Debug/Review_Today.build/Review_Today.hmap

WriteAuxiliaryFile /tmp/review-today-health-build/Build/Intermediates.noindex/Review_Today.build/Debug/Review_Today.build/Review_Today-own-target-headers.hmap (in target 'Review_Today' from project 'Review_Today')
    cd /Users/rexyoung/Desktop/vibe\ coding/Review_Today
    write-file /tmp/review-today-health-build/Build/Intermediates.noindex/Review_Today.build/Debug/Review_Today.build/Review_Today-own-target-headers.hmap

WriteAuxiliaryFile /tmp/review-today-health-build/Build/Intermediates.noindex/Review_Today.build/Debug/Review_Today.build/Review_Today-project-headers.hmap (in target 'Review_Today' from project 'Review_Today')
    cd /Users/rexyoung/Desktop/vibe\ coding/Review_Today
    write-file /tmp/review-today-health-build/Build/Intermediates.noindex/Review_Today.build/Debug/Review_Today.build/Review_Today-project-headers.hmap

WriteAuxiliaryFile /tmp/review-today-health-build/Build/Intermediates.noindex/Review_Today.build/Debug/Review_Today.build/Objects-normal/arm64/Review_Today_const_extract_protocols.json (in target 'Review_Today' from project 'Review_Today')
    cd /Users/rexyoung/Desktop/vibe\ coding/Review_Today
    write-file /tmp/review-today-health-build/Build/Intermediates.noindex/Review_Today.build/Debug/Review_Today.build/Objects-normal/arm64/Review_Today_const_extract_protocols.json

WriteAuxiliaryFile /tmp/review-today-health-build/Build/Intermediates.noindex/Review_Today.build/Debug/Review_Today.build/Objects-normal/arm64/Review_Today.SwiftFileList (in target 'Review_Today' from project 'Review_Today')
    cd /Users/rexyoung/Desktop/vibe\ coding/Review_Today
    write-file /tmp/review-today-health-build/Build/Intermediates.noindex/Review_Today.build/Debug/Review_Today.build/Objects-normal/arm64/Review_Today.SwiftFileList

WriteAuxiliaryFile /tmp/review-today-health-build/Build/Intermediates.noindex/Review_Today.build/Debug/Review_Today.build/Objects-normal/arm64/Review_Today.SwiftConstValuesFileList (in target 'Review_Today' from project 'Review_Today')
    cd /Users/rexyoung/Desktop/vibe\ coding/Review_Today
    write-file /tmp/review-today-health-build/Build/Intermediates.noindex/Review_Today.build/Debug/Review_Today.build/Objects-normal/arm64/Review_Today.SwiftConstValuesFileList

WriteAuxiliaryFile /tmp/review-today-health-build/Build/Intermediates.noindex/Review_Today.build/Debug/Review_Today.build/Objects-normal/arm64/Review_Today.LinkFileList (in target 'Review_Today' from project 'Review_Today')
    cd /Users/rexyoung/Desktop/vibe\ coding/Review_Today
    write-file /tmp/review-today-health-build/Build/Intermediates.noindex/Review_Today.build/Debug/Review_Today.build/Objects-normal/arm64/Review_Today.LinkFileList

WriteAuxiliaryFile /tmp/review-today-health-build/Build/Intermediates.noindex/Review_Today.build/Debug/Review_Today.build/Objects-normal/arm64/Review_Today-OutputFileMap.json (in target 'Review_Today' from project 'Review_Today')
    cd /Users/rexyoung/Desktop/vibe\ coding/Review_Today
    write-file /tmp/review-today-health-build/Build/Intermediates.noindex/Review_Today.build/Debug/Review_Today.build/Objects-normal/arm64/Review_Today-OutputFileMap.json

MkDir /tmp/review-today-health-build/Build/Products/Debug/Review_Today.app (in target 'Review_Today' from project 'Review_Today')
    cd /Users/rexyoung/Desktop/vibe\ coding/Review_Today
    /bin/mkdir -p /tmp/review-today-health-build/Build/Products/Debug/Review_Today.app

MkDir /tmp/review-today-health-build/Build/Products/Debug/Review_Today.app/Contents (in target 'Review_Today' from project 'Review_Today')
    cd /Users/rexyoung/Desktop/vibe\ coding/Review_Today
    /bin/mkdir -p /tmp/review-today-health-build/Build/Products/Debug/Review_Today.app/Contents

WriteAuxiliaryFile /tmp/review-today-health-build/Build/Intermediates.noindex/Review_Today.build/Debug/Review_Today.build/DerivedSources/Entitlements.plist (in target 'Review_Today' from project 'Review_Today')
    cd /Users/rexyoung/Desktop/vibe\ coding/Review_Today
    write-file /tmp/review-today-health-build/Build/Intermediates.noindex/Review_Today.build/Debug/Review_Today.build/DerivedSources/Entitlements.plist

MkDir /tmp/review-today-health-build/Build/Products/Debug/Review_Today.app/Contents/Resources (in target 'Review_Today' from project 'Review_Today')
    cd /Users/rexyoung/Desktop/vibe\ coding/Review_Today
    /bin/mkdir -p /tmp/review-today-health-build/Build/Products/Debug/Review_Today.app/Contents/Resources

MkDir /tmp/review-today-health-build/Build/Products/Debug/Review_Today.app/Contents/MacOS (in target 'Review_Today' from project 'Review_Today')
    cd /Users/rexyoung/Desktop/vibe\ coding/Review_Today
    /bin/mkdir -p /tmp/review-today-health-build/Build/Products/Debug/Review_Today.app/Contents/MacOS

ProcessProductPackaging "" /tmp/review-today-health-build/Build/Intermediates.noindex/Review_Today.build/Debug/Review_Today.build/Review_Today.app.xcent (in target 'Review_Today' from project 'Review_Today')
    cd /Users/rexyoung/Desktop/vibe\ coding/Review_Today

    Entitlements:

    {
    "com.apple.security.get-task-allow" = 1;
    "com.apple.security.network.client" = 1;
}

    builtin-productPackagingUtility -entitlements -format xml -o /tmp/review-today-health-build/Build/Intermediates.noindex/Review_Today.build/Debug/Review_Today.build/Review_Today.app.xcent

ProcessProductPackagingDER /tmp/review-today-health-build/Build/Intermediates.noindex/Review_Today.build/Debug/Review_Today.build/Review_Today.app.xcent /tmp/review-today-health-build/Build/Intermediates.noindex/Review_Today.build/Debug/Review_Today.build/Review_Today.app.xcent.der (in target 'Review_Today' from project 'Review_Today')
    cd /Users/rexyoung/Desktop/vibe\ coding/Review_Today
    /usr/bin/derq query -f xml -i /tmp/review-today-health-build/Build/Intermediates.noindex/Review_Today.build/Debug/Review_Today.build/Review_Today.app.xcent -o /tmp/review-today-health-build/Build/Intermediates.noindex/Review_Today.build/Debug/Review_Today.build/Review_Today.app.xcent.der --raw

GenerateAssetSymbols /Users/rexyoung/Desktop/vibe\ coding/Review_Today/Review_Today/Assets.xcassets (in target 'Review_Today' from project 'Review_Today')
    cd /Users/rexyoung/Desktop/vibe\ coding/Review_Today
    /Applications/Xcode.app/Contents/Developer/usr/bin/actool /Users/rexyoung/Desktop/vibe\ coding/Review_Today/Review_Today/Assets.xcassets --compile /tmp/review-today-health-build/Build/Products/Debug/Review_Today.app/Contents/Resources --output-format human-readable-text --notices --warnings --export-dependency-info /tmp/review-today-health-build/Build/Intermediates.noindex/Review_Today.build/Debug/Review_Today.build/assetcatalog_dependencies --output-partial-info-plist /tmp/review-today-health-build/Build/Intermediates.noindex/Review_Today.build/Debug/Review_Today.build/assetcatalog_generated_info.plist --app-icon AppIcon --accent-color AccentColor --enable-on-demand-resources NO --development-region zh-Hans --target-device mac --minimum-deployment-target 26.5 --platform macosx --bundle-identifier Rex.Review-Today --generate-swift-asset-symbols /tmp/review-today-health-build/Build/Intermediates.noindex/Review_Today.build/Debug/Review_Today.build/DerivedSources/GeneratedAssetSymbols.swift --generate-objc-asset-symbols /tmp/review-today-health-build/Build/Intermediates.noindex/Review_Today.build/Debug/Review_Today.build/DerivedSources/GeneratedAssetSymbols.h --generate-asset-symbol-index /tmp/review-today-health-build/Build/Intermediates.noindex/Review_Today.build/Debug/Review_Today.build/DerivedSources/GeneratedAssetSymbols-Index.plist
/* com.apple.actool.compilation-results */
/tmp/review-today-health-build/Build/Intermediates.noindex/Review_Today.build/Debug/Review_Today.build/DerivedSources/GeneratedAssetSymbols-Index.plist
/tmp/review-today-health-build/Build/Intermediates.noindex/Review_Today.build/Debug/Review_Today.build/DerivedSources/GeneratedAssetSymbols.h
/tmp/review-today-health-build/Build/Intermediates.noindex/Review_Today.build/Debug/Review_Today.build/DerivedSources/GeneratedAssetSymbols.swift


CpResource /tmp/review-today-health-build/Build/Products/Debug/Review_Today.app/Contents/Resources/MrBMotion.html /Users/rexyoung/Desktop/vibe\ coding/Review_Today/Review_Today/MrBMotion.html (in target 'Review_Today' from project 'Review_Today')
    cd /Users/rexyoung/Desktop/vibe\ coding/Review_Today
    builtin-copy -exclude .DS_Store -exclude CVS -exclude .svn -exclude .git -exclude .hg -resolve-src-symlinks /Users/rexyoung/Desktop/vibe\ coding/Review_Today/Review_Today/MrBMotion.html /tmp/review-today-health-build/Build/Products/Debug/Review_Today.app/Contents/Resources

CpResource /tmp/review-today-health-build/Build/Products/Debug/Review_Today.app/Contents/Resources/MascotMotion.html /Users/rexyoung/Desktop/vibe\ coding/Review_Today/Review_Today/MascotMotion.html (in target 'Review_Today' from project 'Review_Today')
    cd /Users/rexyoung/Desktop/vibe\ coding/Review_Today
    builtin-copy -exclude .DS_Store -exclude CVS -exclude .svn -exclude .git -exclude .hg -resolve-src-symlinks /Users/rexyoung/Desktop/vibe\ coding/Review_Today/Review_Today/MascotMotion.html /tmp/review-today-health-build/Build/Products/Debug/Review_Today.app/Contents/Resources

MkDir /tmp/review-today-health-build/Build/Intermediates.noindex/Review_Today.build/Debug/Review_Today.build/assetcatalog_output/thinned (in target 'Review_Today' from project 'Review_Today')
    cd /Users/rexyoung/Desktop/vibe\ coding/Review_Today
    /bin/mkdir -p /tmp/review-today-health-build/Build/Intermediates.noindex/Review_Today.build/Debug/Review_Today.build/assetcatalog_output/thinned

MkDir /tmp/review-today-health-build/Build/Intermediates.noindex/Review_Today.build/Debug/Review_Today.build/assetcatalog_output/unthinned (in target 'Review_Today' from project 'Review_Today')
    cd /Users/rexyoung/Desktop/vibe\ coding/Review_Today
    /bin/mkdir -p /tmp/review-today-health-build/Build/Intermediates.noindex/Review_Today.build/Debug/Review_Today.build/assetcatalog_output/unthinned

CpResource /tmp/review-today-health-build/Build/Products/Debug/Review_Today.app/Contents/Resources/KNMaiyuan-Regular.ttf /Users/rexyoung/Desktop/vibe\ coding/Review_Today/Review_Today/Fonts/KNMaiyuan-Regular.ttf (in target 'Review_Today' from project 'Review_Today')
    cd /Users/rexyoung/Desktop/vibe\ coding/Review_Today
    builtin-copy -exclude .DS_Store -exclude CVS -exclude .svn -exclude .git -exclude .hg -resolve-src-symlinks /Users/rexyoung/Desktop/vibe\ coding/Review_Today/Review_Today/Fonts/KNMaiyuan-Regular.ttf /tmp/review-today-health-build/Build/Products/Debug/Review_Today.app/Contents/Resources

CpResource /tmp/review-today-health-build/Build/Products/Debug/Review_Today.app/Contents/Resources/KNMaiyuan-OFL.txt /Users/rexyoung/Desktop/vibe\ coding/Review_Today/Review_Today/Fonts/KNMaiyuan-OFL.txt (in target 'Review_Today' from project 'Review_Today')
    cd /Users/rexyoung/Desktop/vibe\ coding/Review_Today
    builtin-copy -exclude .DS_Store -exclude CVS -exclude .svn -exclude .git -exclude .hg -resolve-src-symlinks /Users/rexyoung/Desktop/vibe\ coding/Review_Today/Review_Today/Fonts/KNMaiyuan-OFL.txt /tmp/review-today-health-build/Build/Products/Debug/Review_Today.app/Contents/Resources

CompileAssetCatalogVariant thinned /tmp/review-today-health-build/Build/Products/Debug/Review_Today.app/Contents/Resources /Users/rexyoung/Desktop/vibe\ coding/Review_Today/Review_Today/Assets.xcassets (in target 'Review_Today' from project 'Review_Today')
    cd /Users/rexyoung/Desktop/vibe\ coding/Review_Today
    /Applications/Xcode.app/Contents/Developer/usr/bin/actool /Users/rexyoung/Desktop/vibe\ coding/Review_Today/Review_Today/Assets.xcassets --compile /tmp/review-today-health-build/Build/Intermediates.noindex/Review_Today.build/Debug/Review_Today.build/assetcatalog_output/thinned --output-format human-readable-text --notices --warnings --export-dependency-info /tmp/review-today-health-build/Build/Intermediates.noindex/Review_Today.build/Debug/Review_Today.build/assetcatalog_dependencies_thinned --output-partial-info-plist /tmp/review-today-health-build/Build/Intermediates.noindex/Review_Today.build/Debug/Review_Today.build/assetcatalog_generated_info.plist_thinned --app-icon AppIcon --accent-color AccentColor --enable-on-demand-resources NO --development-region zh-Hans --target-device mac --minimum-deployment-target 26.5 --platform macosx
/* com.apple.actool.compilation-results */
/tmp/review-today-health-build/Build/Intermediates.noindex/Review_Today.build/Debug/Review_Today.build/assetcatalog_generated_info.plist_thinned
/tmp/review-today-health-build/Build/Intermediates.noindex/Review_Today.build/Debug/Review_Today.build/assetcatalog_output/thinned/AppIcon.icns
/tmp/review-today-health-build/Build/Intermediates.noindex/Review_Today.build/Debug/Review_Today.build/assetcatalog_output/thinned/Assets.car


SwiftDriver Review_Today normal arm64 com.apple.xcode.tools.swift.compiler (in target 'Review_Today' from project 'Review_Today')
    cd /Users/rexyoung/Desktop/vibe\ coding/Review_Today
    builtin-SwiftDriver -- /Applications/Xcode.app/Contents/Developer/Toolchains/XcodeDefault.xctoolchain/usr/bin/swiftc -module-name Review_Today -O -whole-module-optimization @/tmp/review-today-health-build/Build/Intermediates.noindex/Review_Today.build/Debug/Review_Today.build/Objects-normal/arm64/Review_Today.SwiftFileList -DDEBUG -default-isolation\=MainActor -enable-bare-slash-regex -enable-upcoming-feature DisableOutwardActorInference -enable-upcoming-feature InferSendableFromCaptures -enable-upcoming-feature GlobalActorIsolatedTypesUsability -enable-upcoming-feature MemberImportVisibility -enable-upcoming-feature InferIsolatedConformances -enable-upcoming-feature NonisolatedNonsendingByDefault -enable-experimental-feature DebugDescriptionMacro -sdk /Applications/Xcode.app/Contents/Developer/Platforms/MacOSX.platform/Developer/SDKs/MacOSX26.5.sdk -target arm64-apple-macos26.5 -g -module-cache-path /tmp/review-today-health-build/ModuleCache.noindex -Xfrontend -serialize-debugging-options -enable-testing -Xcc -D_LIBCPP_HARDENING_MODE\=_LIBCPP_HARDENING_MODE_DEBUG -swift-version 5 -I /tmp/review-today-health-build/Build/Products/Debug -F /tmp/review-today-health-build/Build/Products/Debug -emit-localized-strings -emit-localized-strings-path /tmp/review-today-health-build/Build/Intermediates.noindex/Review_Today.build/Debug/Review_Today.build/Objects-normal/arm64 -c -num-threads 10 -Xcc -ivfsstatcache -Xcc /tmp/review-today-health-build/SDKStatCaches.noindex/macosx26.5-25F70-e082c4a02f00227109f4ed75e425c832.sdkstatcache -output-file-map /tmp/review-today-health-build/Build/Intermediates.noindex/Review_Today.build/Debug/Review_Today.build/Objects-normal/arm64/Review_Today-OutputFileMap.json -use-frontend-parseable-output -save-temps -no-color-diagnostics -explicit-module-build -module-cache-path /tmp/review-today-health-build/Build/Intermediates.noindex/SwiftExplicitPrecompiledModules -clang-scanner-module-cache-path /tmp/review-today-health-build/ModuleCache.noindex -sdk-module-cache-path /tmp/review-today-health-build/ModuleCache.noindex -serialize-diagnostics -emit-dependencies -emit-module -emit-module-path /tmp/review-today-health-build/Build/Intermediates.noindex/Review_Today.build/Debug/Review_Today.build/Objects-normal/arm64/Review_Today.swiftmodule -validate-clang-modules-once -clang-build-session-file /tmp/review-today-health-build/ModuleCache.noindex/Session.modulevalidation -Xcc -I/tmp/review-today-health-build/Build/Intermediates.noindex/Review_Today.build/Debug/Review_Today.build/swift-overrides.hmap -emit-const-values -Xfrontend -const-gather-protocols-file -Xfrontend /tmp/review-today-health-build/Build/Intermediates.noindex/Review_Today.build/Debug/Review_Today.build/Objects-normal/arm64/Review_Today_const_extract_protocols.json -Xcc -iquote -Xcc /tmp/review-today-health-build/Build/Intermediates.noindex/Review_Today.build/Debug/Review_Today.build/Review_Today-generated-files.hmap -Xcc -I/tmp/review-today-health-build/Build/Intermediates.noindex/Review_Today.build/Debug/Review_Today.build/Review_Today-own-target-headers.hmap -Xcc -I/tmp/review-today-health-build/Build/Intermediates.noindex/Review_Today.build/Debug/Review_Today.build/Review_Today-all-target-headers.hmap -Xcc -iquote -Xcc /tmp/review-today-health-build/Build/Intermediates.noindex/Review_Today.build/Debug/Review_Today.build/Review_Today-project-headers.hmap -Xcc -I/tmp/review-today-health-build/Build/Products/Debug/include -Xcc -I/tmp/review-today-health-build/Build/Intermediates.noindex/Review_Today.build/Debug/Review_Today.build/DerivedSources-normal/arm64 -Xcc -I/tmp/review-today-health-build/Build/Intermediates.noindex/Review_Today.build/Debug/Review_Today.build/DerivedSources/arm64 -Xcc -I/tmp/review-today-health-build/Build/Intermediates.noindex/Review_Today.build/Debug/Review_Today.build/DerivedSources -Xcc -DDEBUG\=1 -emit-objc-header -emit-objc-header-path /tmp/review-today-health-build/Build/Intermediates.noindex/Review_Today.build/Debug/Review_Today.build/Objects-normal/arm64/Review_Today-Swift.h -working-directory /Users/rexyoung/Desktop/vibe\ coding/Review_Today -no-emit-module-separately-wmo

LinkAssetCatalog /Users/rexyoung/Desktop/vibe\ coding/Review_Today/Review_Today/Assets.xcassets (in target 'Review_Today' from project 'Review_Today')
    cd /Users/rexyoung/Desktop/vibe\ coding/Review_Today
    builtin-linkAssetCatalog --thinned /tmp/review-today-health-build/Build/Intermediates.noindex/Review_Today.build/Debug/Review_Today.build/assetcatalog_output/thinned --thinned-dependencies /tmp/review-today-health-build/Build/Intermediates.noindex/Review_Today.build/Debug/Review_Today.build/assetcatalog_dependencies_thinned --thinned-info-plist-content /tmp/review-today-health-build/Build/Intermediates.noindex/Review_Today.build/Debug/Review_Today.build/assetcatalog_generated_info.plist_thinned --unthinned /tmp/review-today-health-build/Build/Intermediates.noindex/Review_Today.build/Debug/Review_Today.build/assetcatalog_output/unthinned --unthinned-dependencies /tmp/review-today-health-build/Build/Intermediates.noindex/Review_Today.build/Debug/Review_Today.build/assetcatalog_dependencies_unthinned --unthinned-info-plist-content /tmp/review-today-health-build/Build/Intermediates.noindex/Review_Today.build/Debug/Review_Today.build/assetcatalog_generated_info.plist_unthinned --output /tmp/review-today-health-build/Build/Products/Debug/Review_Today.app/Contents/Resources --plist-output /tmp/review-today-health-build/Build/Intermediates.noindex/Review_Today.build/Debug/Review_Today.build/assetcatalog_generated_info.plist
note: Emplaced /tmp/review-today-health-build/Build/Products/Debug/Review_Today.app/Contents/Resources/AppIcon.icns (in target 'Review_Today' from project 'Review_Today')
note: Emplaced /tmp/review-today-health-build/Build/Products/Debug/Review_Today.app/Contents/Resources/Assets.car (in target 'Review_Today' from project 'Review_Today')

ProcessInfoPlistFile /tmp/review-today-health-build/Build/Products/Debug/Review_Today.app/Contents/Info.plist /Users/rexyoung/Desktop/vibe\ coding/Review_Today/Review_Today/Info.plist (in target 'Review_Today' from project 'Review_Today')
    cd /Users/rexyoung/Desktop/vibe\ coding/Review_Today
    builtin-infoPlistUtility /Users/rexyoung/Desktop/vibe\ coding/Review_Today/Review_Today/Info.plist -producttype com.apple.product-type.application -genpkginfo /tmp/review-today-health-build/Build/Products/Debug/Review_Today.app/Contents/PkgInfo -expandbuildsettings -platform macosx -additionalcontentfile /tmp/review-today-health-build/Build/Intermediates.noindex/Review_Today.build/Debug/Review_Today.build/assetcatalog_generated_info.plist -o /tmp/review-today-health-build/Build/Products/Debug/Review_Today.app/Contents/Info.plist

SwiftDriver\ Compilation Review_Today normal arm64 com.apple.xcode.tools.swift.compiler (in target 'Review_Today' from project 'Review_Today')
    cd /Users/rexyoung/Desktop/vibe\ coding/Review_Today
    builtin-Swift-Compilation -- /Applications/Xcode.app/Contents/Developer/Toolchains/XcodeDefault.xctoolchain/usr/bin/swiftc -module-name Review_Today -O -whole-module-optimization @/tmp/review-today-health-build/Build/Intermediates.noindex/Review_Today.build/Debug/Review_Today.build/Objects-normal/arm64/Review_Today.SwiftFileList -DDEBUG -default-isolation\=MainActor -enable-bare-slash-regex -enable-upcoming-feature DisableOutwardActorInference -enable-upcoming-feature InferSendableFromCaptures -enable-upcoming-feature GlobalActorIsolatedTypesUsability -enable-upcoming-feature MemberImportVisibility -enable-upcoming-feature InferIsolatedConformances -enable-upcoming-feature NonisolatedNonsendingByDefault -enable-experimental-feature DebugDescriptionMacro -sdk /Applications/Xcode.app/Contents/Developer/Platforms/MacOSX.platform/Developer/SDKs/MacOSX26.5.sdk -target arm64-apple-macos26.5 -g -module-cache-path /tmp/review-today-health-build/ModuleCache.noindex -Xfrontend -serialize-debugging-options -enable-testing -Xcc -D_LIBCPP_HARDENING_MODE\=_LIBCPP_HARDENING_MODE_DEBUG -swift-version 5 -I /tmp/review-today-health-build/Build/Products/Debug -F /tmp/review-today-health-build/Build/Products/Debug -emit-localized-strings -emit-localized-strings-path /tmp/review-today-health-build/Build/Intermediates.noindex/Review_Today.build/Debug/Review_Today.build/Objects-normal/arm64 -c -num-threads 10 -Xcc -ivfsstatcache -Xcc /tmp/review-today-health-build/SDKStatCaches.noindex/macosx26.5-25F70-e082c4a02f00227109f4ed75e425c832.sdkstatcache -output-file-map /tmp/review-today-health-build/Build/Intermediates.noindex/Review_Today.build/Debug/Review_Today.build/Objects-normal/arm64/Review_Today-OutputFileMap.json -use-frontend-parseable-output -save-temps -no-color-diagnostics -explicit-module-build -module-cache-path /tmp/review-today-health-build/Build/Intermediates.noindex/SwiftExplicitPrecompiledModules -clang-scanner-module-cache-path /tmp/review-today-health-build/ModuleCache.noindex -sdk-module-cache-path /tmp/review-today-health-build/ModuleCache.noindex -serialize-diagnostics -emit-dependencies -emit-module -emit-module-path /tmp/review-today-health-build/Build/Intermediates.noindex/Review_Today.build/Debug/Review_Today.build/Objects-normal/arm64/Review_Today.swiftmodule -validate-clang-modules-once -clang-build-session-file /tmp/review-today-health-build/ModuleCache.noindex/Session.modulevalidation -Xcc -I/tmp/review-today-health-build/Build/Intermediates.noindex/Review_Today.build/Debug/Review_Today.build/swift-overrides.hmap -emit-const-values -Xfrontend -const-gather-protocols-file -Xfrontend /tmp/review-today-health-build/Build/Intermediates.noindex/Review_Today.build/Debug/Review_Today.build/Objects-normal/arm64/Review_Today_const_extract_protocols.json -Xcc -iquote -Xcc /tmp/review-today-health-build/Build/Intermediates.noindex/Review_Today.build/Debug/Review_Today.build/Review_Today-generated-files.hmap -Xcc -I/tmp/review-today-health-build/Build/Intermediates.noindex/Review_Today.build/Debug/Review_Today.build/Review_Today-own-target-headers.hmap -Xcc -I/tmp/review-today-health-build/Build/Intermediates.noindex/Review_Today.build/Debug/Review_Today.build/Review_Today-all-target-headers.hmap -Xcc -iquote -Xcc /tmp/review-today-health-build/Build/Intermediates.noindex/Review_Today.build/Debug/Review_Today.build/Review_Today-project-headers.hmap -Xcc -I/tmp/review-today-health-build/Build/Products/Debug/include -Xcc -I/tmp/review-today-health-build/Build/Intermediates.noindex/Review_Today.build/Debug/Review_Today.build/DerivedSources-normal/arm64 -Xcc -I/tmp/review-today-health-build/Build/Intermediates.noindex/Review_Today.build/Debug/Review_Today.build/DerivedSources/arm64 -Xcc -I/tmp/review-today-health-build/Build/Intermediates.noindex/Review_Today.build/Debug/Review_Today.build/DerivedSources -Xcc -DDEBUG\=1 -emit-objc-header -emit-objc-header-path /tmp/review-today-health-build/Build/Intermediates.noindex/Review_Today.build/Debug/Review_Today.build/Objects-normal/arm64/Review_Today-Swift.h -working-directory /Users/rexyoung/Desktop/vibe\ coding/Review_Today -no-emit-module-separately-wmo

SwiftExplicitDependencyGeneratePcm arm64 /tmp/review-today-health-build/ModuleCache.noindex/_SwiftConcurrencyShims-5KBPGNHTG68BSBJXSTORHYWGE.pcm

SwiftExplicitDependencyGeneratePcm arm64 /tmp/review-today-health-build/ModuleCache.noindex/_Builtin_stdbool-CXUB8U98FELO96XLHQM5ADZ5O.pcm

SwiftExplicitDependencyGeneratePcm arm64 /tmp/review-today-health-build/ModuleCache.noindex/ptrauth-61XHGE1FP7KSCP1F7E9YWS704.pcm

SwiftExplicitDependencyGeneratePcm arm64 /tmp/review-today-health-build/ModuleCache.noindex/ptrcheck-BG77M5ZAOJWOKIFZS4WK22QNS.pcm

SwiftExplicitDependencyGeneratePcm arm64 /tmp/review-today-health-build/ModuleCache.noindex/_AvailabilityInternal-90XAQS6ITA70KMFNNI3XKKAOF.pcm

SwiftExplicitDependencyGeneratePcm arm64 /tmp/review-today-health-build/ModuleCache.noindex/DeveloperToolsSupport-8LR3JOZDJMVWOFGG72QC0339K.pcm

SwiftExplicitDependencyGeneratePcm arm64 /tmp/review-today-health-build/ModuleCache.noindex/SwiftShims-4QSZHTOPMS3HCMKC52T1UVWSU.pcm

SwiftExplicitDependencyGeneratePcm arm64 /tmp/review-today-health-build/ModuleCache.noindex/_Builtin_stdarg-776MWTT1J4SWZIO6O9640NMYM.pcm

SwiftExplicitDependencyGeneratePcm arm64 /tmp/review-today-health-build/ModuleCache.noindex/_Builtin_stddef-A7FFNV0L4CM9211JK31RES4D0.pcm

SwiftExplicitDependencyGeneratePcm arm64 /tmp/review-today-health-build/ModuleCache.noindex/_Builtin_float-CJ2GPU9SSTRHFWXLG0RVN77DW.pcm

SwiftExplicitDependencyGeneratePcm arm64 /tmp/review-today-health-build/ModuleCache.noindex/_DarwinFoundation1-4148UDH8G52OSU9S3WBCRHWI6.pcm

SwiftExplicitDependencyGeneratePcm arm64 /tmp/review-today-health-build/ModuleCache.noindex/_Builtin_limits-D4BX5DOFNDXO2JK93QEOY3TKH.pcm

SwiftExplicitDependencyGeneratePcm arm64 /tmp/review-today-health-build/ModuleCache.noindex/_DarwinFoundation2-19EQ91WMR15JZS8NGP5ZN8JE8.pcm

SwiftExplicitDependencyGeneratePcm arm64 /tmp/review-today-health-build/ModuleCache.noindex/_Builtin_stdint-2B6GEAHZ2WL0B10L6MPU6V0T8.pcm

SwiftExplicitDependencyGeneratePcm arm64 /tmp/review-today-health-build/ModuleCache.noindex/sys_types-A07WAF2QE0SRV06TK7ZXKOLJQ.pcm

SwiftExplicitDependencyGeneratePcm arm64 /tmp/review-today-health-build/ModuleCache.noindex/_Builtin_tgmath-7R782LWY6PW6WJVEHXWYZS4T9.pcm

SwiftExplicitDependencyGeneratePcm arm64 /tmp/review-today-health-build/ModuleCache.noindex/OpenGL-1CO9UENVNBHNMTQGF7IKV3FXV.pcm

SwiftExplicitDependencyGeneratePcm arm64 /tmp/review-today-health-build/ModuleCache.noindex/_DarwinFoundation3-BBFQ40AA1W4BWBZOC82ZOOOIF.pcm

SwiftExplicitDependencyGeneratePcm arm64 /tmp/review-today-health-build/ModuleCache.noindex/_Builtin_stdatomic-5CZTRX5UEWP6Z6NG3D3PUDY8W.pcm

SwiftExplicitDependencyGeneratePcm arm64 /tmp/review-today-health-build/ModuleCache.noindex/libDER-7ZOQVPSLT5Z79ZVEX1KKDANKQ.pcm

SwiftExplicitDependencyGeneratePcm arm64 /tmp/review-today-health-build/ModuleCache.noindex/_Builtin_intrinsics-7TDFF3ILYA7XJOIKUTQPMZFMM.pcm

SwiftExplicitDependencyGeneratePcm arm64 /tmp/review-today-health-build/ModuleCache.noindex/_Builtin_inttypes-31Y55PN1C8QQ0QWQ1WXYCI15A.pcm

SwiftExplicitDependencyGeneratePcm arm64 /tmp/review-today-health-build/ModuleCache.noindex/Darwin-AX3IB5SJ354JSONFJOV068MGJ.pcm

SwiftExplicitDependencyGeneratePcm arm64 /tmp/review-today-health-build/ModuleCache.noindex/simd-2C8LFWRZZ7YHD01RVN62ZXXWB.pcm

SwiftExplicitDependencyGeneratePcm arm64 /tmp/review-today-health-build/ModuleCache.noindex/libkern-BYN5329RBG96NN9YSXPW3DDQG.pcm

SwiftExplicitDependencyGeneratePcm arm64 /tmp/review-today-health-build/ModuleCache.noindex/MachO-1BEYY6WF1RTDAHU7T0M7FF7G8.pcm

SwiftExplicitDependencyGeneratePcm arm64 /tmp/review-today-health-build/ModuleCache.noindex/launch-C2XITZUHME9OHIMR5PFCLY11T.pcm

SwiftExplicitDependencyGeneratePcm arm64 /tmp/review-today-health-build/ModuleCache.noindex/CUPS-2DD72DDFLOO4Z79P0JW6WHT49.pcm

SwiftExplicitDependencyGeneratePcm arm64 /tmp/review-today-health-build/ModuleCache.noindex/Spatial-BVRQESU1YKQRLSKPC9V6HY25M.pcm

SwiftExplicitDependencyGeneratePcm arm64 /tmp/review-today-health-build/ModuleCache.noindex/ObjectiveC-84ZZ2CVMOVLE5MW8TMC64UIG9.pcm

SwiftExplicitDependencyGeneratePcm arm64 /tmp/review-today-health-build/ModuleCache.noindex/os_object-EEZBTHGHZRE2RTTONKFH9GRR6.pcm

SwiftExplicitDependencyGeneratePcm arm64 /tmp/review-today-health-build/ModuleCache.noindex/os_workgroup-6WYKU0XOFDS8M127A2S6M9FR8.pcm

SwiftExplicitDependencyGeneratePcm arm64 /tmp/review-today-health-build/ModuleCache.noindex/Dispatch-38I1YBJ9MVXSGDOA6Z9KACNJL.pcm

SwiftExplicitDependencyGeneratePcm arm64 /tmp/review-today-health-build/ModuleCache.noindex/XPC-74AJT73KN50X0NK28TTNOIEO3.pcm

SwiftExplicitDependencyGeneratePcm arm64 /tmp/review-today-health-build/ModuleCache.noindex/dnssd-E7RUX9OBEV24KHOT4UPEMHVBE.pcm

SwiftExplicitDependencyGeneratePcm arm64 /tmp/review-today-health-build/ModuleCache.noindex/CoreFoundation-DCGIL6AFN09FPJYFN1CG7Z6JN.pcm

SwiftExplicitDependencyGeneratePcm arm64 /tmp/review-today-health-build/ModuleCache.noindex/os-5SQXZ3190ENKB8N2VJEEX05CM.pcm

SwiftExplicitDependencyGeneratePcm arm64 /tmp/review-today-health-build/ModuleCache.noindex/CFNetwork-BL03ENRFQMN6EXYLJW47NQK4W.pcm

SwiftExplicitDependencyGeneratePcm arm64 /tmp/review-today-health-build/ModuleCache.noindex/ColorSync-7SXHJWE7J0DI17UBLRQOOAZOW.pcm

SwiftExplicitDependencyGeneratePcm arm64 /tmp/review-today-health-build/ModuleCache.noindex/IOKit-BZXUUE9E5YHA94XNYMKUOG5HK.pcm

SwiftExplicitDependencyGeneratePcm arm64 /tmp/review-today-health-build/ModuleCache.noindex/Security-7TFP0HMFTLLIS43QWUT6GE1R0.pcm

SwiftExplicitDependencyGeneratePcm arm64 /tmp/review-today-health-build/ModuleCache.noindex/CoreAudioTypes-9EGAAA4OQCDIQY883DZL95OSX.pcm

SwiftExplicitDependencyGeneratePcm arm64 /tmp/review-today-health-build/ModuleCache.noindex/CoreGraphics-ABM5I1GULGCOEIL207UDMKAMV.pcm

SwiftExplicitDependencyGeneratePcm arm64 /tmp/review-today-health-build/ModuleCache.noindex/DiskArbitration-1LJS0JI1MG7R1SYXOGK0ZVGXT.pcm

SwiftExplicitDependencyGeneratePcm arm64 /tmp/review-today-health-build/ModuleCache.noindex/CoreServices-2PB5OOE3NPOM2G9AZ445BX1GC.pcm

SwiftExplicitDependencyGeneratePcm arm64 /tmp/review-today-health-build/ModuleCache.noindex/CoreText-7F7CK14CLJXLK5SKZ99KKA1OX.pcm

SwiftExplicitDependencyGeneratePcm arm64 /tmp/review-today-health-build/ModuleCache.noindex/ImageIO-92HR2FCLCOJ88EFWXY8BE20BO.pcm

SwiftExplicitDependencyGeneratePcm arm64 /tmp/review-today-health-build/ModuleCache.noindex/Foundation-4G8TOO5VAR5YR1LDMIQKQYX3B.pcm

SwiftExplicitDependencyGeneratePcm arm64 /tmp/review-today-health-build/ModuleCache.noindex/ApplicationServices-7IKEFL4F1RKR2BDLN0CY85GT.pcm

SwiftExplicitDependencyGeneratePcm arm64 /tmp/review-today-health-build/ModuleCache.noindex/OSLog-DMRBHC1YJ03A82GL6HFG0MZ5P.pcm

SwiftExplicitDependencyGeneratePcm arm64 /tmp/review-today-health-build/ModuleCache.noindex/Network-49R1YRWMJDG2AO68I7DTYY9SX.pcm

SwiftExplicitDependencyGeneratePcm arm64 /tmp/review-today-health-build/ModuleCache.noindex/CoreMIDI-CF57TOI5T11S7OJ4KGXM932G8.pcm

SwiftExplicitDependencyGeneratePcm arm64 /tmp/review-today-health-build/ModuleCache.noindex/CoreData-5KZSSNDB815TUU3NYK4E3OYEQ.pcm

SwiftExplicitDependencyGeneratePcm arm64 /tmp/review-today-health-build/ModuleCache.noindex/Accessibility-7I65DA04T5F47GVSKH8QHQFSQ.pcm

SwiftExplicitDependencyGeneratePcm arm64 /tmp/review-today-health-build/ModuleCache.noindex/DataDetection-BMTKHZKE492R3QO5BH26WJLNM.pcm

SwiftExplicitDependencyGeneratePcm arm64 /tmp/review-today-health-build/ModuleCache.noindex/JavaScriptCore-F05C81X8PT720LD88RTOCIJU.pcm

SwiftExplicitDependencyGeneratePcm arm64 /tmp/review-today-health-build/ModuleCache.noindex/Symbols-24J2IIYF3YU70TBIYJKM41R4I.pcm

SwiftExplicitDependencyGeneratePcm arm64 /tmp/review-today-health-build/ModuleCache.noindex/IOSurface-D3DW2NJJAJ74QOQLB1QIXDV6J.pcm

SwiftExplicitDependencyGeneratePcm arm64 /tmp/review-today-health-build/ModuleCache.noindex/NaturalLanguage-A60Q8IXT94DFY4F7D3A7ZB37O.pcm

SwiftExplicitDependencyGeneratePcm arm64 /tmp/review-today-health-build/ModuleCache.noindex/UniformTypeIdentifiers-C0NB90BR14NZALRPY4JZ8V66A.pcm

SwiftExplicitDependencyGeneratePcm arm64 /tmp/review-today-health-build/ModuleCache.noindex/CoreTransferable-2S1JM8XEP9ODCHFKOTZC29S7P.pcm

SwiftExplicitDependencyGeneratePcm arm64 /tmp/review-today-health-build/ModuleCache.noindex/CoreAudio-46NQ3ZXJ740E10ZKGISIU0R2B.pcm

SwiftExplicitDependencyGeneratePcm arm64 /tmp/review-today-health-build/ModuleCache.noindex/ModelIO-6CWVQPK3UGB6L716RWHP2LPR3.pcm

SwiftExplicitDependencyGeneratePcm arm64 /tmp/review-today-health-build/ModuleCache.noindex/Metal-7VPRV4TKZEHRPLSTQKD85EVA5.pcm

SwiftExplicitDependencyGeneratePcm arm64 /tmp/review-today-health-build/ModuleCache.noindex/UserNotifications-2X6PYL9YADWQ2O9GOIICDBQ7B.pcm

SwiftExplicitDependencyGeneratePcm arm64 /tmp/review-today-health-build/ModuleCache.noindex/Carbon-552AIOGP8HTD2JZH8438PRB44.pcm

SwiftExplicitDependencyGeneratePcm arm64 /tmp/review-today-health-build/ModuleCache.noindex/CoreVideo-9VMDB1HI4SZM3IIIZ1EPY69WY.pcm

SwiftExplicitDependencyGeneratePcm arm64 /tmp/review-today-health-build/ModuleCache.noindex/AudioToolbox-9H98XH3VJ529GOEIOW6KW5AHY.pcm

SwiftExplicitDependencyGeneratePcm arm64 /tmp/review-today-health-build/ModuleCache.noindex/CoreImage-V61BP5KHITSL9HXAACBVIHUV.pcm

SwiftExplicitDependencyGeneratePcm arm64 /tmp/review-today-health-build/ModuleCache.noindex/CoreMedia-VQWMM9BTS9VXDPP6SB9ZY2ZM.pcm

SwiftExplicitDependencyGeneratePcm arm64 /tmp/review-today-health-build/ModuleCache.noindex/QuartzCore-56Y0VZLH0KNQS764MLNQFX3DJ.pcm

SwiftExplicitDependencyGeneratePcm arm64 /tmp/review-today-health-build/ModuleCache.noindex/SwiftUICore-20M9W71ZQS9XCO203EW4AQFS0.pcm

SwiftExplicitDependencyGeneratePcm arm64 /tmp/review-today-health-build/ModuleCache.noindex/AppKit-6BW1BX3EM184UJQVSYGHN374E.pcm

SwiftExplicitDependencyGeneratePcm arm64 /tmp/review-today-health-build/ModuleCache.noindex/AVFAudio-CQHND9RJC0LQPGX5450GWSIBH.pcm

SwiftExplicitDependencyGeneratePcm arm64 /tmp/review-today-health-build/ModuleCache.noindex/MediaToolbox-9AYUFJSPZOW1SUNGU06T47DAE.pcm

SwiftExplicitDependencyGeneratePcm arm64 /tmp/review-today-health-build/ModuleCache.noindex/AVFoundation-EHW1Q0O9O9YOGYD74GSTYSV9W.pcm

SwiftExplicitDependencyGeneratePcm arm64 /tmp/review-today-health-build/ModuleCache.noindex/Cocoa-EZV4750UMUDY23NFU3SBQPRKX.pcm

SwiftExplicitDependencyGeneratePcm arm64 /tmp/review-today-health-build/ModuleCache.noindex/WebKit-8EL78Z752X8FIW3UQRY6Y3DLE.pcm

SwiftExplicitDependencyGeneratePcm arm64 /tmp/review-today-health-build/ModuleCache.noindex/GLKit-BP7FW5V32PHOGV6RPUDTL1ENN.pcm

SwiftExplicitDependencyGeneratePcm arm64 /tmp/review-today-health-build/ModuleCache.noindex/SwiftUI-9B504IRQCMYXE4T75VL7NFK4E.pcm

SwiftExplicitDependencyGeneratePcm arm64 /tmp/review-today-health-build/ModuleCache.noindex/SpriteKit-8L8VPOPMQTJ6IASGCIKU1UT2C.pcm

SwiftCompile normal arm64 Compiling\ ActivityDayGrid.swift,\ AgentAPI.swift,\ AgentComposerStore.swift,\ AgentServiceMonitor.swift,\ AnswerDocument.swift,\ AnswerReadabilitySamples.swift,\ AppRuntime.swift,\ AppSidebar.swift,\ ArchivedConversations.swift,\ BrandMark.swift,\ BrandMaterialTrial.swift,\ BrandTypography.swift,\ CaptureProcessor.swift,\ CoachMark.swift,\ ComposerControlsLayout.swift,\ ComposerKnowledgePicker.swift,\ ContentView.swift,\ ContextCapacityIndicator.swift,\ ConversationCheckpoint.swift,\ ConversationModels.swift,\ ConversationProcessor.swift,\ ConversationSync.swift,\ ConversationWorkSnapshot.swift,\ DeckRenderProbe.swift,\ DepthCarousel.swift,\ DictationController.swift,\ Fsrs.swift,\ GlassPreviewStyle.swift,\ HarnessProcessor.swift,\ InteractionChrome.swift,\ KnowledgeCardReader.swift,\ KnowledgeDeckInput.swift,\ KnowledgeDeckNavigation.swift,\ KnowledgeIngestion.swift,\ KnowledgeLexicon.swift,\ KnowledgeLibrary.swift,\ KnowledgeLocator.swift,\ KnowledgeManagement.swift,\ LearningAnswerText.swift,\ LearningComposerInput.swift,\ LearningDraftStore.swift,\ LearningMemory.swift,\ LearningSessionActions.swift,\ LearningSessionProgress.swift,\ LearningTaskCard.swift,\ LearningTextInput.swift,\ LearningWorkspace.swift,\ LibraryInboxSettings.swift,\ M1DebugFixture.swift,\ MascotAnimationPOC.swift,\ MascotMotion.swift,\ MascotMotionPreview.swift,\ MascotSpeechDemoController.swift,\ MessageDeliveryPresentation.swift,\ Models.swift,\ MrBPresentation.swift,\ NavigationPerformance.swift,\ ReminderNotifications.swift,\ Review_TodayApp.swift,\ ReviewCoordinator.swift,\ ReviewMaintenance.swift,\ ReviewView.swift,\ RunFeedbackViews.swift,\ RunwayChrome.swift,\ SessionActivityStatus.swift,\ SessionDeletion.swift,\ SessionListSelection.swift,\ SessionOrganization.swift,\ SessionTagEditor.swift,\ SidebarNavigation.swift,\ SidebarWindowControls.swift,\ ThemeToggle.swift,\ TodayActivityHeatmap.swift,\ TodayActivitySnapshot.swift,\ TodayActivitySource.swift,\ TodayView.swift,\ UserLanguage.swift,\ VoiceRecorder.swift,\ GeneratedAssetSymbols.swift /Users/rexyoung/Desktop/vibe\ coding/Review_Today/Review_Today/ActivityDayGrid.swift /Users/rexyoung/Desktop/vibe\ coding/Review_Today/Review_Today/AgentAPI.swift /Users/rexyoung/Desktop/vibe\ coding/Review_Today/Review_Today/AgentComposerStore.swift /Users/rexyoung/Desktop/vibe\ coding/Review_Today/Review_Today/AgentServiceMonitor.swift /Users/rexyoung/Desktop/vibe\ coding/Review_Today/Review_Today/AnswerDocument.swift /Users/rexyoung/Desktop/vibe\ coding/Review_Today/Review_Today/AnswerReadabilitySamples.swift /Users/rexyoung/Desktop/vibe\ coding/Review_Today/Review_Today/AppRuntime.swift /Users/rexyoung/Desktop/vibe\ coding/Review_Today/Review_Today/AppSidebar.swift /Users/rexyoung/Desktop/vibe\ coding/Review_Today/Review_Today/ArchivedConversations.swift /Users/rexyoung/Desktop/vibe\ coding/Review_Today/Review_Today/BrandMark.swift /Users/rexyoung/Desktop/vibe\ coding/Review_Today/Review_Today/BrandMaterialTrial.swift /Users/rexyoung/Desktop/vibe\ coding/Review_Today/Review_Today/BrandTypography.swift /Users/rexyoung/Desktop/vibe\ coding/Review_Today/Review_Today/CaptureProcessor.swift /Users/rexyoung/Desktop/vibe\ coding/Review_Today/Review_Today/CoachMark.swift /Users/rexyoung/Desktop/vibe\ coding/Review_Today/Review_Today/ComposerControlsLayout.swift /Users/rexyoung/Desktop/vibe\ coding/Review_Today/Review_Today/ComposerKnowledgePicker.swift /Users/rexyoung/Desktop/vibe\ coding/Review_Today/Review_Today/ContentView.swift /Users/rexyoung/Desktop/vibe\ coding/Review_Today/Review_Today/ContextCapacityIndicator.swift /Users/rexyoung/Desktop/vibe\ coding/Review_Today/Review_Today/ConversationCheckpoint.swift /Users/rexyoung/Desktop/vibe\ coding/Review_Today/Review_Today/ConversationModels.swift /Users/rexyoung/Desktop/vibe\ coding/Review_Today/Review_Today/ConversationProcessor.swift /Users/rexyoung/Desktop/vibe\ coding/Review_Today/Review_Today/ConversationSync.swift /Users/rexyoung/Desktop/vibe\ coding/Review_Today/Review_Today/ConversationWorkSnapshot.swift /Users/rexyoung/Desktop/vibe\ coding/Review_Today/Review_Today/DeckRenderProbe.swift /Users/rexyoung/Desktop/vibe\ coding/Review_Today/Review_Today/DepthCarousel.swift /Users/rexyoung/Desktop/vibe\ coding/Review_Today/Review_Today/DictationController.swift /Users/rexyoung/Desktop/vibe\ coding/Review_Today/Review_Today/Fsrs.swift /Users/rexyoung/Desktop/vibe\ coding/Review_Today/Review_Today/GlassPreviewStyle.swift /Users/rexyoung/Desktop/vibe\ coding/Review_Today/Review_Today/HarnessProcessor.swift /Users/rexyoung/Desktop/vibe\ coding/Review_Today/Review_Today/InteractionChrome.swift /Users/rexyoung/Desktop/vibe\ coding/Review_Today/Review_Today/KnowledgeCardReader.swift /Users/rexyoung/Desktop/vibe\ coding/Review_Today/Review_Today/KnowledgeDeckInput.swift /Users/rexyoung/Desktop/vibe\ coding/Review_Today/Review_Today/KnowledgeDeckNavigation.swift /Users/rexyoung/Desktop/vibe\ coding/Review_Today/Review_Today/KnowledgeIngestion.swift /Users/rexyoung/Desktop/vibe\ coding/Review_Today/Review_Today/KnowledgeLexicon.swift /Users/rexyoung/Desktop/vibe\ coding/Review_Today/Review_Today/KnowledgeLibrary.swift /Users/rexyoung/Desktop/vibe\ coding/Review_Today/Review_Today/KnowledgeLocator.swift /Users/rexyoung/Desktop/vibe\ coding/Review_Today/Review_Today/KnowledgeManagement.swift /Users/rexyoung/Desktop/vibe\ coding/Review_Today/Review_Today/LearningAnswerText.swift /Users/rexyoung/Desktop/vibe\ coding/Review_Today/Review_Today/LearningComposerInput.swift /Users/rexyoung/Desktop/vibe\ coding/Review_Today/Review_Today/LearningDraftStore.swift /Users/rexyoung/Desktop/vibe\ coding/Review_Today/Review_Today/LearningMemory.swift /Users/rexyoung/Desktop/vibe\ coding/Review_Today/Review_Today/LearningSessionActions.swift /Users/rexyoung/Desktop/vibe\ coding/Review_Today/Review_Today/LearningSessionProgress.swift /Users/rexyoung/Desktop/vibe\ coding/Review_Today/Review_Today/LearningTaskCard.swift /Users/rexyoung/Desktop/vibe\ coding/Review_Today/Review_Today/LearningTextInput.swift /Users/rexyoung/Desktop/vibe\ coding/Review_Today/Review_Today/LearningWorkspace.swift /Users/rexyoung/Desktop/vibe\ coding/Review_Today/Review_Today/LibraryInboxSettings.swift /Users/rexyoung/Desktop/vibe\ coding/Review_Today/Review_Today/M1DebugFixture.swift /Users/rexyoung/Desktop/vibe\ coding/Review_Today/Review_Today/MascotAnimationPOC.swift /Users/rexyoung/Desktop/vibe\ coding/Review_Today/Review_Today/MascotMotion.swift /Users/rexyoung/Desktop/vibe\ coding/Review_Today/Review_Today/MascotMotionPreview.swift /Users/rexyoung/Desktop/vibe\ coding/Review_Today/Review_Today/MascotSpeechDemoController.swift /Users/rexyoung/Desktop/vibe\ coding/Review_Today/Review_Today/MessageDeliveryPresentation.swift /Users/rexyoung/Desktop/vibe\ coding/Review_Today/Review_Today/Models.swift /Users/rexyoung/Desktop/vibe\ coding/Review_Today/Review_Today/MrBPresentation.swift /Users/rexyoung/Desktop/vibe\ coding/Review_Today/Review_Today/NavigationPerformance.swift /Users/rexyoung/Desktop/vibe\ coding/Review_Today/Review_Today/ReminderNotifications.swift /Users/rexyoung/Desktop/vibe\ coding/Review_Today/Review_Today/Review_TodayApp.swift /Users/rexyoung/Desktop/vibe\ coding/Review_Today/Review_Today/ReviewCoordinator.swift /Users/rexyoung/Desktop/vibe\ coding/Review_Today/Review_Today/ReviewMaintenance.swift /Users/rexyoung/Desktop/vibe\ coding/Review_Today/Review_Today/ReviewView.swift /Users/rexyoung/Desktop/vibe\ coding/Review_Today/Review_Today/RunFeedbackViews.swift /Users/rexyoung/Desktop/vibe\ coding/Review_Today/Review_Today/RunwayChrome.swift /Users/rexyoung/Desktop/vibe\ coding/Review_Today/Review_Today/SessionActivityStatus.swift /Users/rexyoung/Desktop/vibe\ coding/Review_Today/Review_Today/SessionDeletion.swift /Users/rexyoung/Desktop/vibe\ coding/Review_Today/Review_Today/SessionListSelection.swift /Users/rexyoung/Desktop/vibe\ coding/Review_Today/Review_Today/SessionOrganization.swift /Users/rexyoung/Desktop/vibe\ coding/Review_Today/Review_Today/SessionTagEditor.swift /Users/rexyoung/Desktop/vibe\ coding/Review_Today/Review_Today/SidebarNavigation.swift /Users/rexyoung/Desktop/vibe\ coding/Review_Today/Review_Today/SidebarWindowControls.swift /Users/rexyoung/Desktop/vibe\ coding/Review_Today/Review_Today/ThemeToggle.swift /Users/rexyoung/Desktop/vibe\ coding/Review_Today/Review_Today/TodayActivityHeatmap.swift /Users/rexyoung/Desktop/vibe\ coding/Review_Today/Review_Today/TodayActivitySnapshot.swift /Users/rexyoung/Desktop/vibe\ coding/Review_Today/Review_Today/TodayActivitySource.swift /Users/rexyoung/Desktop/vibe\ coding/Review_Today/Review_Today/TodayView.swift /Users/rexyoung/Desktop/vibe\ coding/Review_Today/Review_Today/UserLanguage.swift /Users/rexyoung/Desktop/vibe\ coding/Review_Today/Review_Today/VoiceRecorder.swift /tmp/review-today-health-build/Build/Intermediates.noindex/Review_Today.build/Debug/Review_Today.build/DerivedSources/GeneratedAssetSymbols.swift /Applications/Xcode.app/Contents/Developer/Toolchains/XcodeDefault.xctoolchain/usr/lib/swift/macosx/prebuilt-modules/26.5/_WebKit_SwiftUI.swiftmodule/arm64e-apple-macos.swiftmodule /Applications/Xcode.app/Contents/Developer/Toolchains/XcodeDefault.xctoolchain/usr/lib/swift/macosx/prebuilt-modules/26.5/OSLog.swiftmodule/arm64e-apple-macos.swiftmodule /Applications/Xcode.app/Contents/Developer/Toolchains/XcodeDefault.xctoolchain/usr/lib/swift/macosx/prebuilt-modules/26.5/ModelIO.swiftmodule/arm64e-apple-macos.swiftmodule /Applications/Xcode.app/Contents/Developer/Toolchains/XcodeDefault.xctoolchain/usr/lib/swift/macosx/prebuilt-modules/26.5/Distributed.swiftmodule/arm64e-apple-macos.swiftmodule /Applications/Xcode.app/Contents/Developer/Toolchains/XcodeDefault.xctoolchain/usr/lib/swift/macosx/prebuilt-modules/26.5/QuartzCore.swiftmodule/arm64e-apple-macos.swiftmodule /Applications/Xcode.app/Contents/Developer/Toolchains/XcodeDefault.xctoolchain/usr/lib/swift/macosx/prebuilt-modules/26.5/CoreMedia.swiftmodule/arm64e-apple-macos.swiftmodule /Applications/Xcode.app/Contents/Developer/Toolchains/XcodeDefault.xctoolchain/usr/lib/swift/macosx/prebuilt-modules/26.5/_DarwinFoundation1.swiftmodule/arm64e-apple-macos.swiftmodule /Applications/Xcode.app/Contents/Developer/Toolchains/XcodeDefault.xctoolchain/usr/lib/swift/macosx/prebuilt-modules/26.5/NaturalLanguage.swiftmodule/arm64e-apple-macos.swiftmodule /Applications/Xcode.app/Contents/Developer/Toolchains/XcodeDefault.xctoolchain/usr/lib/swift/macosx/prebuilt-modules/26.5/SpriteKit.swiftmodule/arm64e-apple-macos.swiftmodule /Applications/Xcode.app/Contents/Developer/Toolchains/XcodeDefault.xctoolchain/usr/lib/swift/macosx/prebuilt-modules/26.5/Spatial.swiftmodule/arm64e-apple-macos.swiftmodule /Applications/Xcode.app/Contents/Developer/Toolchains/XcodeDefault.xctoolchain/usr/lib/swift/macosx/prebuilt-modules/26.5/XPC.swiftmodule/arm64e-apple-macos.swiftmodule /Applications/Xcode.app/Contents/Developer/Toolchains/XcodeDefault.xctoolchain/usr/lib/swift/macosx/prebuilt-modules/26.5/_Concurrency.swiftmodule/arm64e-apple-macos.swiftmodule /Applications/Xcode.app/Contents/Developer/Toolchains/XcodeDefault.xctoolchain/usr/lib/swift/macosx/prebuilt-modules/26.5/CoreTransferable.swiftmodule/arm64e-apple-macos.swiftmodule /Applications/Xcode.app/Contents/Developer/Toolchains/XcodeDefault.xctoolchain/usr/lib/swift/macosx/prebuilt-modules/26.5/ObjectiveC.swiftmodule/arm64e-apple-macos.swiftmodule /Applications/Xcode.app/Contents/Developer/Toolchains/XcodeDefault.xctoolchain/usr/lib/swift/macosx/prebuilt-modules/26.5/Darwin.swiftmodule/arm64e-apple-macos.swiftmodule /Applications/Xcode.app/Contents/Developer/Toolchains/XcodeDefault.xctoolchain/usr/lib/swift/macosx/prebuilt-modules/26.5/WebKit.swiftmodule/arm64e-apple-macos.swiftmodule /Applications/Xcode.app/Contents/Developer/Toolchains/XcodeDefault.xctoolchain/usr/lib/swift/macosx/prebuilt-modules/26.5/_StringProcessing.swiftmodule/arm64e-apple-macos.swiftmodule /Applications/Xcode.app/Contents/Developer/Toolchains/XcodeDefault.xctoolchain/usr/lib/swift/macosx/prebuilt-modules/26.5/_DarwinFoundation3.swiftmodule/arm64e-apple-macos.swiftmodule /Applications/Xcode.app/Contents/Developer/Toolchains/XcodeDefault.xctoolchain/usr/lib/swift/macosx/prebuilt-modules/26.5/Dispatch.swiftmodule/arm64e-apple-macos.swiftmodule /Applications/Xcode.app/Contents/Developer/Toolchains/XcodeDefault.xctoolchain/usr/lib/swift/macosx/prebuilt-modules/26.5/AudioToolbox.swiftmodule/arm64e-apple-macos.swiftmodule /Applications/Xcode.app/Contents/Developer/Toolchains/XcodeDefault.xctoolchain/usr/lib/swift/macosx/prebuilt-modules/26.5/_DarwinFoundation2.swiftmodule/arm64e-apple-macos.swiftmodule /Applications/Xcode.app/Contents/Developer/Toolchains/XcodeDefault.xctoolchain/usr/lib/swift/macosx/prebuilt-modules/26.5/GLKit.swiftmodule/arm64e-apple-macos.swiftmodule /Applications/Xcode.app/Contents/Developer/Toolchains/XcodeDefault.xctoolchain/usr/lib/swift/macosx/prebuilt-modules/26.5/simd.swiftmodule/arm64e-apple-macos.swiftmodule /Applications/Xcode.app/Contents/Developer/Toolchains/XcodeDefault.xctoolchain/usr/lib/swift/macosx/prebuilt-modules/26.5/Foundation.swiftmodule/arm64e-apple-macos.swiftmodule /Applications/Xcode.app/Contents/Developer/Toolchains/XcodeDefault.xctoolchain/usr/lib/swift/macosx/prebuilt-modules/26.5/Observation.swiftmodule/arm64e-apple-macos.swiftmodule /Applications/Xcode.app/Contents/Developer/Toolchains/XcodeDefault.xctoolchain/usr/lib/swift/macosx/prebuilt-modules/26.5/AVFoundation.swiftmodule/arm64e-apple-macos.swiftmodule /Applications/Xcode.app/Contents/Developer/Toolchains/XcodeDefault.xctoolchain/usr/lib/swift/macosx/prebuilt-modules/26.5/SwiftUI.swiftmodule/arm64e-apple-macos.swiftmodule /Applications/Xcode.app/Contents/Developer/Toolchains/XcodeDefault.xctoolchain/usr/lib/swift/macosx/prebuilt-modules/26.5/System.swiftmodule/arm64e-apple-macos.swiftmodule /Applications/Xcode.app/Contents/Developer/Toolchains/XcodeDefault.xctoolchain/usr/lib/swift/macosx/prebuilt-modules/26.5/DeveloperToolsSupport.swiftmodule/arm64e-apple-macos.swiftmodule /Applications/Xcode.app/Contents/Developer/Toolchains/XcodeDefault.xctoolchain/usr/lib/swift/macosx/prebuilt-modules/26.5/_SpriteKit_SwiftUI.swiftmodule/arm64e-apple-macos.swiftmodule /Applications/Xcode.app/Contents/Developer/Toolchains/XcodeDefault.xctoolchain/usr/lib/swift/macosx/prebuilt-modules/26.5/Symbols.swiftmodule/arm64e-apple-macos.swiftmodule /Applications/Xcode.app/Contents/Developer/Toolchains/XcodeDefault.xctoolchain/usr/lib/swift/macosx/prebuilt-modules/26.5/SwiftData.swiftmodule/arm64e-apple-macos.swiftmodule /Applications/Xcode.app/Contents/Developer/Toolchains/XcodeDefault.xctoolchain/usr/lib/swift/macosx/prebuilt-modules/26.5/IOKit.swiftmodule/arm64e-apple-macos.swiftmodule /Applications/Xcode.app/Contents/Developer/Toolchains/XcodeDefault.xctoolchain/usr/lib/swift/macosx/prebuilt-modules/26.5/CoreGraphics.swiftmodule/arm64e-apple-macos.swiftmodule /Applications/Xcode.app/Contents/Developer/Toolchains/XcodeDefault.xctoolchain/usr/lib/swift/macosx/prebuilt-modules/26.5/AVFAudio.swiftmodule/arm64e-apple-macos.swiftmodule /Applications/Xcode.app/Contents/Developer/Toolchains/XcodeDefault.xctoolchain/usr/lib/swift/macosx/prebuilt-modules/26.5/CoreFoundation.swiftmodule/arm64e-apple-macos.swiftmodule /Applications/Xcode.app/Contents/Developer/Toolchains/XcodeDefault.xctoolchain/usr/lib/swift/macosx/prebuilt-modules/26.5/Accessibility.swiftmodule/arm64e-apple-macos.swiftmodule /Applications/Xcode.app/Contents/Developer/Toolchains/XcodeDefault.xctoolchain/usr/lib/swift/macosx/prebuilt-modules/26.5/CoreVideo.swiftmodule/arm64e-apple-macos.swiftmodule /Applications/Xcode.app/Contents/Developer/Toolchains/XcodeDefault.xctoolchain/usr/lib/swift/macosx/prebuilt-modules/26.5/AppKit.swiftmodule/arm64e-apple-macos.swiftmodule /Applications/Xcode.app/Contents/Developer/Toolchains/XcodeDefault.xctoolchain/usr/lib/swift/macosx/prebuilt-modules/26.5/Synchronization.swiftmodule/arm64e-apple-macos.swiftmodule /Applications/Xcode.app/Contents/Developer/Toolchains/XcodeDefault.xctoolchain/usr/lib/swift/macosx/prebuilt-modules/26.5/DataDetection.swiftmodule/arm64e-apple-macos.swiftmodule /Applications/Xcode.app/Contents/Developer/Toolchains/XcodeDefault.xctoolchain/usr/lib/swift/macosx/prebuilt-modules/26.5/UniformTypeIdentifiers.swiftmodule/arm64e-apple-macos.swiftmodule /Applications/Xcode.app/Contents/Developer/Toolchains/XcodeDefault.xctoolchain/usr/lib/swift/macosx/prebuilt-modules/26.5/Swift.swiftmodule/arm64e-apple-macos.swiftmodule /Applications/Xcode.app/Contents/Developer/Toolchains/XcodeDefault.xctoolchain/usr/lib/swift/macosx/prebuilt-modules/26.5/Metal.swiftmodule/arm64e-apple-macos.swiftmodule /Applications/Xcode.app/Contents/Developer/Toolchains/XcodeDefault.xctoolchain/usr/lib/swift/macosx/prebuilt-modules/26.5/CoreMIDI.swiftmodule/arm64e-apple-macos.swiftmodule /Applications/Xcode.app/Contents/Developer/Toolchains/XcodeDefault.xctoolchain/usr/lib/swift/macosx/prebuilt-modules/26.5/_Builtin_float.swiftmodule/arm64e-apple-macos.swiftmodule /Applications/Xcode.app/Contents/Developer/Toolchains/XcodeDefault.xctoolchain/usr/lib/swift/macosx/prebuilt-modules/26.5/_SwiftData_SwiftUI.swiftmodule/arm64e-apple-macos.swiftmodule /Applications/Xcode.app/Contents/Developer/Toolchains/XcodeDefault.xctoolchain/usr/lib/swift/macosx/prebuilt-modules/26.5/SwiftUICore.swiftmodule/arm64e-apple-macos.swiftmodule /Applications/Xcode.app/Contents/Developer/Toolchains/XcodeDefault.xctoolchain/usr/lib/swift/macosx/prebuilt-modules/26.5/CoreData.swiftmodule/arm64e-apple-macos.swiftmodule /Applications/Xcode.app/Contents/Developer/Toolchains/XcodeDefault.xctoolchain/usr/lib/swift/macosx/prebuilt-modules/26.5/CoreText.swiftmodule/arm64e-apple-macos.swiftmodule /Applications/Xcode.app/Contents/Developer/Toolchains/XcodeDefault.xctoolchain/usr/lib/swift/macosx/prebuilt-modules/26.5/CoreAudio.swiftmodule/arm64e-apple-macos.swiftmodule /Applications/Xcode.app/Contents/Developer/Toolchains/XcodeDefault.xctoolchain/usr/lib/swift/macosx/prebuilt-modules/26.5/os.swiftmodule/arm64e-apple-macos.swiftmodule /Applications/Xcode.app/Contents/Developer/Toolchains/XcodeDefault.xctoolchain/usr/lib/swift/macosx/prebuilt-modules/26.5/Combine.swiftmodule/arm64e-apple-macos.swiftmodule /Applications/Xcode.app/Contents/Developer/Toolchains/XcodeDefault.xctoolchain/usr/lib/swift/macosx/prebuilt-modules/26.5/CoreImage.swiftmodule/arm64e-apple-macos.swiftmodule /Applications/Xcode.app/Contents/Developer/Toolchains/XcodeDefault.xctoolchain/usr/lib/swift/macosx/prebuilt-modules/26.5/Network.swiftmodule/arm64e-apple-macos.swiftmodule /tmp/review-today-health-build/ModuleCache.noindex/DataDetection-BMTKHZKE492R3QO5BH26WJLNM.pcm /tmp/review-today-health-build/ModuleCache.noindex/MachO-1BEYY6WF1RTDAHU7T0M7FF7G8.pcm /tmp/review-today-health-build/ModuleCache.noindex/Dispatch-38I1YBJ9MVXSGDOA6Z9KACNJL.pcm /tmp/review-today-health-build/ModuleCache.noindex/_Builtin_stddef-A7FFNV0L4CM9211JK31RES4D0.pcm /tmp/review-today-health-build/ModuleCache.noindex/_DarwinFoundation1-4148UDH8G52OSU9S3WBCRHWI6.pcm /tmp/review-today-health-build/ModuleCache.noindex/MediaToolbox-9AYUFJSPZOW1SUNGU06T47DAE.pcm /tmp/review-today-health-build/ModuleCache.noindex/Cocoa-EZV4750UMUDY23NFU3SBQPRKX.pcm /tmp/review-today-health-build/ModuleCache.noindex/sys_types-A07WAF2QE0SRV06TK7ZXKOLJQ.pcm /tmp/review-today-health-build/ModuleCache.noindex/os-5SQXZ3190ENKB8N2VJEEX05CM.pcm /tmp/review-today-health-build/ModuleCache.noindex/_Builtin_stdint-2B6GEAHZ2WL0B10L6MPU6V0T8.pcm /tmp/review-today-health-build/ModuleCache.noindex/ptrcheck-BG77M5ZAOJWOKIFZS4WK22QNS.pcm /tmp/review-today-health-build/ModuleCache.noindex/Network-49R1YRWMJDG2AO68I7DTYY9SX.pcm /tmp/review-today-health-build/ModuleCache.noindex/CoreVideo-9VMDB1HI4SZM3IIIZ1EPY69WY.pcm /tmp/review-today-health-build/ModuleCache.noindex/launch-C2XITZUHME9OHIMR5PFCLY11T.pcm /tmp/review-today-health-build/ModuleCache.noindex/SwiftUI-9B504IRQCMYXE4T75VL7NFK4E.pcm /tmp/review-today-health-build/ModuleCache.noindex/DeveloperToolsSupport-8LR3JOZDJMVWOFGG72QC0339K.pcm /tmp/review-today-health-build/ModuleCache.noindex/ModelIO-6CWVQPK3UGB6L716RWHP2LPR3.pcm /tmp/review-today-health-build/ModuleCache.noindex/CoreFoundation-DCGIL6AFN09FPJYFN1CG7Z6JN.pcm /tmp/review-today-health-build/ModuleCache.noindex/os_object-EEZBTHGHZRE2RTTONKFH9GRR6.pcm /tmp/review-today-health-build/ModuleCache.noindex/CoreAudioTypes-9EGAAA4OQCDIQY883DZL95OSX.pcm /tmp/review-today-health-build/ModuleCache.noindex/ApplicationServices-7IKEFL4F1RKR2BDLN0CY85GT.pcm /tmp/review-today-health-build/ModuleCache.noindex/CoreTransferable-2S1JM8XEP9ODCHFKOTZC29S7P.pcm /tmp/review-today-health-build/ModuleCache.noindex/CoreGraphics-ABM5I1GULGCOEIL207UDMKAMV.pcm /tmp/review-today-health-build/ModuleCache.noindex/CoreServices-2PB5OOE3NPOM2G9AZ445BX1GC.pcm /tmp/review-today-health-build/ModuleCache.noindex/Symbols-24J2IIYF3YU70TBIYJKM41R4I.pcm /tmp/review-today-health-build/ModuleCache.noindex/_DarwinFoundation3-BBFQ40AA1W4BWBZOC82ZOOOIF.pcm /tmp/review-today-health-build/ModuleCache.noindex/Carbon-552AIOGP8HTD2JZH8438PRB44.pcm /tmp/review-today-health-build/ModuleCache.noindex/DiskArbitration-1LJS0JI1MG7R1SYXOGK0ZVGXT.pcm /tmp/review-today-health-build/ModuleCache.noindex/dnssd-E7RUX9OBEV24KHOT4UPEMHVBE.pcm /tmp/review-today-health-build/ModuleCache.noindex/CoreMIDI-CF57TOI5T11S7OJ4KGXM932G8.pcm /tmp/review-today-health-build/ModuleCache.noindex/CoreData-5KZSSNDB815TUU3NYK4E3OYEQ.pcm /tmp/review-today-health-build/ModuleCache.noindex/AVFoundation-EHW1Q0O9O9YOGYD74GSTYSV9W.pcm /tmp/review-today-health-build/ModuleCache.noindex/_SwiftConcurrencyShims-5KBPGNHTG68BSBJXSTORHYWGE.pcm /tmp/review-today-health-build/ModuleCache.noindex/_Builtin_stdarg-776MWTT1J4SWZIO6O9640NMYM.pcm /tmp/review-today-health-build/ModuleCache.noindex/AVFAudio-CQHND9RJC0LQPGX5450GWSIBH.pcm /tmp/review-today-health-build/ModuleCache.noindex/UniformTypeIdentifiers-C0NB90BR14NZALRPY4JZ8V66A.pcm /tmp/review-today-health-build/ModuleCache.noindex/_DarwinFoundation2-19EQ91WMR15JZS8NGP5ZN8JE8.pcm /tmp/review-today-health-build/ModuleCache.noindex/OpenGL-1CO9UENVNBHNMTQGF7IKV3FXV.pcm /tmp/review-today-health-build/ModuleCache.noindex/SwiftShims-4QSZHTOPMS3HCMKC52T1UVWSU.pcm /tmp/review-today-health-build/ModuleCache.noindex/simd-2C8LFWRZZ7YHD01RVN62ZXXWB.pcm /tmp/review-today-health-build/ModuleCache.noindex/CUPS-2DD72DDFLOO4Z79P0JW6WHT49.pcm /tmp/review-today-health-build/ModuleCache.noindex/AudioToolbox-9H98XH3VJ529GOEIOW6KW5AHY.pcm /tmp/review-today-health-build/ModuleCache.noindex/ColorSync-7SXHJWE7J0DI17UBLRQOOAZOW.pcm /tmp/review-today-health-build/ModuleCache.noindex/OSLog-DMRBHC1YJ03A82GL6HFG0MZ5P.pcm /tmp/review-today-health-build/ModuleCache.noindex/_Builtin_stdatomic-5CZTRX5UEWP6Z6NG3D3PUDY8W.pcm /tmp/review-today-health-build/ModuleCache.noindex/_Builtin_stdbool-CXUB8U98FELO96XLHQM5ADZ5O.pcm /tmp/review-today-health-build/ModuleCache.noindex/JavaScriptCore-F05C81X8PT720LD88RTOCIJU.pcm /tmp/review-today-health-build/ModuleCache.noindex/_Builtin_inttypes-31Y55PN1C8QQ0QWQ1WXYCI15A.pcm /tmp/review-today-health-build/ModuleCache.noindex/IOKit-BZXUUE9E5YHA94XNYMKUOG5HK.pcm /tmp/review-today-health-build/ModuleCache.noindex/SwiftUICore-20M9W71ZQS9XCO203EW4AQFS0.pcm /tmp/review-today-health-build/ModuleCache.noindex/UserNotifications-2X6PYL9YADWQ2O9GOIICDBQ7B.pcm /tmp/review-today-health-build/ModuleCache.noindex/XPC-74AJT73KN50X0NK28TTNOIEO3.pcm /tmp/review-today-health-build/ModuleCache.noindex/NaturalLanguage-A60Q8IXT94DFY4F7D3A7ZB37O.pcm /tmp/review-today-health-build/ModuleCache.noindex/_Builtin_tgmath-7R782LWY6PW6WJVEHXWYZS4T9.pcm /tmp/review-today-health-build/ModuleCache.noindex/_Builtin_limits-D4BX5DOFNDXO2JK93QEOY3TKH.pcm /tmp/review-today-health-build/ModuleCache.noindex/Spatial-BVRQESU1YKQRLSKPC9V6HY25M.pcm /tmp/review-today-health-build/ModuleCache.noindex/GLKit-BP7FW5V32PHOGV6RPUDTL1ENN.pcm /tmp/review-today-health-build/ModuleCache.noindex/WebKit-8EL78Z752X8FIW3UQRY6Y3DLE.pcm /tmp/review-today-health-build/ModuleCache.noindex/CFNetwork-BL03ENRFQMN6EXYLJW47NQK4W.pcm /tmp/review-today-health-build/ModuleCache.noindex/QuartzCore-56Y0VZLH0KNQS764MLNQFX3DJ.pcm /tmp/review-today-health-build/ModuleCache.noindex/_AvailabilityInternal-90XAQS6ITA70KMFNNI3XKKAOF.pcm /tmp/review-today-health-build/ModuleCache.noindex/CoreAudio-46NQ3ZXJ740E10ZKGISIU0R2B.pcm /tmp/review-today-health-build/ModuleCache.noindex/IOSurface-D3DW2NJJAJ74QOQLB1QIXDV6J.pcm /tmp/review-today-health-build/ModuleCache.noindex/Foundation-4G8TOO5VAR5YR1LDMIQKQYX3B.pcm /tmp/review-today-health-build/ModuleCache.noindex/libDER-7ZOQVPSLT5Z79ZVEX1KKDANKQ.pcm /tmp/review-today-health-build/ModuleCache.noindex/CoreMedia-VQWMM9BTS9VXDPP6SB9ZY2ZM.pcm /tmp/review-today-health-build/ModuleCache.noindex/_Builtin_float-CJ2GPU9SSTRHFWXLG0RVN77DW.pcm /tmp/review-today-health-build/ModuleCache.noindex/Accessibility-7I65DA04T5F47GVSKH8QHQFSQ.pcm /tmp/review-today-health-build/ModuleCache.noindex/SpriteKit-8L8VPOPMQTJ6IASGCIKU1UT2C.pcm /tmp/review-today-health-build/ModuleCache.noindex/_Builtin_intrinsics-7TDFF3ILYA7XJOIKUTQPMZFMM.pcm /tmp/review-today-health-build/ModuleCache.noindex/libkern-BYN5329RBG96NN9YSXPW3DDQG.pcm /tmp/review-today-health-build/ModuleCache.noindex/Darwin-AX3IB5SJ354JSONFJOV068MGJ.pcm /tmp/review-today-health-build/ModuleCache.noindex/CoreText-7F7CK14CLJXLK5SKZ99KKA1OX.pcm /tmp/review-today-health-build/ModuleCache.noindex/Security-7TFP0HMFTLLIS43QWUT6GE1R0.pcm /tmp/review-today-health-build/ModuleCache.noindex/CoreImage-V61BP5KHITSL9HXAACBVIHUV.pcm /tmp/review-today-health-build/ModuleCache.noindex/AppKit-6BW1BX3EM184UJQVSYGHN374E.pcm /tmp/review-today-health-build/ModuleCache.noindex/os_workgroup-6WYKU0XOFDS8M127A2S6M9FR8.pcm /tmp/review-today-health-build/ModuleCache.noindex/ImageIO-92HR2FCLCOJ88EFWXY8BE20BO.pcm /tmp/review-today-health-build/ModuleCache.noindex/Metal-7VPRV4TKZEHRPLSTQKD85EVA5.pcm /tmp/review-today-health-build/ModuleCache.noindex/ptrauth-61XHGE1FP7KSCP1F7E9YWS704.pcm /tmp/review-today-health-build/ModuleCache.noindex/ObjectiveC-84ZZ2CVMOVLE5MW8TMC64UIG9.pcm /tmp/review-today-health-build/Build/Intermediates.noindex/Review_Today.build/Debug/Review_Today.build/Objects-normal/arm64/Review_Today-dependencies-1.json (in target 'Review_Today' from project 'Review_Today')

CompileSwift normal arm64 (in target 'Review_Today' from project 'Review_Today')
    cd /Users/rexyoung/Desktop/vibe\ coding/Review_Today

/Users/rexyoung/Desktop/vibe coding/Review_Today/Review_Today/ContentView.swift:133:84: error: instance method 'receive(on:options:)' is not available due to missing import of defining module 'Combine'
        .onReceive(NotificationCenter.default.publisher(for: ModelContext.didSave).receive(on: RunLoop.main)) { _ in
                                                                                   ^
/Users/rexyoung/Desktop/vibe coding/Review_Today/Review_Today/ContentView.swift:4:1: note: add import of module 'Combine'

^
/Users/rexyoung/Desktop/vibe coding/Review_Today/Review_Today/ContextCapacityIndicator.swift:27:75: warning: call to main actor-isolated static method 'compact' in a synchronous nonisolated context
        return String(localized: "约 \(Self.compact(used)) / \(limit.map(Self.compact) ?? String(localized: "上限未知"))")
/Users/rexyoung/Desktop/vibe coding/Review_Today/Review_Today/ContextCapacityIndicator.swift:41:17: note: calls to static method 'compact' from outside of its actor context are implicitly asynchronous
    static func compact(_ value: Int) -> String {
                ^
/Users/rexyoung/Desktop/vibe coding/Review_Today/Review_Today/KnowledgeLexicon.swift:179:13: warning: variable 'value' was never mutated; consider changing to 'let' constant
        var value = text.trimmingCharacters(in: .whitespacesAndNewlines)
        ~~~ ^
        let
/Users/rexyoung/Desktop/vibe coding/Review_Today/Review_Today/KnowledgeLexicon.swift:219:18: warning: call to main actor-isolated static method 'parseLine' in a synchronous nonisolated context
            .map(parseLine)
                 ^
/Users/rexyoung/Desktop/vibe coding/Review_Today/Review_Today/KnowledgeLexicon.swift:222:25: note: calls to static method 'parseLine' from outside of its actor context are implicitly asynchronous
    private static func parseLine(_ line: String) -> ExplanationPiece {
                        ^
/Users/rexyoung/Desktop/vibe coding/Review_Today/Review_Today/LibraryInboxSettings.swift:166:13: warning: result of 'try?' is unused
            try? await AgentAPI.captureAction(taskId: task.id, action: "delete")
            ^~~~~~~~~~~~~~~~~~~~~~~~~~~~~~~~~~~~~~~~~~~~~~~~~~~~~~~~~~~~~~~~~~~~
/Users/rexyoung/Desktop/vibe coding/Review_Today/Review_Today/ReviewView.swift:622:25: warning: 'NSSpeechSynthesizer' was deprecated in macOS 14.0: Use AVSpeechSynthesizer in AVFoundation instead
    private var synth = NSSpeechSynthesizer()
                        ^
/Users/rexyoung/Desktop/vibe coding/Review_Today/Review_Today/ReviewView.swift:641:38: warning: 'NSSpeechSynthesizer' was deprecated in macOS 14.0: Use AVSpeechSynthesizer in AVFoundation instead
    func speechSynthesizer(_ sender: NSSpeechSynthesizer, didFinishSpeaking finishedSpeaking: Bool) {
                                     ^
/Users/rexyoung/Desktop/vibe coding/Review_Today/Review_Today/ReviewView.swift:621:46: warning: 'NSSpeechSynthesizerDelegate' was deprecated in macOS 14.0: Use AVSpeechSynthesizer in AVFoundation instead
private final class SpeechSpeaker: NSObject, NSSpeechSynthesizerDelegate {
                                             ^
/Users/rexyoung/Desktop/vibe coding/Review_Today/Review_Today/ReviewView.swift:627:15: warning: 'delegate' was deprecated in macOS 14.0: Use AVSpeechSynthesizer in AVFoundation instead
        synth.delegate = self
              ^
/Users/rexyoung/Desktop/vibe coding/Review_Today/Review_Today/ReviewView.swift:633:15: warning: 'startSpeaking' was deprecated in macOS 14.0: Use AVSpeechSynthesizer in AVFoundation instead
        synth.startSpeaking(text)
              ^
/Users/rexyoung/Desktop/vibe coding/Review_Today/Review_Today/ReviewView.swift:637:15: warning: 'stopSpeaking()' was deprecated in macOS 14.0: Use AVSpeechSynthesizer in AVFoundation instead
        synth.stopSpeaking()
              ^

Failed frontend command:
/Applications/Xcode.app/Contents/Developer/Toolchains/XcodeDefault.xctoolchain/usr/bin/swift-frontend -frontend -c /Users/rexyoung/Desktop/vibe\ coding/Review_Today/Review_Today/ActivityDayGrid.swift /Users/rexyoung/Desktop/vibe\ coding/Review_Today/Review_Today/AgentAPI.swift /Users/rexyoung/Desktop/vibe\ coding/Review_Today/Review_Today/AgentComposerStore.swift /Users/rexyoung/Desktop/vibe\ coding/Review_Today/Review_Today/AgentServiceMonitor.swift /Users/rexyoung/Desktop/vibe\ coding/Review_Today/Review_Today/AnswerDocument.swift /Users/rexyoung/Desktop/vibe\ coding/Review_Today/Review_Today/AnswerReadabilitySamples.swift /Users/rexyoung/Desktop/vibe\ coding/Review_Today/Review_Today/AppRuntime.swift /Users/rexyoung/Desktop/vibe\ coding/Review_Today/Review_Today/AppSidebar.swift /Users/rexyoung/Desktop/vibe\ coding/Review_Today/Review_Today/ArchivedConversations.swift /Users/rexyoung/Desktop/vibe\ coding/Review_Today/Review_Today/BrandMark.swift /Users/rexyoung/Desktop/vibe\ coding/Review_Today/Review_Today/BrandMaterialTrial.swift /Users/rexyoung/Desktop/vibe\ coding/Review_Today/Review_Today/BrandTypography.swift /Users/rexyoung/Desktop/vibe\ coding/Review_Today/Review_Today/CaptureProcessor.swift /Users/rexyoung/Desktop/vibe\ coding/Review_Today/Review_Today/CoachMark.swift /Users/rexyoung/Desktop/vibe\ coding/Review_Today/Review_Today/ComposerControlsLayout.swift /Users/rexyoung/Desktop/vibe\ coding/Review_Today/Review_Today/ComposerKnowledgePicker.swift /Users/rexyoung/Desktop/vibe\ coding/Review_Today/Review_Today/ContentView.swift /Users/rexyoung/Desktop/vibe\ coding/Review_Today/Review_Today/ContextCapacityIndicator.swift /Users/rexyoung/Desktop/vibe\ coding/Review_Today/Review_Today/ConversationCheckpoint.swift /Users/rexyoung/Desktop/vibe\ coding/Review_Today/Review_Today/ConversationModels.swift /Users/rexyoung/Desktop/vibe\ coding/Review_Today/Review_Today/ConversationProcessor.swift /Users/rexyoung/Desktop/vibe\ coding/Review_Today/Review_Today/ConversationSync.swift /Users/rexyoung/Desktop/vibe\ coding/Review_Today/Review_Today/ConversationWorkSnapshot.swift /Users/rexyoung/Desktop/vibe\ coding/Review_Today/Review_Today/DeckRenderProbe.swift /Users/rexyoung/Desktop/vibe\ coding/Review_Today/Review_Today/DepthCarousel.swift /Users/rexyoung/Desktop/vibe\ coding/Review_Today/Review_Today/DictationController.swift /Users/rexyoung/Desktop/vibe\ coding/Review_Today/Review_Today/Fsrs.swift /Users/rexyoung/Desktop/vibe\ coding/Review_Today/Review_Today/GlassPreviewStyle.swift /Users/rexyoung/Desktop/vibe\ coding/Review_Today/Review_Today/HarnessProcessor.swift /Users/rexyoung/Desktop/vibe\ coding/Review_Today/Review_Today/InteractionChrome.swift /Users/rexyoung/Desktop/vibe\ coding/Review_Today/Review_Today/KnowledgeCardReader.swift /Users/rexyoung/Desktop/vibe\ coding/Review_Today/Review_Today/KnowledgeDeckInput.swift /Users/rexyoung/Desktop/vibe\ coding/Review_Today/Review_Today/KnowledgeDeckNavigation.swift /Users/rexyoung/Desktop/vibe\ coding/Review_Today/Review_Today/KnowledgeIngestion.swift /Users/rexyoung/Desktop/vibe\ coding/Review_Today/Review_Today/KnowledgeLexicon.swift /Users/rexyoung/Desktop/vibe\ coding/Review_Today/Review_Today/KnowledgeLibrary.swift /Users/rexyoung/Desktop/vibe\ coding/Review_Today/Review_Today/KnowledgeLocator.swift /Users/rexyoung/Desktop/vibe\ coding/Review_Today/Review_Today/KnowledgeManagement.swift /Users/rexyoung/Desktop/vibe\ coding/Review_Today/Review_Today/LearningAnswerText.swift /Users/rexyoung/Desktop/vibe\ coding/Review_Today/Review_Today/LearningComposerInput.swift /Users/rexyoung/Desktop/vibe\ coding/Review_Today/Review_Today/LearningDraftStore.swift /Users/rexyoung/Desktop/vibe\ coding/Review_Today/Review_Today/LearningMemory.swift /Users/rexyoung/Desktop/vibe\ coding/Review_Today/Review_Today/LearningSessionActions.swift /Users/rexyoung/Desktop/vibe\ coding/Review_Today/Review_Today/LearningSessionProgress.swift /Users/rexyoung/Desktop/vibe\ coding/Review_Today/Review_Today/LearningTaskCard.swift /Users/rexyoung/Desktop/vibe\ coding/Review_Today/Review_Today/LearningTextInput.swift /Users/rexyoung/Desktop/vibe\ coding/Review_Today/Review_Today/LearningWorkspace.swift /Users/rexyoung/Desktop/vibe\ coding/Review_Today/Review_Today/LibraryInboxSettings.swift /Users/rexyoung/Desktop/vibe\ coding/Review_Today/Review_Today/M1DebugFixture.swift /Users/rexyoung/Desktop/vibe\ coding/Review_Today/Review_Today/MascotAnimationPOC.swift /Users/rexyoung/Desktop/vibe\ coding/Review_Today/Review_Today/MascotMotion.swift /Users/rexyoung/Desktop/vibe\ coding/Review_Today/Review_Today/MascotMotionPreview.swift /Users/rexyoung/Desktop/vibe\ coding/Review_Today/Review_Today/MascotSpeechDemoController.swift /Users/rexyoung/Desktop/vibe\ coding/Review_Today/Review_Today/MessageDeliveryPresentation.swift /Users/rexyoung/Desktop/vibe\ coding/Review_Today/Review_Today/Models.swift /Users/rexyoung/Desktop/vibe\ coding/Review_Today/Review_Today/MrBPresentation.swift /Users/rexyoung/Desktop/vibe\ coding/Review_Today/Review_Today/NavigationPerformance.swift /Users/rexyoung/Desktop/vibe\ coding/Review_Today/Review_Today/ReminderNotifications.swift /Users/rexyoung/Desktop/vibe\ coding/Review_Today/Review_Today/Review_TodayApp.swift /Users/rexyoung/Desktop/vibe\ coding/Review_Today/Review_Today/ReviewCoordinator.swift /Users/rexyoung/Desktop/vibe\ coding/Review_Today/Review_Today/ReviewMaintenance.swift /Users/rexyoung/Desktop/vibe\ coding/Review_Today/Review_Today/ReviewView.swift /Users/rexyoung/Desktop/vibe\ coding/Review_Today/Review_Today/RunFeedbackViews.swift /Users/rexyoung/Desktop/vibe\ coding/Review_Today/Review_Today/RunwayChrome.swift /Users/rexyoung/Desktop/vibe\ coding/Review_Today/Review_Today/SessionActivityStatus.swift /Users/rexyoung/Desktop/vibe\ coding/Review_Today/Review_Today/SessionDeletion.swift /Users/rexyoung/Desktop/vibe\ coding/Review_Today/Review_Today/SessionListSelection.swift /Users/rexyoung/Desktop/vibe\ coding/Review_Today/Review_Today/SessionOrganization.swift /Users/rexyoung/Desktop/vibe\ coding/Review_Today/Review_Today/SessionTagEditor.swift /Users/rexyoung/Desktop/vibe\ coding/Review_Today/Review_Today/SidebarNavigation.swift /Users/rexyoung/Desktop/vibe\ coding/Review_Today/Review_Today/SidebarWindowControls.swift /Users/rexyoung/Desktop/vibe\ coding/Review_Today/Review_Today/ThemeToggle.swift /Users/rexyoung/Desktop/vibe\ coding/Review_Today/Review_Today/TodayActivityHeatmap.swift /Users/rexyoung/Desktop/vibe\ coding/Review_Today/Review_Today/TodayActivitySnapshot.swift /Users/rexyoung/Desktop/vibe\ coding/Review_Today/Review_Today/TodayActivitySource.swift /Users/rexyoung/Desktop/vibe\ coding/Review_Today/Review_Today/TodayView.swift /Users/rexyoung/Desktop/vibe\ coding/Review_Today/Review_Today/UserLanguage.swift /Users/rexyoung/Desktop/vibe\ coding/Review_Today/Review_Today/VoiceRecorder.swift /tmp/review-today-health-build/Build/Intermediates.noindex/Review_Today.build/Debug/Review_Today.build/DerivedSources/GeneratedAssetSymbols.swift -supplementary-output-file-map /tmp/review-today-health-build/Build/Intermediates.noindex/Review_Today.build/Debug/Review_Today.build/Objects-normal/arm64/supplementaryOutputs-1 -emit-localized-strings -emit-localized-strings-path /tmp/review-today-health-build/Build/Intermediates.noindex/Review_Today.build/Debug/Review_Today.build/Objects-normal/arm64 -target arm64-apple-macos26.5 -module-can-import-version AppKit 2685.60.104 2685.60.104 -module-can-import-version DeveloperToolsSupport 23.40.26 23.40.26 -module-can-import-version SwiftUI 7.5.3 7.5.3 -disable-cross-import-overlay-search -swift-module-cross-import SpriteKit /Applications/Xcode.app/Contents/Developer/Platforms/MacOSX.platform/Developer/SDKs/MacOSX.sdk/System/Library/Frameworks/SpriteKit.framework/Modules/SpriteKit.swiftcrossimport/SwiftUI.swiftoverlay -swift-module-cross-import SwiftData /Applications/Xcode.app/Contents/Developer/Platforms/MacOSX.platform/Developer/SDKs/MacOSX26.5.sdk/System/Library/Frameworks/SwiftData.framework/Modules/SwiftData.swiftcrossimport/CoreData.swiftoverlay -swift-module-cross-import SwiftData /Applications/Xcode.app/Contents/Developer/Platforms/MacOSX.platform/Developer/SDKs/MacOSX26.5.sdk/System/Library/Frameworks/SwiftData.framework/Modules/SwiftData.swiftcrossimport/SwiftUI.swiftoverlay -swift-module-cross-import WebKit /Applications/Xcode.app/Contents/Developer/Platforms/MacOSX.platform/Developer/SDKs/MacOSX.sdk/System/Cryptexes/OS/System/Library/Frameworks/WebKit.framework/Modules/WebKit.swiftcrossimport/SwiftUI.swiftoverlay -swift-module-cross-import WebKit /Applications/Xcode.app/Contents/Developer/Platforms/MacOSX.platform/Developer/SDKs/MacOSX26.5.sdk/System/Library/Frameworks/WebKit.framework/Modules/WebKit.swiftcrossimport/SwiftUI.swiftoverlay -load-resolved-plugin /Applications/Xcode.app/Contents/Developer/Platforms/MacOSX.platform/Developer/usr/lib/swift/host/plugins/libFoundationMacros.dylib\#/Applications/Xcode.app/Contents/Developer/Platforms/MacOSX.platform/Developer/usr/bin/swift-plugin-server\#FoundationMacros -load-resolved-plugin /Applications/Xcode.app/Contents/Developer/Platforms/MacOSX.platform/Developer/usr/lib/swift/host/plugins/libObservationMacros.dylib\#/Applications/Xcode.app/Contents/Developer/Platforms/MacOSX.platform/Developer/usr/bin/swift-plugin-server\#ObservationMacros -load-resolved-plugin /Applications/Xcode.app/Contents/Developer/Platforms/MacOSX.platform/Developer/usr/lib/swift/host/plugins/libPreviewsMacros.dylib\#/Applications/Xcode.app/Contents/Developer/Platforms/MacOSX.platform/Developer/usr/bin/swift-plugin-server\#PreviewsMacros -load-resolved-plugin /Applications/Xcode.app/Contents/Developer/Platforms/MacOSX.platform/Developer/usr/lib/swift/host/plugins/libSwiftDataMacros.dylib\#/Applications/Xcode.app/Contents/Developer/Platforms/MacOSX.platform/Developer/usr/bin/swift-plugin-server\#SwiftDataMacros -load-resolved-plugin /Applications/Xcode.app/Contents/Developer/Platforms/MacOSX.platform/Developer/usr/lib/swift/host/plugins/libSwiftMacros.dylib\#/Applications/Xcode.app/Contents/Developer/Platforms/MacOSX.platform/Developer/usr/bin/swift-plugin-server\#SwiftMacros -load-resolved-plugin /Applications/Xcode.app/Contents/Developer/Platforms/MacOSX.platform/Developer/usr/lib/swift/host/plugins/libSwiftUIMacros.dylib\#/Applications/Xcode.app/Contents/Developer/Platforms/MacOSX.platform/Developer/usr/bin/swift-plugin-server\#SwiftUIMacros -disable-implicit-swift-modules -Xcc -fno-implicit-modules -Xcc -fno-implicit-module-maps -explicit-swift-module-map-file /tmp/review-today-health-build/Build/Intermediates.noindex/Review_Today.build/Debug/Review_Today.build/Objects-normal/arm64/Review_Today-dependencies-1.json -debug-module-path /tmp/review-today-health-build/Build/Intermediates.noindex/Review_Today.build/Debug/Review_Today.build/Objects-normal/arm64/Review_Today.swiftmodule -Xllvm -aarch64-use-tbi -enable-objc-interop -stack-check -sdk /Applications/Xcode.app/Contents/Developer/Platforms/MacOSX.platform/Developer/SDKs/MacOSX26.5.sdk -I /tmp/review-today-health-build/Build/Products/Debug -F /tmp/review-today-health-build/Build/Products/Debug -no-color-diagnostics -Xcc -fno-color-diagnostics -enable-testing -g -debug-info-format\=dwarf -dwarf-version\=5 -module-cache-path /tmp/review-today-health-build/Build/Intermediates.noindex/SwiftExplicitPrecompiledModules -swift-version 5 -O -D DEBUG -serialize-debugging-options -const-gather-protocols-file /tmp/review-today-health-build/Build/Intermediates.noindex/Review_Today.build/Debug/Review_Today.build/Objects-normal/arm64/Review_Today_const_extract_protocols.json -enable-upcoming-feature DisableOutwardActorInference -enable-upcoming-feature InferSendableFromCaptures -enable-upcoming-feature GlobalActorIsolatedTypesUsability -enable-upcoming-feature MemberImportVisibility -enable-upcoming-feature InferIsolatedConformances -enable-upcoming-feature NonisolatedNonsendingByDefault -enable-experimental-feature DebugDescriptionMacro -enable-bare-slash-regex -default-isolation\=MainActor -empty-abi-descriptor -validate-clang-modules-once -clang-build-session-file /tmp/review-today-health-build/ModuleCache.noindex/Session.modulevalidation -Xcc -working-directory -Xcc /Users/rexyoung/Desktop/vibe\ coding/Review_Today -file-compilation-dir /Users/rexyoung/Desktop/vibe\ coding/Review_Today -Xcc -D_LIBCPP_HARDENING_MODE\=_LIBCPP_HARDENING_MODE_DEBUG -Xcc -ivfsstatcache -Xcc /tmp/review-today-health-build/SDKStatCaches.noindex/macosx26.5-25F70-e082c4a02f00227109f4ed75e425c832.sdkstatcache -Xcc -I/tmp/review-today-health-build/Build/Intermediates.noindex/Review_Today.build/Debug/Review_Today.build/swift-overrides.hmap -Xcc -iquote -Xcc /tmp/review-today-health-build/Build/Intermediates.noindex/Review_Today.build/Debug/Review_Today.build/Review_Today-generated-files.hmap -Xcc -I/tmp/review-today-health-build/Build/Intermediates.noindex/Review_Today.build/Debug/Review_Today.build/Review_Today-own-target-headers.hmap -Xcc -I/tmp/review-today-health-build/Build/Intermediates.noindex/Review_Today.build/Debug/Review_Today.build/Review_Today-all-target-headers.hmap -Xcc -iquote -Xcc /tmp/review-today-health-build/Build/Intermediates.noindex/Review_Today.build/Debug/Review_Today.build/Review_Today-project-headers.hmap -Xcc -I/tmp/review-today-health-build/Build/Products/Debug/include -Xcc -I/tmp/review-today-health-build/Build/Intermediates.noindex/Review_Today.build/Debug/Review_Today.build/DerivedSources-normal/arm64 -Xcc -I/tmp/review-today-health-build/Build/Intermediates.noindex/Review_Today.build/Debug/Review_Today.build/DerivedSources/arm64 -Xcc -I/tmp/review-today-health-build/Build/Intermediates.noindex/Review_Today.build/Debug/Review_Today.build/DerivedSources -Xcc -DDEBUG\=1 -no-auto-bridging-header-chaining -module-name Review_Today -frontend-parseable-output -disable-clang-spi -clang-target arm64-apple-macos26.5 -target-sdk-version 26.5 -target-sdk-name macosx26.5 -in-process-plugin-server-path /Applications/Xcode.app/Contents/Developer/Toolchains/XcodeDefault.xctoolchain/usr/lib/swift/host/libSwiftInProcPluginServer.dylib -enable-default-cmo -num-threads 10 -o /tmp/review-today-health-build/Build/Intermediates.noindex/Review_Today.build/Debug/Review_Today.build/Objects-normal/arm64/ActivityDayGrid.o -o /tmp/review-today-health-build/Build/Intermediates.noindex/Review_Today.build/Debug/Review_Today.build/Objects-normal/arm64/AgentAPI.o -o /tmp/review-today-health-build/Build/Intermediates.noindex/Review_Today.build/Debug/Review_Today.build/Objects-normal/arm64/AgentComposerStore.o -o /tmp/review-today-health-build/Build/Intermediates.noindex/Review_Today.build/Debug/Review_Today.build/Objects-normal/arm64/AgentServiceMonitor.o -o /tmp/review-today-health-build/Build/Intermediates.noindex/Review_Today.build/Debug/Review_Today.build/Objects-normal/arm64/AnswerDocument.o -o /tmp/review-today-health-build/Build/Intermediates.noindex/Review_Today.build/Debug/Review_Today.build/Objects-normal/arm64/AnswerReadabilitySamples.o -o /tmp/review-today-health-build/Build/Intermediates.noindex/Review_Today.build/Debug/Review_Today.build/Objects-normal/arm64/AppRuntime.o -o /tmp/review-today-health-build/Build/Intermediates.noindex/Review_Today.build/Debug/Review_Today.build/Objects-normal/arm64/AppSidebar.o -o /tmp/review-today-health-build/Build/Intermediates.noindex/Review_Today.build/Debug/Review_Today.build/Objects-normal/arm64/ArchivedConversations.o -o /tmp/review-today-health-build/Build/Intermediates.noindex/Review_Today.build/Debug/Review_Today.build/Objects-normal/arm64/BrandMark.o -o /tmp/review-today-health-build/Build/Intermediates.noindex/Review_Today.build/Debug/Review_Today.build/Objects-normal/arm64/BrandMaterialTrial.o -o /tmp/review-today-health-build/Build/Intermediates.noindex/Review_Today.build/Debug/Review_Today.build/Objects-normal/arm64/BrandTypography.o -o /tmp/review-today-health-build/Build/Intermediates.noindex/Review_Today.build/Debug/Review_Today.build/Objects-normal/arm64/CaptureProcessor.o -o /tmp/review-today-health-build/Build/Intermediates.noindex/Review_Today.build/Debug/Review_Today.build/Objects-normal/arm64/CoachMark.o -o /tmp/review-today-health-build/Build/Intermediates.noindex/Review_Today.build/Debug/Review_Today.build/Objects-normal/arm64/ComposerControlsLayout.o -o /tmp/review-today-health-build/Build/Intermediates.noindex/Review_Today.build/Debug/Review_Today.build/Objects-normal/arm64/ComposerKnowledgePicker.o -o /tmp/review-today-health-build/Build/Intermediates.noindex/Review_Today.build/Debug/Review_Today.build/Objects-normal/arm64/ContentView.o -o /tmp/review-today-health-build/Build/Intermediates.noindex/Review_Today.build/Debug/Review_Today.build/Objects-normal/arm64/ContextCapacityIndicator.o -o /tmp/review-today-health-build/Build/Intermediates.noindex/Review_Today.build/Debug/Review_Today.build/Objects-normal/arm64/ConversationCheckpoint.o -o /tmp/review-today-health-build/Build/Intermediates.noindex/Review_Today.build/Debug/Review_Today.build/Objects-normal/arm64/ConversationModels.o -o /tmp/review-today-health-build/Build/Intermediates.noindex/Review_Today.build/Debug/Review_Today.build/Objects-normal/arm64/ConversationProcessor.o -o /tmp/review-today-health-build/Build/Intermediates.noindex/Review_Today.build/Debug/Review_Today.build/Objects-normal/arm64/ConversationSync.o -o /tmp/review-today-health-build/Build/Intermediates.noindex/Review_Today.build/Debug/Review_Today.build/Objects-normal/arm64/ConversationWorkSnapshot.o -o /tmp/review-today-health-build/Build/Intermediates.noindex/Review_Today.build/Debug/Review_Today.build/Objects-normal/arm64/DeckRenderProbe.o -o /tmp/review-today-health-build/Build/Intermediates.noindex/Review_Today.build/Debug/Review_Today.build/Objects-normal/arm64/DepthCarousel.o -o /tmp/review-today-health-build/Build/Intermediates.noindex/Review_Today.build/Debug/Review_Today.build/Objects-normal/arm64/DictationController.o -o /tmp/review-today-health-build/Build/Intermediates.noindex/Review_Today.build/Debug/Review_Today.build/Objects-normal/arm64/Fsrs.o -o /tmp/review-today-health-build/Build/Intermediates.noindex/Review_Today.build/Debug/Review_Today.build/Objects-normal/arm64/GlassPreviewStyle.o -o /tmp/review-today-health-build/Build/Intermediates.noindex/Review_Today.build/Debug/Review_Today.build/Objects-normal/arm64/HarnessProcessor.o -o /tmp/review-today-health-build/Build/Intermediates.noindex/Review_Today.build/Debug/Review_Today.build/Objects-normal/arm64/InteractionChrome.o -o /tmp/review-today-health-build/Build/Intermediates.noindex/Review_Today.build/Debug/Review_Today.build/Objects-normal/arm64/KnowledgeCardReader.o -o /tmp/review-today-health-build/Build/Intermediates.noindex/Review_Today.build/Debug/Review_Today.build/Objects-normal/arm64/KnowledgeDeckInput.o -o /tmp/review-today-health-build/Build/Intermediates.noindex/Review_Today.build/Debug/Review_Today.build/Objects-normal/arm64/KnowledgeDeckNavigation.o -o /tmp/review-today-health-build/Build/Intermediates.noindex/Review_Today.build/Debug/Review_Today.build/Objects-normal/arm64/KnowledgeIngestion.o -o /tmp/review-today-health-build/Build/Intermediates.noindex/Review_Today.build/Debug/Review_Today.build/Objects-normal/arm64/KnowledgeLexicon.o -o /tmp/review-today-health-build/Build/Intermediates.noindex/Review_Today.build/Debug/Review_Today.build/Objects-normal/arm64/KnowledgeLibrary.o -o /tmp/review-today-health-build/Build/Intermediates.noindex/Review_Today.build/Debug/Review_Today.build/Objects-normal/arm64/KnowledgeLocator.o -o /tmp/review-today-health-build/Build/Intermediates.noindex/Review_Today.build/Debug/Review_Today.build/Objects-normal/arm64/KnowledgeManagement.o -o /tmp/review-today-health-build/Build/Intermediates.noindex/Review_Today.build/Debug/Review_Today.build/Objects-normal/arm64/LearningAnswerText.o -o /tmp/review-today-health-build/Build/Intermediates.noindex/Review_Today.build/Debug/Review_Today.build/Objects-normal/arm64/LearningComposerInput.o -o /tmp/review-today-health-build/Build/Intermediates.noindex/Review_Today.build/Debug/Review_Today.build/Objects-normal/arm64/LearningDraftStore.o -o /tmp/review-today-health-build/Build/Intermediates.noindex/Review_Today.build/Debug/Review_Today.build/Objects-normal/arm64/LearningMemory.o -o /tmp/review-today-health-build/Build/Intermediates.noindex/Review_Today.build/Debug/Review_Today.build/Objects-normal/arm64/LearningSessionActions.o -o /tmp/review-today-health-build/Build/Intermediates.noindex/Review_Today.build/Debug/Review_Today.build/Objects-normal/arm64/LearningSessionProgress.o -o /tmp/review-today-health-build/Build/Intermediates.noindex/Review_Today.build/Debug/Review_Today.build/Objects-normal/arm64/LearningTaskCard.o -o /tmp/review-today-health-build/Build/Intermediates.noindex/Review_Today.build/Debug/Review_Today.build/Objects-normal/arm64/LearningTextInput.o -o /tmp/review-today-health-build/Build/Intermediates.noindex/Review_Today.build/Debug/Review_Today.build/Objects-normal/arm64/LearningWorkspace.o -o /tmp/review-today-health-build/Build/Intermediates.noindex/Review_Today.build/Debug/Review_Today.build/Objects-normal/arm64/LibraryInboxSettings.o -o /tmp/review-today-health-build/Build/Intermediates.noindex/Review_Today.build/Debug/Review_Today.build/Objects-normal/arm64/M1DebugFixture.o -o /tmp/review-today-health-build/Build/Intermediates.noindex/Review_Today.build/Debug/Review_Today.build/Objects-normal/arm64/MascotAnimationPOC.o -o /tmp/review-today-health-build/Build/Intermediates.noindex/Review_Today.build/Debug/Review_Today.build/Objects-normal/arm64/MascotMotion.o -o /tmp/review-today-health-build/Build/Intermediates.noindex/Review_Today.build/Debug/Review_Today.build/Objects-normal/arm64/MascotMotionPreview.o -o /tmp/review-today-health-build/Build/Intermediates.noindex/Review_Today.build/Debug/Review_Today.build/Objects-normal/arm64/MascotSpeechDemoController.o -o /tmp/review-today-health-build/Build/Intermediates.noindex/Review_Today.build/Debug/Review_Today.build/Objects-normal/arm64/MessageDeliveryPresentation.o -o /tmp/review-today-health-build/Build/Intermediates.noindex/Review_Today.build/Debug/Review_Today.build/Objects-normal/arm64/Models.o -o /tmp/review-today-health-build/Build/Intermediates.noindex/Review_Today.build/Debug/Review_Today.build/Objects-normal/arm64/MrBPresentation.o -o /tmp/review-today-health-build/Build/Intermediates.noindex/Review_Today.build/Debug/Review_Today.build/Objects-normal/arm64/NavigationPerformance.o -o /tmp/review-today-health-build/Build/Intermediates.noindex/Review_Today.build/Debug/Review_Today.build/Objects-normal/arm64/ReminderNotifications.o -o /tmp/review-today-health-build/Build/Intermediates.noindex/Review_Today.build/Debug/Review_Today.build/Objects-normal/arm64/Review_TodayApp.o -o /tmp/review-today-health-build/Build/Intermediates.noindex/Review_Today.build/Debug/Review_Today.build/Objects-normal/arm64/ReviewCoordinator.o -o /tmp/review-today-health-build/Build/Intermediates.noindex/Review_Today.build/Debug/Review_Today.build/Objects-normal/arm64/ReviewMaintenance.o -o /tmp/review-today-health-build/Build/Intermediates.noindex/Review_Today.build/Debug/Review_Today.build/Objects-normal/arm64/ReviewView.o -o /tmp/review-today-health-build/Build/Intermediates.noindex/Review_Today.build/Debug/Review_Today.build/Objects-normal/arm64/RunFeedbackViews.o -o /tmp/review-today-health-build/Build/Intermediates.noindex/Review_Today.build/Debug/Review_Today.build/Objects-normal/arm64/RunwayChrome.o -o /tmp/review-today-health-build/Build/Intermediates.noindex/Review_Today.build/Debug/Review_Today.build/Objects-normal/arm64/SessionActivityStatus.o -o /tmp/review-today-health-build/Build/Intermediates.noindex/Review_Today.build/Debug/Review_Today.build/Objects-normal/arm64/SessionDeletion.o -o /tmp/review-today-health-build/Build/Intermediates.noindex/Review_Today.build/Debug/Review_Today.build/Objects-normal/arm64/SessionListSelection.o -o /tmp/review-today-health-build/Build/Intermediates.noindex/Review_Today.build/Debug/Review_Today.build/Objects-normal/arm64/SessionOrganization.o -o /tmp/review-today-health-build/Build/Intermediates.noindex/Review_Today.build/Debug/Review_Today.build/Objects-normal/arm64/SessionTagEditor.o -o /tmp/review-today-health-build/Build/Intermediates.noindex/Review_Today.build/Debug/Review_Today.build/Objects-normal/arm64/SidebarNavigation.o -o /tmp/review-today-health-build/Build/Intermediates.noindex/Review_Today.build/Debug/Review_Today.build/Objects-normal/arm64/SidebarWindowControls.o -o /tmp/review-today-health-build/Build/Intermediates.noindex/Review_Today.build/Debug/Review_Today.build/Objects-normal/arm64/ThemeToggle.o -o /tmp/review-today-health-build/Build/Intermediates.noindex/Review_Today.build/Debug/Review_Today.build/Objects-normal/arm64/TodayActivityHeatmap.o -o /tmp/review-today-health-build/Build/Intermediates.noindex/Review_Today.build/Debug/Review_Today.build/Objects-normal/arm64/TodayActivitySnapshot.o -o /tmp/review-today-health-build/Build/Intermediates.noindex/Review_Today.build/Debug/Review_Today.build/Objects-normal/arm64/TodayActivitySource.o -o /tmp/review-today-health-build/Build/Intermediates.noindex/Review_Today.build/Debug/Review_Today.build/Objects-normal/arm64/TodayView.o -o /tmp/review-today-health-build/Build/Intermediates.noindex/Review_Today.build/Debug/Review_Today.build/Objects-normal/arm64/UserLanguage.o -o /tmp/review-today-health-build/Build/Intermediates.noindex/Review_Today.build/Debug/Review_Today.build/Objects-normal/arm64/VoiceRecorder.o -o /tmp/review-today-health-build/Build/Intermediates.noindex/Review_Today.build/Debug/Review_Today.build/Objects-normal/arm64/GeneratedAssetSymbols.o -index-unit-output-path /Review_Today.build/Debug/Review_Today.build/Objects-normal/arm64/ActivityDayGrid.o -index-unit-output-path /Review_Today.build/Debug/Review_Today.build/Objects-normal/arm64/AgentAPI.o -index-unit-output-path /Review_Today.build/Debug/Review_Today.build/Objects-normal/arm64/AgentComposerStore.o -index-unit-output-path /Review_Today.build/Debug/Review_Today.build/Objects-normal/arm64/AgentServiceMonitor.o -index-unit-output-path /Review_Today.build/Debug/Review_Today.build/Objects-normal/arm64/AnswerDocument.o -index-unit-output-path /Review_Today.build/Debug/Review_Today.build/Objects-normal/arm64/AnswerReadabilitySamples.o -index-unit-output-path /Review_Today.build/Debug/Review_Today.build/Objects-normal/arm64/AppRuntime.o -index-unit-output-path /Review_Today.build/Debug/Review_Today.build/Objects-normal/arm64/AppSidebar.o -index-unit-output-path /Review_Today.build/Debug/Review_Today.build/Objects-normal/arm64/ArchivedConversations.o -index-unit-output-path /Review_Today.build/Debug/Review_Today.build/Objects-normal/arm64/BrandMark.o -index-unit-output-path /Review_Today.build/Debug/Review_Today.build/Objects-normal/arm64/BrandMaterialTrial.o -index-unit-output-path /Review_Today.build/Debug/Review_Today.build/Objects-normal/arm64/BrandTypography.o -index-unit-output-path /Review_Today.build/Debug/Review_Today.build/Objects-normal/arm64/CaptureProcessor.o -index-unit-output-path /Review_Today.build/Debug/Review_Today.build/Objects-normal/arm64/CoachMark.o -index-unit-output-path /Review_Today.build/Debug/Review_Today.build/Objects-normal/arm64/ComposerControlsLayout.o -index-unit-output-path /Review_Today.build/Debug/Review_Today.build/Objects-normal/arm64/ComposerKnowledgePicker.o -index-unit-output-path /Review_Today.build/Debug/Review_Today.build/Objects-normal/arm64/ContentView.o -index-unit-output-path /Review_Today.build/Debug/Review_Today.build/Objects-normal/arm64/ContextCapacityIndicator.o -index-unit-output-path /Review_Today.build/Debug/Review_Today.build/Objects-normal/arm64/ConversationCheckpoint.o -index-unit-output-path /Review_Today.build/Debug/Review_Today.build/Objects-normal/arm64/ConversationModels.o -index-unit-output-path /Review_Today.build/Debug/Review_Today.build/Objects-normal/arm64/ConversationProcessor.o -index-unit-output-path /Review_Today.build/Debug/Review_Today.build/Objects-normal/arm64/ConversationSync.o -index-unit-output-path /Review_Today.build/Debug/Review_Today.build/Objects-normal/arm64/ConversationWorkSnapshot.o -index-unit-output-path /Review_Today.build/Debug/Review_Today.build/Objects-normal/arm64/DeckRenderProbe.o -index-unit-output-path /Review_Today.build/Debug/Review_Today.build/Objects-normal/arm64/DepthCarousel.o -index-unit-output-path /Review_Today.build/Debug/Review_Today.build/Objects-normal/arm64/DictationController.o -index-unit-output-path /Review_Today.build/Debug/Review_Today.build/Objects-normal/arm64/Fsrs.o -index-unit-output-path /Review_Today.build/Debug/Review_Today.build/Objects-normal/arm64/GlassPreviewStyle.o -index-unit-output-path /Review_Today.build/Debug/Review_Today.build/Objects-normal/arm64/HarnessProcessor.o -index-unit-output-path /Review_Today.build/Debug/Review_Today.build/Objects-normal/arm64/InteractionChrome.o -index-unit-output-path /Review_Today.build/Debug/Review_Today.build/Objects-normal/arm64/KnowledgeCardReader.o -index-unit-output-path /Review_Today.build/Debug/Review_Today.build/Objects-normal/arm64/KnowledgeDeckInput.o -index-unit-output-path /Review_Today.build/Debug/Review_Today.build/Objects-normal/arm64/KnowledgeDeckNavigation.o -index-unit-output-path /Review_Today.build/Debug/Review_Today.build/Objects-normal/arm64/KnowledgeIngestion.o -index-unit-output-path /Review_Today.build/Debug/Review_Today.build/Objects-normal/arm64/KnowledgeLexicon.o -index-unit-output-path /Review_Today.build/Debug/Review_Today.build/Objects-normal/arm64/KnowledgeLibrary.o -index-unit-output-path /Review_Today.build/Debug/Review_Today.build/Objects-normal/arm64/KnowledgeLocator.o -index-unit-output-path /Review_Today.build/Debug/Review_Today.build/Objects-normal/arm64/KnowledgeManagement.o -index-unit-output-path /Review_Today.build/Debug/Review_Today.build/Objects-normal/arm64/LearningAnswerText.o -index-unit-output-path /Review_Today.build/Debug/Review_Today.build/Objects-normal/arm64/LearningComposerInput.o -index-unit-output-path /Review_Today.build/Debug/Review_Today.build/Objects-normal/arm64/LearningDraftStore.o -index-unit-output-path /Review_Today.build/Debug/Review_Today.build/Objects-normal/arm64/LearningMemory.o -index-unit-output-path /Review_Today.build/Debug/Review_Today.build/Objects-normal/arm64/LearningSessionActions.o -index-unit-output-path /Review_Today.build/Debug/Review_Today.build/Objects-normal/arm64/LearningSessionProgress.o -index-unit-output-path /Review_Today.build/Debug/Review_Today.build/Objects-normal/arm64/LearningTaskCard.o -index-unit-output-path /Review_Today.build/Debug/Review_Today.build/Objects-normal/arm64/LearningTextInput.o -index-unit-output-path /Review_Today.build/Debug/Review_Today.build/Objects-normal/arm64/LearningWorkspace.o -index-unit-output-path /Review_Today.build/Debug/Review_Today.build/Objects-normal/arm64/LibraryInboxSettings.o -index-unit-output-path /Review_Today.build/Debug/Review_Today.build/Objects-normal/arm64/M1DebugFixture.o -index-unit-output-path /Review_Today.build/Debug/Review_Today.build/Objects-normal/arm64/MascotAnimationPOC.o -index-unit-output-path /Review_Today.build/Debug/Review_Today.build/Objects-normal/arm64/MascotMotion.o -index-unit-output-path /Review_Today.build/Debug/Review_Today.build/Objects-normal/arm64/MascotMotionPreview.o -index-unit-output-path /Review_Today.build/Debug/Review_Today.build/Objects-normal/arm64/MascotSpeechDemoController.o -index-unit-output-path /Review_Today.build/Debug/Review_Today.build/Objects-normal/arm64/MessageDeliveryPresentation.o -index-unit-output-path /Review_Today.build/Debug/Review_Today.build/Objects-normal/arm64/Models.o -index-unit-output-path /Review_Today.build/Debug/Review_Today.build/Objects-normal/arm64/MrBPresentation.o -index-unit-output-path /Review_Today.build/Debug/Review_Today.build/Objects-normal/arm64/NavigationPerformance.o -index-unit-output-path /Review_Today.build/Debug/Review_Today.build/Objects-normal/arm64/ReminderNotifications.o -index-unit-output-path /Review_Today.build/Debug/Review_Today.build/Objects-normal/arm64/Review_TodayApp.o -index-unit-output-path /Review_Today.build/Debug/Review_Today.build/Objects-normal/arm64/ReviewCoordinator.o -index-unit-output-path /Review_Today.build/Debug/Review_Today.build/Objects-normal/arm64/ReviewMaintenance.o -index-unit-output-path /Review_Today.build/Debug/Review_Today.build/Objects-normal/arm64/ReviewView.o -index-unit-output-path /Review_Today.build/Debug/Review_Today.build/Objects-normal/arm64/RunFeedbackViews.o -index-unit-output-path /Review_Today.build/Debug/Review_Today.build/Objects-normal/arm64/RunwayChrome.o -index-unit-output-path /Review_Today.build/Debug/Review_Today.build/Objects-normal/arm64/SessionActivityStatus.o -index-unit-output-path /Review_Today.build/Debug/Review_Today.build/Objects-normal/arm64/SessionDeletion.o -index-unit-output-path /Review_Today.build/Debug/Review_Today.build/Objects-normal/arm64/SessionListSelection.o -index-unit-output-path /Review_Today.build/Debug/Review_Today.build/Objects-normal/arm64/SessionOrganization.o -index-unit-output-path /Review_Today.build/Debug/Review_Today.build/Objects-normal/arm64/SessionTagEditor.o -index-unit-output-path /Review_Today.build/Debug/Review_Today.build/Objects-normal/arm64/SidebarNavigation.o -index-unit-output-path /Review_Today.build/Debug/Review_Today.build/Objects-normal/arm64/SidebarWindowControls.o -index-unit-output-path /Review_Today.build/Debug/Review_Today.build/Objects-normal/arm64/ThemeToggle.o -index-unit-output-path /Review_Today.build/Debug/Review_Today.build/Objects-normal/arm64/TodayActivityHeatmap.o -index-unit-output-path /Review_Today.build/Debug/Review_Today.build/Objects-normal/arm64/TodayActivitySnapshot.o -index-unit-output-path /Review_Today.build/Debug/Review_Today.build/Objects-normal/arm64/TodayActivitySource.o -index-unit-output-path /Review_Today.build/Debug/Review_Today.build/Objects-normal/arm64/TodayView.o -index-unit-output-path /Review_Today.build/Debug/Review_Today.build/Objects-normal/arm64/UserLanguage.o -index-unit-output-path /Review_Today.build/Debug/Review_Today.build/Objects-normal/arm64/VoiceRecorder.o -index-unit-output-path /Review_Today.build/Debug/Review_Today.build/Objects-normal/arm64/GeneratedAssetSymbols.o
** BUILD FAILED **


The following build commands failed:
	CompileSwift normal arm64 (in target 'Review_Today' from project 'Review_Today')
	SwiftCompile normal arm64 Compiling\ ActivityDayGrid.swift,\ AgentAPI.swift,\ AgentComposerStore.swift,\ AgentServiceMonitor.swift,\ AnswerDocument.swift,\ AnswerReadabilitySamples.swift,\ AppRuntime.swift,\ AppSidebar.swift,\ ArchivedConversations.swift,\ BrandMark.swift,\ BrandMaterialTrial.swift,\ BrandTypography.swift,\ CaptureProcessor.swift,\ CoachMark.swift,\ ComposerControlsLayout.swift,\ ComposerKnowledgePicker.swift,\ ContentView.swift,\ ContextCapacityIndicator.swift,\ ConversationCheckpoint.swift,\ ConversationModels.swift,\ ConversationProcessor.swift,\ ConversationSync.swift,\ ConversationWorkSnapshot.swift,\ DeckRenderProbe.swift,\ DepthCarousel.swift,\ DictationController.swift,\ Fsrs.swift,\ GlassPreviewStyle.swift,\ HarnessProcessor.swift,\ InteractionChrome.swift,\ KnowledgeCardReader.swift,\ KnowledgeDeckInput.swift,\ KnowledgeDeckNavigation.swift,\ KnowledgeIngestion.swift,\ KnowledgeLexicon.swift,\ KnowledgeLibrary.swift,\ KnowledgeLocator.swift,\ KnowledgeManagement.swift,\ LearningAnswerText.swift,\ LearningComposerInput.swift,\ LearningDraftStore.swift,\ LearningMemory.swift,\ LearningSessionActions.swift,\ LearningSessionProgress.swift,\ LearningTaskCard.swift,\ LearningTextInput.swift,\ LearningWorkspace.swift,\ LibraryInboxSettings.swift,\ M1DebugFixture.swift,\ MascotAnimationPOC.swift,\ MascotMotion.swift,\ MascotMotionPreview.swift,\ MascotSpeechDemoController.swift,\ MessageDeliveryPresentation.swift,\ Models.swift,\ MrBPresentation.swift,\ NavigationPerformance.swift,\ ReminderNotifications.swift,\ Review_TodayApp.swift,\ ReviewCoordinator.swift,\ ReviewMaintenance.swift,\ ReviewView.swift,\ RunFeedbackViews.swift,\ RunwayChrome.swift,\ SessionActivityStatus.swift,\ SessionDeletion.swift,\ SessionListSelection.swift,\ SessionOrganization.swift,\ SessionTagEditor.swift,\ SidebarNavigation.swift,\ SidebarWindowControls.swift,\ ThemeToggle.swift,\ TodayActivityHeatmap.swift,\ TodayActivitySnapshot.swift,\ TodayActivitySource.swift,\ TodayView.swift,\ UserLanguage.swift,\ VoiceRecorder.swift,\ GeneratedAssetSymbols.swift /Users/rexyoung/Desktop/vibe\ coding/Review_Today/Review_Today/ActivityDayGrid.swift /Users/rexyoung/Desktop/vibe\ coding/Review_Today/Review_Today/AgentAPI.swift /Users/rexyoung/Desktop/vibe\ coding/Review_Today/Review_Today/AgentComposerStore.swift /Users/rexyoung/Desktop/vibe\ coding/Review_Today/Review_Today/AgentServiceMonitor.swift /Users/rexyoung/Desktop/vibe\ coding/Review_Today/Review_Today/AnswerDocument.swift /Users/rexyoung/Desktop/vibe\ coding/Review_Today/Review_Today/AnswerReadabilitySamples.swift /Users/rexyoung/Desktop/vibe\ coding/Review_Today/Review_Today/AppRuntime.swift /Users/rexyoung/Desktop/vibe\ coding/Review_Today/Review_Today/AppSidebar.swift /Users/rexyoung/Desktop/vibe\ coding/Review_Today/Review_Today/ArchivedConversations.swift /Users/rexyoung/Desktop/vibe\ coding/Review_Today/Review_Today/BrandMark.swift /Users/rexyoung/Desktop/vibe\ coding/Review_Today/Review_Today/BrandMaterialTrial.swift /Users/rexyoung/Desktop/vibe\ coding/Review_Today/Review_Today/BrandTypography.swift /Users/rexyoung/Desktop/vibe\ coding/Review_Today/Review_Today/CaptureProcessor.swift /Users/rexyoung/Desktop/vibe\ coding/Review_Today/Review_Today/CoachMark.swift /Users/rexyoung/Desktop/vibe\ coding/Review_Today/Review_Today/ComposerControlsLayout.swift /Users/rexyoung/Desktop/vibe\ coding/Review_Today/Review_Today/ComposerKnowledgePicker.swift /Users/rexyoung/Desktop/vibe\ coding/Review_Today/Review_Today/ContentView.swift /Users/rexyoung/Desktop/vibe\ coding/Review_Today/Review_Today/ContextCapacityIndicator.swift /Users/rexyoung/Desktop/vibe\ coding/Review_Today/Review_Today/ConversationCheckpoint.swift /Users/rexyoung/Desktop/vibe\ coding/Review_Today/Review_Today/ConversationModels.swift /Users/rexyoung/Desktop/vibe\ coding/Review_Today/Review_Today/ConversationProcessor.swift /Users/rexyoung/Desktop/vibe\ coding/Review_Today/Review_Today/ConversationSync.swift /Users/rexyoung/Desktop/vibe\ coding/Review_Today/Review_Today/ConversationWorkSnapshot.swift /Users/rexyoung/Desktop/vibe\ coding/Review_Today/Review_Today/DeckRenderProbe.swift /Users/rexyoung/Desktop/vibe\ coding/Review_Today/Review_Today/DepthCarousel.swift /Users/rexyoung/Desktop/vibe\ coding/Review_Today/Review_Today/DictationController.swift /Users/rexyoung/Desktop/vibe\ coding/Review_Today/Review_Today/Fsrs.swift /Users/rexyoung/Desktop/vibe\ coding/Review_Today/Review_Today/GlassPreviewStyle.swift /Users/rexyoung/Desktop/vibe\ coding/Review_Today/Review_Today/HarnessProcessor.swift /Users/rexyoung/Desktop/vibe\ coding/Review_Today/Review_Today/InteractionChrome.swift /Users/rexyoung/Desktop/vibe\ coding/Review_Today/Review_Today/KnowledgeCardReader.swift /Users/rexyoung/Desktop/vibe\ coding/Review_Today/Review_Today/KnowledgeDeckInput.swift /Users/rexyoung/Desktop/vibe\ coding/Review_Today/Review_Today/KnowledgeDeckNavigation.swift /Users/rexyoung/Desktop/vibe\ coding/Review_Today/Review_Today/KnowledgeIngestion.swift /Users/rexyoung/Desktop/vibe\ coding/Review_Today/Review_Today/KnowledgeLexicon.swift /Users/rexyoung/Desktop/vibe\ coding/Review_Today/Review_Today/KnowledgeLibrary.swift /Users/rexyoung/Desktop/vibe\ coding/Review_Today/Review_Today/KnowledgeLocator.swift /Users/rexyoung/Desktop/vibe\ coding/Review_Today/Review_Today/KnowledgeManagement.swift /Users/rexyoung/Desktop/vibe\ coding/Review_Today/Review_Today/LearningAnswerText.swift /Users/rexyoung/Desktop/vibe\ coding/Review_Today/Review_Today/LearningComposerInput.swift /Users/rexyoung/Desktop/vibe\ coding/Review_Today/Review_Today/LearningDraftStore.swift /Users/rexyoung/Desktop/vibe\ coding/Review_Today/Review_Today/LearningMemory.swift /Users/rexyoung/Desktop/vibe\ coding/Review_Today/Review_Today/LearningSessionActions.swift /Users/rexyoung/Desktop/vibe\ coding/Review_Today/Review_Today/LearningSessionProgress.swift /Users/rexyoung/Desktop/vibe\ coding/Review_Today/Review_Today/LearningTaskCard.swift /Users/rexyoung/Desktop/vibe\ coding/Review_Today/Review_Today/LearningTextInput.swift /Users/rexyoung/Desktop/vibe\ coding/Review_Today/Review_Today/LearningWorkspace.swift /Users/rexyoung/Desktop/vibe\ coding/Review_Today/Review_Today/LibraryInboxSettings.swift /Users/rexyoung/Desktop/vibe\ coding/Review_Today/Review_Today/M1DebugFixture.swift /Users/rexyoung/Desktop/vibe\ coding/Review_Today/Review_Today/MascotAnimationPOC.swift /Users/rexyoung/Desktop/vibe\ coding/Review_Today/Review_Today/MascotMotion.swift /Users/rexyoung/Desktop/vibe\ coding/Review_Today/Review_Today/MascotMotionPreview.swift /Users/rexyoung/Desktop/vibe\ coding/Review_Today/Review_Today/MascotSpeechDemoController.swift /Users/rexyoung/Desktop/vibe\ coding/Review_Today/Review_Today/MessageDeliveryPresentation.swift /Users/rexyoung/Desktop/vibe\ coding/Review_Today/Review_Today/Models.swift /Users/rexyoung/Desktop/vibe\ coding/Review_Today/Review_Today/MrBPresentation.swift /Users/rexyoung/Desktop/vibe\ coding/Review_Today/Review_Today/NavigationPerformance.swift /Users/rexyoung/Desktop/vibe\ coding/Review_Today/Review_Today/ReminderNotifications.swift /Users/rexyoung/Desktop/vibe\ coding/Review_Today/Review_Today/Review_TodayApp.swift /Users/rexyoung/Desktop/vibe\ coding/Review_Today/Review_Today/ReviewCoordinator.swift /Users/rexyoung/Desktop/vibe\ coding/Review_Today/Review_Today/ReviewMaintenance.swift /Users/rexyoung/Desktop/vibe\ coding/Review_Today/Review_Today/ReviewView.swift /Users/rexyoung/Desktop/vibe\ coding/Review_Today/Review_Today/RunFeedbackViews.swift /Users/rexyoung/Desktop/vibe\ coding/Review_Today/Review_Today/RunwayChrome.swift /Users/rexyoung/Desktop/vibe\ coding/Review_Today/Review_Today/SessionActivityStatus.swift /Users/rexyoung/Desktop/vibe\ coding/Review_Today/Review_Today/SessionDeletion.swift /Users/rexyoung/Desktop/vibe\ coding/Review_Today/Review_Today/SessionListSelection.swift /Users/rexyoung/Desktop/vibe\ coding/Review_Today/Review_Today/SessionOrganization.swift /Users/rexyoung/Desktop/vibe\ coding/Review_Today/Review_Today/SessionTagEditor.swift /Users/rexyoung/Desktop/vibe\ coding/Review_Today/Review_Today/SidebarNavigation.swift /Users/rexyoung/Desktop/vibe\ coding/Review_Today/Review_Today/SidebarWindowControls.swift /Users/rexyoung/Desktop/vibe\ coding/Review_Today/Review_Today/ThemeToggle.swift /Users/rexyoung/Desktop/vibe\ coding/Review_Today/Review_Today/TodayActivityHeatmap.swift /Users/rexyoung/Desktop/vibe\ coding/Review_Today/Review_Today/TodayActivitySnapshot.swift /Users/rexyoung/Desktop/vibe\ coding/Review_Today/Review_Today/TodayActivitySource.swift /Users/rexyoung/Desktop/vibe\ coding/Review_Today/Review_Today/TodayView.swift /Users/rexyoung/Desktop/vibe\ coding/Review_Today/Review_Today/UserLanguage.swift /Users/rexyoung/Desktop/vibe\ coding/Review_Today/Review_Today/VoiceRecorder.swift /tmp/review-today-health-build/Build/Intermediates.noindex/Review_Today.build/Debug/Review_Today.build/DerivedSources/GeneratedAssetSymbols.swift /Applications/Xcode.app/Contents/Developer/Toolchains/XcodeDefault.xctoolchain/usr/lib/swift/macosx/prebuilt-modules/26.5/_WebKit_SwiftUI.swiftmodule/arm64e-apple-macos.swiftmodule /Applications/Xcode.app/Contents/Developer/Toolchains/XcodeDefault.xctoolchain/usr/lib/swift/macosx/prebuilt-modules/26.5/OSLog.swiftmodule/arm64e-apple-macos.swiftmodule /Applications/Xcode.app/Contents/Developer/Toolchains/XcodeDefault.xctoolchain/usr/lib/swift/macosx/prebuilt-modules/26.5/ModelIO.swiftmodule/arm64e-apple-macos.swiftmodule /Applications/Xcode.app/Contents/Developer/Toolchains/XcodeDefault.xctoolchain/usr/lib/swift/macosx/prebuilt-modules/26.5/Distributed.swiftmodule/arm64e-apple-macos.swiftmodule /Applications/Xcode.app/Contents/Developer/Toolchains/XcodeDefault.xctoolchain/usr/lib/swift/macosx/prebuilt-modules/26.5/QuartzCore.swiftmodule/arm64e-apple-macos.swiftmodule /Applications/Xcode.app/Contents/Developer/Toolchains/XcodeDefault.xctoolchain/usr/lib/swift/macosx/prebuilt-modules/26.5/CoreMedia.swiftmodule/arm64e-apple-macos.swiftmodule /Applications/Xcode.app/Contents/Developer/Toolchains/XcodeDefault.xctoolchain/usr/lib/swift/macosx/prebuilt-modules/26.5/_DarwinFoundation1.swiftmodule/arm64e-apple-macos.swiftmodule /Applications/Xcode.app/Contents/Developer/Toolchains/XcodeDefault.xctoolchain/usr/lib/swift/macosx/prebuilt-modules/26.5/NaturalLanguage.swiftmodule/arm64e-apple-macos.swiftmodule /Applications/Xcode.app/Contents/Developer/Toolchains/XcodeDefault.xctoolchain/usr/lib/swift/macosx/prebuilt-modules/26.5/SpriteKit.swiftmodule/arm64e-apple-macos.swiftmodule /Applications/Xcode.app/Contents/Developer/Toolchains/XcodeDefault.xctoolchain/usr/lib/swift/macosx/prebuilt-modules/26.5/Spatial.swiftmodule/arm64e-apple-macos.swiftmodule /Applications/Xcode.app/Contents/Developer/Toolchains/XcodeDefault.xctoolchain/usr/lib/swift/macosx/prebuilt-modules/26.5/XPC.swiftmodule/arm64e-apple-macos.swiftmodule /Applications/Xcode.app/Contents/Developer/Toolchains/XcodeDefault.xctoolchain/usr/lib/swift/macosx/prebuilt-modules/26.5/_Concurrency.swiftmodule/arm64e-apple-macos.swiftmodule /Applications/Xcode.app/Contents/Developer/Toolchains/XcodeDefault.xctoolchain/usr/lib/swift/macosx/prebuilt-modules/26.5/CoreTransferable.swiftmodule/arm64e-apple-macos.swiftmodule /Applications/Xcode.app/Contents/Developer/Toolchains/XcodeDefault.xctoolchain/usr/lib/swift/macosx/prebuilt-modules/26.5/ObjectiveC.swiftmodule/arm64e-apple-macos.swiftmodule /Applications/Xcode.app/Contents/Developer/Toolchains/XcodeDefault.xctoolchain/usr/lib/swift/macosx/prebuilt-modules/26.5/Darwin.swiftmodule/arm64e-apple-macos.swiftmodule /Applications/Xcode.app/Contents/Developer/Toolchains/XcodeDefault.xctoolchain/usr/lib/swift/macosx/prebuilt-modules/26.5/WebKit.swiftmodule/arm64e-apple-macos.swiftmodule /Applications/Xcode.app/Contents/Developer/Toolchains/XcodeDefault.xctoolchain/usr/lib/swift/macosx/prebuilt-modules/26.5/_StringProcessing.swiftmodule/arm64e-apple-macos.swiftmodule /Applications/Xcode.app/Contents/Developer/Toolchains/XcodeDefault.xctoolchain/usr/lib/swift/macosx/prebuilt-modules/26.5/_DarwinFoundation3.swiftmodule/arm64e-apple-macos.swiftmodule /Applications/Xcode.app/Contents/Developer/Toolchains/XcodeDefault.xctoolchain/usr/lib/swift/macosx/prebuilt-modules/26.5/Dispatch.swiftmodule/arm64e-apple-macos.swiftmodule /Applications/Xcode.app/Contents/Developer/Toolchains/XcodeDefault.xctoolchain/usr/lib/swift/macosx/prebuilt-modules/26.5/AudioToolbox.swiftmodule/arm64e-apple-macos.swiftmodule /Applications/Xcode.app/Contents/Developer/Toolchains/XcodeDefault.xctoolchain/usr/lib/swift/macosx/prebuilt-modules/26.5/_DarwinFoundation2.swiftmodule/arm64e-apple-macos.swiftmodule /Applications/Xcode.app/Contents/Developer/Toolchains/XcodeDefault.xctoolchain/usr/lib/swift/macosx/prebuilt-modules/26.5/GLKit.swiftmodule/arm64e-apple-macos.swiftmodule /Applications/Xcode.app/Contents/Developer/Toolchains/XcodeDefault.xctoolchain/usr/lib/swift/macosx/prebuilt-modules/26.5/simd.swiftmodule/arm64e-apple-macos.swiftmodule /Applications/Xcode.app/Contents/Developer/Toolchains/XcodeDefault.xctoolchain/usr/lib/swift/macosx/prebuilt-modules/26.5/Foundation.swiftmodule/arm64e-apple-macos.swiftmodule /Applications/Xcode.app/Contents/Developer/Toolchains/XcodeDefault.xctoolchain/usr/lib/swift/macosx/prebuilt-modules/26.5/Observation.swiftmodule/arm64e-apple-macos.swiftmodule /Applications/Xcode.app/Contents/Developer/Toolchains/XcodeDefault.xctoolchain/usr/lib/swift/macosx/prebuilt-modules/26.5/AVFoundation.swiftmodule/arm64e-apple-macos.swiftmodule /Applications/Xcode.app/Contents/Developer/Toolchains/XcodeDefault.xctoolchain/usr/lib/swift/macosx/prebuilt-modules/26.5/SwiftUI.swiftmodule/arm64e-apple-macos.swiftmodule /Applications/Xcode.app/Contents/Developer/Toolchains/XcodeDefault.xctoolchain/usr/lib/swift/macosx/prebuilt-modules/26.5/System.swiftmodule/arm64e-apple-macos.swiftmodule /Applications/Xcode.app/Contents/Developer/Toolchains/XcodeDefault.xctoolchain/usr/lib/swift/macosx/prebuilt-modules/26.5/DeveloperToolsSupport.swiftmodule/arm64e-apple-macos.swiftmodule /Applications/Xcode.app/Contents/Developer/Toolchains/XcodeDefault.xctoolchain/usr/lib/swift/macosx/prebuilt-modules/26.5/_SpriteKit_SwiftUI.swiftmodule/arm64e-apple-macos.swiftmodule /Applications/Xcode.app/Contents/Developer/Toolchains/XcodeDefault.xctoolchain/usr/lib/swift/macosx/prebuilt-modules/26.5/Symbols.swiftmodule/arm64e-apple-macos.swiftmodule /Applications/Xcode.app/Contents/Developer/Toolchains/XcodeDefault.xctoolchain/usr/lib/swift/macosx/prebuilt-modules/26.5/SwiftData.swiftmodule/arm64e-apple-macos.swiftmodule /Applications/Xcode.app/Contents/Developer/Toolchains/XcodeDefault.xctoolchain/usr/lib/swift/macosx/prebuilt-modules/26.5/IOKit.swiftmodule/arm64e-apple-macos.swiftmodule /Applications/Xcode.app/Contents/Developer/Toolchains/XcodeDefault.xctoolchain/usr/lib/swift/macosx/prebuilt-modules/26.5/CoreGraphics.swiftmodule/arm64e-apple-macos.swiftmodule /Applications/Xcode.app/Contents/Developer/Toolchains/XcodeDefault.xctoolchain/usr/lib/swift/macosx/prebuilt-modules/26.5/AVFAudio.swiftmodule/arm64e-apple-macos.swiftmodule /Applications/Xcode.app/Contents/Developer/Toolchains/XcodeDefault.xctoolchain/usr/lib/swift/macosx/prebuilt-modules/26.5/CoreFoundation.swiftmodule/arm64e-apple-macos.swiftmodule /Applications/Xcode.app/Contents/Developer/Toolchains/XcodeDefault.xctoolchain/usr/lib/swift/macosx/prebuilt-modules/26.5/Accessibility.swiftmodule/arm64e-apple-macos.swiftmodule /Applications/Xcode.app/Contents/Developer/Toolchains/XcodeDefault.xctoolchain/usr/lib/swift/macosx/prebuilt-modules/26.5/CoreVideo.swiftmodule/arm64e-apple-macos.swiftmodule /Applications/Xcode.app/Contents/Developer/Toolchains/XcodeDefault.xctoolchain/usr/lib/swift/macosx/prebuilt-modules/26.5/AppKit.swiftmodule/arm64e-apple-macos.swiftmodule /Applications/Xcode.app/Contents/Developer/Toolchains/XcodeDefault.xctoolchain/usr/lib/swift/macosx/prebuilt-modules/26.5/Synchronization.swiftmodule/arm64e-apple-macos.swiftmodule /Applications/Xcode.app/Contents/Developer/Toolchains/XcodeDefault.xctoolchain/usr/lib/swift/macosx/prebuilt-modules/26.5/DataDetection.swiftmodule/arm64e-apple-macos.swiftmodule /Applications/Xcode.app/Contents/Developer/Toolchains/XcodeDefault.xctoolchain/usr/lib/swift/macosx/prebuilt-modules/26.5/UniformTypeIdentifiers.swiftmodule/arm64e-apple-macos.swiftmodule /Applications/Xcode.app/Contents/Developer/Toolchains/XcodeDefault.xctoolchain/usr/lib/swift/macosx/prebuilt-modules/26.5/Swift.swiftmodule/arm64e-apple-macos.swiftmodule /Applications/Xcode.app/Contents/Developer/Toolchains/XcodeDefault.xctoolchain/usr/lib/swift/macosx/prebuilt-modules/26.5/Metal.swiftmodule/arm64e-apple-macos.swiftmodule /Applications/Xcode.app/Contents/Developer/Toolchains/XcodeDefault.xctoolchain/usr/lib/swift/macosx/prebuilt-modules/26.5/CoreMIDI.swiftmodule/arm64e-apple-macos.swiftmodule /Applications/Xcode.app/Contents/Developer/Toolchains/XcodeDefault.xctoolchain/usr/lib/swift/macosx/prebuilt-modules/26.5/_Builtin_float.swiftmodule/arm64e-apple-macos.swiftmodule /Applications/Xcode.app/Contents/Developer/Toolchains/XcodeDefault.xctoolchain/usr/lib/swift/macosx/prebuilt-modules/26.5/_SwiftData_SwiftUI.swiftmodule/arm64e-apple-macos.swiftmodule /Applications/Xcode.app/Contents/Developer/Toolchains/XcodeDefault.xctoolchain/usr/lib/swift/macosx/prebuilt-modules/26.5/SwiftUICore.swiftmodule/arm64e-apple-macos.swiftmodule /Applications/Xcode.app/Contents/Developer/Toolchains/XcodeDefault.xctoolchain/usr/lib/swift/macosx/prebuilt-modules/26.5/CoreData.swiftmodule/arm64e-apple-macos.swiftmodule /Applications/Xcode.app/Contents/Developer/Toolchains/XcodeDefault.xctoolchain/usr/lib/swift/macosx/prebuilt-modules/26.5/CoreText.swiftmodule/arm64e-apple-macos.swiftmodule /Applications/Xcode.app/Contents/Developer/Toolchains/XcodeDefault.xctoolchain/usr/lib/swift/macosx/prebuilt-modules/26.5/CoreAudio.swiftmodule/arm64e-apple-macos.swiftmodule /Applications/Xcode.app/Contents/Developer/Toolchains/XcodeDefault.xctoolchain/usr/lib/swift/macosx/prebuilt-modules/26.5/os.swiftmodule/arm64e-apple-macos.swiftmodule /Applications/Xcode.app/Contents/Developer/Toolchains/XcodeDefault.xctoolchain/usr/lib/swift/macosx/prebuilt-modules/26.5/Combine.swiftmodule/arm64e-apple-macos.swiftmodule /Applications/Xcode.app/Contents/Developer/Toolchains/XcodeDefault.xctoolchain/usr/lib/swift/macosx/prebuilt-modules/26.5/CoreImage.swiftmodule/arm64e-apple-macos.swiftmodule /Applications/Xcode.app/Contents/Developer/Toolchains/XcodeDefault.xctoolchain/usr/lib/swift/macosx/prebuilt-modules/26.5/Network.swiftmodule/arm64e-apple-macos.swiftmodule /tmp/review-today-health-build/ModuleCache.noindex/DataDetection-BMTKHZKE492R3QO5BH26WJLNM.pcm /tmp/review-today-health-build/ModuleCache.noindex/MachO-1BEYY6WF1RTDAHU7T0M7FF7G8.pcm /tmp/review-today-health-build/ModuleCache.noindex/Dispatch-38I1YBJ9MVXSGDOA6Z9KACNJL.pcm /tmp/review-today-health-build/ModuleCache.noindex/_Builtin_stddef-A7FFNV0L4CM9211JK31RES4D0.pcm /tmp/review-today-health-build/ModuleCache.noindex/_DarwinFoundation1-4148UDH8G52OSU9S3WBCRHWI6.pcm /tmp/review-today-health-build/ModuleCache.noindex/MediaToolbox-9AYUFJSPZOW1SUNGU06T47DAE.pcm /tmp/review-today-health-build/ModuleCache.noindex/Cocoa-EZV4750UMUDY23NFU3SBQPRKX.pcm /tmp/review-today-health-build/ModuleCache.noindex/sys_types-A07WAF2QE0SRV06TK7ZXKOLJQ.pcm /tmp/review-today-health-build/ModuleCache.noindex/os-5SQXZ3190ENKB8N2VJEEX05CM.pcm /tmp/review-today-health-build/ModuleCache.noindex/_Builtin_stdint-2B6GEAHZ2WL0B10L6MPU6V0T8.pcm /tmp/review-today-health-build/ModuleCache.noindex/ptrcheck-BG77M5ZAOJWOKIFZS4WK22QNS.pcm /tmp/review-today-health-build/ModuleCache.noindex/Network-49R1YRWMJDG2AO68I7DTYY9SX.pcm /tmp/review-today-health-build/ModuleCache.noindex/CoreVideo-9VMDB1HI4SZM3IIIZ1EPY69WY.pcm /tmp/review-today-health-build/ModuleCache.noindex/launch-C2XITZUHME9OHIMR5PFCLY11T.pcm /tmp/review-today-health-build/ModuleCache.noindex/SwiftUI-9B504IRQCMYXE4T75VL7NFK4E.pcm /tmp/review-today-health-build/ModuleCache.noindex/DeveloperToolsSupport-8LR3JOZDJMVWOFGG72QC0339K.pcm /tmp/review-today-health-build/ModuleCache.noindex/ModelIO-6CWVQPK3UGB6L716RWHP2LPR3.pcm /tmp/review-today-health-build/ModuleCache.noindex/CoreFoundation-DCGIL6AFN09FPJYFN1CG7Z6JN.pcm /tmp/review-today-health-build/ModuleCache.noindex/os_object-EEZBTHGHZRE2RTTONKFH9GRR6.pcm /tmp/review-today-health-build/ModuleCache.noindex/CoreAudioTypes-9EGAAA4OQCDIQY883DZL95OSX.pcm /tmp/review-today-health-build/ModuleCache.noindex/ApplicationServices-7IKEFL4F1RKR2BDLN0CY85GT.pcm /tmp/review-today-health-build/ModuleCache.noindex/CoreTransferable-2S1JM8XEP9ODCHFKOTZC29S7P.pcm /tmp/review-today-health-build/ModuleCache.noindex/CoreGraphics-ABM5I1GULGCOEIL207UDMKAMV.pcm /tmp/review-today-health-build/ModuleCache.noindex/CoreServices-2PB5OOE3NPOM2G9AZ445BX1GC.pcm /tmp/review-today-health-build/ModuleCache.noindex/Symbols-24J2IIYF3YU70TBIYJKM41R4I.pcm /tmp/review-today-health-build/ModuleCache.noindex/_DarwinFoundation3-BBFQ40AA1W4BWBZOC82ZOOOIF.pcm /tmp/review-today-health-build/ModuleCache.noindex/Carbon-552AIOGP8HTD2JZH8438PRB44.pcm /tmp/review-today-health-build/ModuleCache.noindex/DiskArbitration-1LJS0JI1MG7R1SYXOGK0ZVGXT.pcm /tmp/review-today-health-build/ModuleCache.noindex/dnssd-E7RUX9OBEV24KHOT4UPEMHVBE.pcm /tmp/review-today-health-build/ModuleCache.noindex/CoreMIDI-CF57TOI5T11S7OJ4KGXM932G8.pcm /tmp/review-today-health-build/ModuleCache.noindex/CoreData-5KZSSNDB815TUU3NYK4E3OYEQ.pcm /tmp/review-today-health-build/ModuleCache.noindex/AVFoundation-EHW1Q0O9O9YOGYD74GSTYSV9W.pcm /tmp/review-today-health-build/ModuleCache.noindex/_SwiftConcurrencyShims-5KBPGNHTG68BSBJXSTORHYWGE.pcm /tmp/review-today-health-build/ModuleCache.noindex/_Builtin_stdarg-776MWTT1J4SWZIO6O9640NMYM.pcm /tmp/review-today-health-build/ModuleCache.noindex/AVFAudio-CQHND9RJC0LQPGX5450GWSIBH.pcm /tmp/review-today-health-build/ModuleCache.noindex/UniformTypeIdentifiers-C0NB90BR14NZALRPY4JZ8V66A.pcm /tmp/review-today-health-build/ModuleCache.noindex/_DarwinFoundation2-19EQ91WMR15JZS8NGP5ZN8JE8.pcm /tmp/review-today-health-build/ModuleCache.noindex/OpenGL-1CO9UENVNBHNMTQGF7IKV3FXV.pcm /tmp/review-today-health-build/ModuleCache.noindex/SwiftShims-4QSZHTOPMS3HCMKC52T1UVWSU.pcm /tmp/review-today-health-build/ModuleCache.noindex/simd-2C8LFWRZZ7YHD01RVN62ZXXWB.pcm /tmp/review-today-health-build/ModuleCache.noindex/CUPS-2DD72DDFLOO4Z79P0JW6WHT49.pcm /tmp/review-today-health-build/ModuleCache.noindex/AudioToolbox-9H98XH3VJ529GOEIOW6KW5AHY.pcm /tmp/review-today-health-build/ModuleCache.noindex/ColorSync-7SXHJWE7J0DI17UBLRQOOAZOW.pcm /tmp/review-today-health-build/ModuleCache.noindex/OSLog-DMRBHC1YJ03A82GL6HFG0MZ5P.pcm /tmp/review-today-health-build/ModuleCache.noindex/_Builtin_stdatomic-5CZTRX5UEWP6Z6NG3D3PUDY8W.pcm /tmp/review-today-health-build/ModuleCache.noindex/_Builtin_stdbool-CXUB8U98FELO96XLHQM5ADZ5O.pcm /tmp/review-today-health-build/ModuleCache.noindex/JavaScriptCore-F05C81X8PT720LD88RTOCIJU.pcm /tmp/review-today-health-build/ModuleCache.noindex/_Builtin_inttypes-31Y55PN1C8QQ0QWQ1WXYCI15A.pcm /tmp/review-today-health-build/ModuleCache.noindex/IOKit-BZXUUE9E5YHA94XNYMKUOG5HK.pcm /tmp/review-today-health-build/ModuleCache.noindex/SwiftUICore-20M9W71ZQS9XCO203EW4AQFS0.pcm /tmp/review-today-health-build/ModuleCache.noindex/UserNotifications-2X6PYL9YADWQ2O9GOIICDBQ7B.pcm /tmp/review-today-health-build/ModuleCache.noindex/XPC-74AJT73KN50X0NK28TTNOIEO3.pcm /tmp/review-today-health-build/ModuleCache.noindex/NaturalLanguage-A60Q8IXT94DFY4F7D3A7ZB37O.pcm /tmp/review-today-health-build/ModuleCache.noindex/_Builtin_tgmath-7R782LWY6PW6WJVEHXWYZS4T9.pcm /tmp/review-today-health-build/ModuleCache.noindex/_Builtin_limits-D4BX5DOFNDXO2JK93QEOY3TKH.pcm /tmp/review-today-health-build/ModuleCache.noindex/Spatial-BVRQESU1YKQRLSKPC9V6HY25M.pcm /tmp/review-today-health-build/ModuleCache.noindex/GLKit-BP7FW5V32PHOGV6RPUDTL1ENN.pcm /tmp/review-today-health-build/ModuleCache.noindex/WebKit-8EL78Z752X8FIW3UQRY6Y3DLE.pcm /tmp/review-today-health-build/ModuleCache.noindex/CFNetwork-BL03ENRFQMN6EXYLJW47NQK4W.pcm /tmp/review-today-health-build/ModuleCache.noindex/QuartzCore-56Y0VZLH0KNQS764MLNQFX3DJ.pcm /tmp/review-today-health-build/ModuleCache.noindex/_AvailabilityInternal-90XAQS6ITA70KMFNNI3XKKAOF.pcm /tmp/review-today-health-build/ModuleCache.noindex/CoreAudio-46NQ3ZXJ740E10ZKGISIU0R2B.pcm /tmp/review-today-health-build/ModuleCache.noindex/IOSurface-D3DW2NJJAJ74QOQLB1QIXDV6J.pcm /tmp/review-today-health-build/ModuleCache.noindex/Foundation-4G8TOO5VAR5YR1LDMIQKQYX3B.pcm /tmp/review-today-health-build/ModuleCache.noindex/libDER-7ZOQVPSLT5Z79ZVEX1KKDANKQ.pcm /tmp/review-today-health-build/ModuleCache.noindex/CoreMedia-VQWMM9BTS9VXDPP6SB9ZY2ZM.pcm /tmp/review-today-health-build/ModuleCache.noindex/_Builtin_float-CJ2GPU9SSTRHFWXLG0RVN77DW.pcm /tmp/review-today-health-build/ModuleCache.noindex/Accessibility-7I65DA04T5F47GVSKH8QHQFSQ.pcm /tmp/review-today-health-build/ModuleCache.noindex/SpriteKit-8L8VPOPMQTJ6IASGCIKU1UT2C.pcm /tmp/review-today-health-build/ModuleCache.noindex/_Builtin_intrinsics-7TDFF3ILYA7XJOIKUTQPMZFMM.pcm /tmp/review-today-health-build/ModuleCache.noindex/libkern-BYN5329RBG96NN9YSXPW3DDQG.pcm /tmp/review-today-health-build/ModuleCache.noindex/Darwin-AX3IB5SJ354JSONFJOV068MGJ.pcm /tmp/review-today-health-build/ModuleCache.noindex/CoreText-7F7CK14CLJXLK5SKZ99KKA1OX.pcm /tmp/review-today-health-build/ModuleCache.noindex/Security-7TFP0HMFTLLIS43QWUT6GE1R0.pcm /tmp/review-today-health-build/ModuleCache.noindex/CoreImage-V61BP5KHITSL9HXAACBVIHUV.pcm /tmp/review-today-health-build/ModuleCache.noindex/AppKit-6BW1BX3EM184UJQVSYGHN374E.pcm /tmp/review-today-health-build/ModuleCache.noindex/os_workgroup-6WYKU0XOFDS8M127A2S6M9FR8.pcm /tmp/review-today-health-build/ModuleCache.noindex/ImageIO-92HR2FCLCOJ88EFWXY8BE20BO.pcm /tmp/review-today-health-build/ModuleCache.noindex/Metal-7VPRV4TKZEHRPLSTQKD85EVA5.pcm /tmp/review-today-health-build/ModuleCache.noindex/ptrauth-61XHGE1FP7KSCP1F7E9YWS704.pcm /tmp/review-today-health-build/ModuleCache.noindex/ObjectiveC-84ZZ2CVMOVLE5MW8TMC64UIG9.pcm /tmp/review-today-health-build/Build/Intermediates.noindex/Review_Today.build/Debug/Review_Today.build/Objects-normal/arm64/Review_Today-dependencies-1.json (in target 'Review_Today' from project 'Review_Today')
	Building project Review_Today with scheme Review_Today and configuration Debug
(3 failures)
