Command line invocation:
    /Applications/Xcode.app/Contents/Developer/usr/bin/xcodebuild -project Review_Today.xcodeproj -scheme Review_Today -configuration Debug -derivedDataPath /tmp/review-today-arrival-visible build

2026-09-13 19:42:25.727 xcodebuild[42898:21190873] [MT] IDERunDestination: Supported platforms for the buildables in the current scheme is empty.
--- xcodebuild: WARNING: Using the first of multiple matching destinations:
{ platform:macOS, arch:arm64, id:00008142-000925D20109401C, name:My Mac }
{ platform:macOS, arch:x86_64, id:00008142-000925D20109401C, name:My Mac }
{ platform:macOS, name:Any Mac }
ComputePackagePrebuildTargetDependencyGraph

Prepare packages

CreateBuildRequest

SendProjectDescription

CreateBuildOperation

ComputeTargetDependencyGraph
note: Building targets in dependency order
note: Target dependency graph (1 target)
    Target 'Review_Today' in project 'Review_Today' (no dependencies)

GatherProvisioningInputs

CreateBuildDescription

ExecuteExternalTool /Applications/Xcode.app/Contents/Developer/Toolchains/XcodeDefault.xctoolchain/usr/bin/clang -v -E -dM -isysroot /Applications/Xcode.app/Contents/Developer/Platforms/MacOSX.platform/Developer/SDKs/MacOSX26.5.sdk -x c -c /dev/null

ExecuteExternalTool /Applications/Xcode.app/Contents/Developer/usr/bin/actool --version --output-format xml1

ExecuteExternalTool /Applications/Xcode.app/Contents/Developer/Toolchains/XcodeDefault.xctoolchain/usr/bin/swiftc --version

ExecuteExternalTool /Applications/Xcode.app/Contents/Developer/Toolchains/XcodeDefault.xctoolchain/usr/bin/ld -version_details

Build description signature: acecdef27ba1a715e4ab286b431f34d4
Build description path: /tmp/review-today-arrival-visible/Build/Intermediates.noindex/XCBuildData/acecdef27ba1a715e4ab286b431f34d4.xcbuilddata
CreateBuildDirectory /tmp/review-today-arrival-visible/Build/Products
    cd /Users/rexyoung/Desktop/vibe\ coding/Review_Today/Review_Today.xcodeproj
    builtin-create-build-directory /tmp/review-today-arrival-visible/Build/Products

CreateBuildDirectory /tmp/review-today-arrival-visible/Build/Intermediates.noindex
    cd /Users/rexyoung/Desktop/vibe\ coding/Review_Today/Review_Today.xcodeproj
    builtin-create-build-directory /tmp/review-today-arrival-visible/Build/Intermediates.noindex

ClangStatCache /Applications/Xcode.app/Contents/Developer/Toolchains/XcodeDefault.xctoolchain/usr/bin/clang-stat-cache /Applications/Xcode.app/Contents/Developer/Platforms/MacOSX.platform/Developer/SDKs/MacOSX26.5.sdk /tmp/review-today-arrival-visible/SDKStatCaches.noindex/macosx26.5-25F70-e082c4a02f00227109f4ed75e425c832.sdkstatcache
    cd /Users/rexyoung/Desktop/vibe\ coding/Review_Today/Review_Today.xcodeproj
    /Applications/Xcode.app/Contents/Developer/Toolchains/XcodeDefault.xctoolchain/usr/bin/clang-stat-cache /Applications/Xcode.app/Contents/Developer/Platforms/MacOSX.platform/Developer/SDKs/MacOSX26.5.sdk -o /tmp/review-today-arrival-visible/SDKStatCaches.noindex/macosx26.5-25F70-e082c4a02f00227109f4ed75e425c832.sdkstatcache

CreateBuildDirectory /tmp/review-today-arrival-visible/Build/Products/Debug
    cd /Users/rexyoung/Desktop/vibe\ coding/Review_Today/Review_Today.xcodeproj
    builtin-create-build-directory /tmp/review-today-arrival-visible/Build/Products/Debug

CreateBuildDirectory /tmp/review-today-arrival-visible/Build/Intermediates.noindex/ExplicitPrecompiledModules
    cd /Users/rexyoung/Desktop/vibe\ coding/Review_Today/Review_Today.xcodeproj
    builtin-create-build-directory /tmp/review-today-arrival-visible/Build/Intermediates.noindex/ExplicitPrecompiledModules

CreateBuildDirectory /tmp/review-today-arrival-visible/Build/Intermediates.noindex/EagerLinkingTBDs/Debug
    cd /Users/rexyoung/Desktop/vibe\ coding/Review_Today/Review_Today.xcodeproj
    builtin-create-build-directory /tmp/review-today-arrival-visible/Build/Intermediates.noindex/EagerLinkingTBDs/Debug

WriteAuxiliaryFile /tmp/review-today-arrival-visible/Build/Intermediates.noindex/Review_Today.build/Debug/Review_Today-b70fdcf0cabbad8a9773b71bbe1a4aa3-VFS/all-product-headers.yaml
    cd /Users/rexyoung/Desktop/vibe\ coding/Review_Today/Review_Today.xcodeproj
    write-file /tmp/review-today-arrival-visible/Build/Intermediates.noindex/Review_Today.build/Debug/Review_Today-b70fdcf0cabbad8a9773b71bbe1a4aa3-VFS/all-product-headers.yaml

CreateBuildDirectory /tmp/review-today-arrival-visible/Build/Intermediates.noindex/SwiftExplicitPrecompiledModules
    cd /Users/rexyoung/Desktop/vibe\ coding/Review_Today/Review_Today.xcodeproj
    builtin-create-build-directory /tmp/review-today-arrival-visible/Build/Intermediates.noindex/SwiftExplicitPrecompiledModules

WriteAuxiliaryFile /tmp/review-today-arrival-visible/Build/Intermediates.noindex/Review_Today.build/Debug/Review_Today.build/Review_Today.DependencyStaticMetadataFileList (in target 'Review_Today' from project 'Review_Today')
    cd /Users/rexyoung/Desktop/vibe\ coding/Review_Today
    write-file /tmp/review-today-arrival-visible/Build/Intermediates.noindex/Review_Today.build/Debug/Review_Today.build/Review_Today.DependencyStaticMetadataFileList

WriteAuxiliaryFile /tmp/review-today-arrival-visible/Build/Intermediates.noindex/Review_Today.build/Debug/Review_Today.build/Review_Today.DependencyMetadataFileList (in target 'Review_Today' from project 'Review_Today')
    cd /Users/rexyoung/Desktop/vibe\ coding/Review_Today
    write-file /tmp/review-today-arrival-visible/Build/Intermediates.noindex/Review_Today.build/Debug/Review_Today.build/Review_Today.DependencyMetadataFileList

WriteAuxiliaryFile /tmp/review-today-arrival-visible/Build/Intermediates.noindex/Review_Today.build/Debug/Review_Today.build/Review_Today.hmap (in target 'Review_Today' from project 'Review_Today')
    cd /Users/rexyoung/Desktop/vibe\ coding/Review_Today
    write-file /tmp/review-today-arrival-visible/Build/Intermediates.noindex/Review_Today.build/Debug/Review_Today.build/Review_Today.hmap

WriteAuxiliaryFile /tmp/review-today-arrival-visible/Build/Intermediates.noindex/Review_Today.build/Debug/Review_Today.build/Review_Today-project-headers.hmap (in target 'Review_Today' from project 'Review_Today')
    cd /Users/rexyoung/Desktop/vibe\ coding/Review_Today
    write-file /tmp/review-today-arrival-visible/Build/Intermediates.noindex/Review_Today.build/Debug/Review_Today.build/Review_Today-project-headers.hmap

WriteAuxiliaryFile /tmp/review-today-arrival-visible/Build/Intermediates.noindex/Review_Today.build/Debug/Review_Today.build/Review_Today-own-target-headers.hmap (in target 'Review_Today' from project 'Review_Today')
    cd /Users/rexyoung/Desktop/vibe\ coding/Review_Today
    write-file /tmp/review-today-arrival-visible/Build/Intermediates.noindex/Review_Today.build/Debug/Review_Today.build/Review_Today-own-target-headers.hmap

WriteAuxiliaryFile /tmp/review-today-arrival-visible/Build/Intermediates.noindex/Review_Today.build/Debug/Review_Today.build/Review_Today-generated-files.hmap (in target 'Review_Today' from project 'Review_Today')
    cd /Users/rexyoung/Desktop/vibe\ coding/Review_Today
    write-file /tmp/review-today-arrival-visible/Build/Intermediates.noindex/Review_Today.build/Debug/Review_Today.build/Review_Today-generated-files.hmap

WriteAuxiliaryFile /tmp/review-today-arrival-visible/Build/Intermediates.noindex/Review_Today.build/Debug/Review_Today.build/Review_Today-all-target-headers.hmap (in target 'Review_Today' from project 'Review_Today')
    cd /Users/rexyoung/Desktop/vibe\ coding/Review_Today
    write-file /tmp/review-today-arrival-visible/Build/Intermediates.noindex/Review_Today.build/Debug/Review_Today.build/Review_Today-all-target-headers.hmap

WriteAuxiliaryFile /tmp/review-today-arrival-visible/Build/Intermediates.noindex/Review_Today.build/Debug/Review_Today.build/Review_Today-all-non-framework-target-headers.hmap (in target 'Review_Today' from project 'Review_Today')
    cd /Users/rexyoung/Desktop/vibe\ coding/Review_Today
    write-file /tmp/review-today-arrival-visible/Build/Intermediates.noindex/Review_Today.build/Debug/Review_Today.build/Review_Today-all-non-framework-target-headers.hmap

WriteAuxiliaryFile /tmp/review-today-arrival-visible/Build/Intermediates.noindex/Review_Today.build/Debug/Review_Today.build/Review_Today-DebugDylibPath-normal-arm64.txt (in target 'Review_Today' from project 'Review_Today')
    cd /Users/rexyoung/Desktop/vibe\ coding/Review_Today
    write-file /tmp/review-today-arrival-visible/Build/Intermediates.noindex/Review_Today.build/Debug/Review_Today.build/Review_Today-DebugDylibPath-normal-arm64.txt

WriteAuxiliaryFile /tmp/review-today-arrival-visible/Build/Intermediates.noindex/Review_Today.build/Debug/Review_Today.build/Review_Today-DebugDylibInstallName-normal-arm64.txt (in target 'Review_Today' from project 'Review_Today')
    cd /Users/rexyoung/Desktop/vibe\ coding/Review_Today
    write-file /tmp/review-today-arrival-visible/Build/Intermediates.noindex/Review_Today.build/Debug/Review_Today.build/Review_Today-DebugDylibInstallName-normal-arm64.txt

WriteAuxiliaryFile /tmp/review-today-arrival-visible/Build/Intermediates.noindex/Review_Today.build/Debug/Review_Today.build/Objects-normal/arm64/Review_Today.SwiftFileList (in target 'Review_Today' from project 'Review_Today')
    cd /Users/rexyoung/Desktop/vibe\ coding/Review_Today
    write-file /tmp/review-today-arrival-visible/Build/Intermediates.noindex/Review_Today.build/Debug/Review_Today.build/Objects-normal/arm64/Review_Today.SwiftFileList

WriteAuxiliaryFile /tmp/review-today-arrival-visible/Build/Intermediates.noindex/Review_Today.build/Debug/Review_Today.build/Objects-normal/arm64/Review_Today.SwiftConstValuesFileList (in target 'Review_Today' from project 'Review_Today')
    cd /Users/rexyoung/Desktop/vibe\ coding/Review_Today
    write-file /tmp/review-today-arrival-visible/Build/Intermediates.noindex/Review_Today.build/Debug/Review_Today.build/Objects-normal/arm64/Review_Today.SwiftConstValuesFileList

WriteAuxiliaryFile /tmp/review-today-arrival-visible/Build/Intermediates.noindex/Review_Today.build/Debug/Review_Today.build/Objects-normal/arm64/Review_Today.LinkFileList (in target 'Review_Today' from project 'Review_Today')
    cd /Users/rexyoung/Desktop/vibe\ coding/Review_Today
    write-file /tmp/review-today-arrival-visible/Build/Intermediates.noindex/Review_Today.build/Debug/Review_Today.build/Objects-normal/arm64/Review_Today.LinkFileList

WriteAuxiliaryFile /tmp/review-today-arrival-visible/Build/Intermediates.noindex/Review_Today.build/Debug/Review_Today.build/Objects-normal/arm64/Review_Today_const_extract_protocols.json (in target 'Review_Today' from project 'Review_Today')
    cd /Users/rexyoung/Desktop/vibe\ coding/Review_Today
    write-file /tmp/review-today-arrival-visible/Build/Intermediates.noindex/Review_Today.build/Debug/Review_Today.build/Objects-normal/arm64/Review_Today_const_extract_protocols.json

WriteAuxiliaryFile /tmp/review-today-arrival-visible/Build/Intermediates.noindex/Review_Today.build/Debug/Review_Today.build/Objects-normal/arm64/Review_Today-OutputFileMap.json (in target 'Review_Today' from project 'Review_Today')
    cd /Users/rexyoung/Desktop/vibe\ coding/Review_Today
    write-file /tmp/review-today-arrival-visible/Build/Intermediates.noindex/Review_Today.build/Debug/Review_Today.build/Objects-normal/arm64/Review_Today-OutputFileMap.json

WriteAuxiliaryFile /tmp/review-today-arrival-visible/Build/Intermediates.noindex/Review_Today.build/Debug/Review_Today.build/DerivedSources/Entitlements.plist (in target 'Review_Today' from project 'Review_Today')
    cd /Users/rexyoung/Desktop/vibe\ coding/Review_Today
    write-file /tmp/review-today-arrival-visible/Build/Intermediates.noindex/Review_Today.build/Debug/Review_Today.build/DerivedSources/Entitlements.plist

MkDir /tmp/review-today-arrival-visible/Build/Products/Debug/Review_Today.app/Contents/Resources (in target 'Review_Today' from project 'Review_Today')
    cd /Users/rexyoung/Desktop/vibe\ coding/Review_Today
    /bin/mkdir -p /tmp/review-today-arrival-visible/Build/Products/Debug/Review_Today.app/Contents/Resources

MkDir /tmp/review-today-arrival-visible/Build/Products/Debug/Review_Today.app/Contents/MacOS (in target 'Review_Today' from project 'Review_Today')
    cd /Users/rexyoung/Desktop/vibe\ coding/Review_Today
    /bin/mkdir -p /tmp/review-today-arrival-visible/Build/Products/Debug/Review_Today.app/Contents/MacOS

MkDir /tmp/review-today-arrival-visible/Build/Products/Debug/Review_Today.app/Contents (in target 'Review_Today' from project 'Review_Today')
    cd /Users/rexyoung/Desktop/vibe\ coding/Review_Today
    /bin/mkdir -p /tmp/review-today-arrival-visible/Build/Products/Debug/Review_Today.app/Contents

MkDir /tmp/review-today-arrival-visible/Build/Products/Debug/Review_Today.app (in target 'Review_Today' from project 'Review_Today')
    cd /Users/rexyoung/Desktop/vibe\ coding/Review_Today
    /bin/mkdir -p /tmp/review-today-arrival-visible/Build/Products/Debug/Review_Today.app

ProcessProductPackaging "" /tmp/review-today-arrival-visible/Build/Intermediates.noindex/Review_Today.build/Debug/Review_Today.build/Review_Today.app.xcent (in target 'Review_Today' from project 'Review_Today')
    cd /Users/rexyoung/Desktop/vibe\ coding/Review_Today
    
    Entitlements:
    
    {
    "com.apple.security.get-task-allow" = 1;
    "com.apple.security.network.client" = 1;
}
    
    builtin-productPackagingUtility -entitlements -format xml -o /tmp/review-today-arrival-visible/Build/Intermediates.noindex/Review_Today.build/Debug/Review_Today.build/Review_Today.app.xcent

ProcessProductPackagingDER /tmp/review-today-arrival-visible/Build/Intermediates.noindex/Review_Today.build/Debug/Review_Today.build/Review_Today.app.xcent /tmp/review-today-arrival-visible/Build/Intermediates.noindex/Review_Today.build/Debug/Review_Today.build/Review_Today.app.xcent.der (in target 'Review_Today' from project 'Review_Today')
    cd /Users/rexyoung/Desktop/vibe\ coding/Review_Today
    /usr/bin/derq query -f xml -i /tmp/review-today-arrival-visible/Build/Intermediates.noindex/Review_Today.build/Debug/Review_Today.build/Review_Today.app.xcent -o /tmp/review-today-arrival-visible/Build/Intermediates.noindex/Review_Today.build/Debug/Review_Today.build/Review_Today.app.xcent.der --raw

Ld /tmp/review-today-arrival-visible/Build/Products/Debug/Review_Today.app/Contents/MacOS/__preview.dylib normal (in target 'Review_Today' from project 'Review_Today')
    cd /Users/rexyoung/Desktop/vibe\ coding/Review_Today
    /Applications/Xcode.app/Contents/Developer/Toolchains/XcodeDefault.xctoolchain/usr/bin/clang -Xlinker -reproducible -target arm64-apple-macos26.5 -dynamiclib -isysroot /Applications/Xcode.app/Contents/Developer/Platforms/MacOSX.platform/Developer/SDKs/MacOSX26.5.sdk -O0 -L/tmp/review-today-arrival-visible/Build/Products/Debug -F/tmp/review-today-arrival-visible/Build/Products/Debug -install_name @rpath/Review_Today.debug.dylib -rdynamic -Xlinker -no_deduplicate -Xlinker -dependency_info -Xlinker /tmp/review-today-arrival-visible/Build/Intermediates.noindex/Review_Today.build/Debug/Review_Today.build/Objects-normal/arm64/Review_Today_dependency_info.dat -Xlinker -no_adhoc_codesign -o /tmp/review-today-arrival-visible/Build/Products/Debug/Review_Today.app/Contents/MacOS/__preview.dylib

MkDir /tmp/review-today-arrival-visible/Build/Intermediates.noindex/Review_Today.build/Debug/Review_Today.build/assetcatalog_output/unthinned (in target 'Review_Today' from project 'Review_Today')
    cd /Users/rexyoung/Desktop/vibe\ coding/Review_Today
    /bin/mkdir -p /tmp/review-today-arrival-visible/Build/Intermediates.noindex/Review_Today.build/Debug/Review_Today.build/assetcatalog_output/unthinned

GenerateAssetSymbols /Users/rexyoung/Desktop/vibe\ coding/Review_Today/Review_Today/Assets.xcassets (in target 'Review_Today' from project 'Review_Today')
    cd /Users/rexyoung/Desktop/vibe\ coding/Review_Today
    /Applications/Xcode.app/Contents/Developer/usr/bin/actool /Users/rexyoung/Desktop/vibe\ coding/Review_Today/Review_Today/Assets.xcassets --compile /tmp/review-today-arrival-visible/Build/Products/Debug/Review_Today.app/Contents/Resources --output-format human-readable-text --notices --warnings --export-dependency-info /tmp/review-today-arrival-visible/Build/Intermediates.noindex/Review_Today.build/Debug/Review_Today.build/assetcatalog_dependencies --output-partial-info-plist /tmp/review-today-arrival-visible/Build/Intermediates.noindex/Review_Today.build/Debug/Review_Today.build/assetcatalog_generated_info.plist --app-icon AppIcon --accent-color AccentColor --enable-on-demand-resources NO --development-region zh-Hans --target-device mac --minimum-deployment-target 26.5 --platform macosx --bundle-identifier Rex.Review-Today --generate-swift-asset-symbols /tmp/review-today-arrival-visible/Build/Intermediates.noindex/Review_Today.build/Debug/Review_Today.build/DerivedSources/GeneratedAssetSymbols.swift --generate-objc-asset-symbols /tmp/review-today-arrival-visible/Build/Intermediates.noindex/Review_Today.build/Debug/Review_Today.build/DerivedSources/GeneratedAssetSymbols.h --generate-asset-symbol-index /tmp/review-today-arrival-visible/Build/Intermediates.noindex/Review_Today.build/Debug/Review_Today.build/DerivedSources/GeneratedAssetSymbols-Index.plist
/* com.apple.actool.compilation-results */
/tmp/review-today-arrival-visible/Build/Intermediates.noindex/Review_Today.build/Debug/Review_Today.build/DerivedSources/GeneratedAssetSymbols-Index.plist
/tmp/review-today-arrival-visible/Build/Intermediates.noindex/Review_Today.build/Debug/Review_Today.build/DerivedSources/GeneratedAssetSymbols.h
/tmp/review-today-arrival-visible/Build/Intermediates.noindex/Review_Today.build/Debug/Review_Today.build/DerivedSources/GeneratedAssetSymbols.swift


MkDir /tmp/review-today-arrival-visible/Build/Intermediates.noindex/Review_Today.build/Debug/Review_Today.build/assetcatalog_output/thinned (in target 'Review_Today' from project 'Review_Today')
    cd /Users/rexyoung/Desktop/vibe\ coding/Review_Today
    /bin/mkdir -p /tmp/review-today-arrival-visible/Build/Intermediates.noindex/Review_Today.build/Debug/Review_Today.build/assetcatalog_output/thinned

CpResource /tmp/review-today-arrival-visible/Build/Products/Debug/Review_Today.app/Contents/Resources/MrBMotion.html /Users/rexyoung/Desktop/vibe\ coding/Review_Today/Review_Today/MrBMotion.html (in target 'Review_Today' from project 'Review_Today')
    cd /Users/rexyoung/Desktop/vibe\ coding/Review_Today
    builtin-copy -exclude .DS_Store -exclude CVS -exclude .svn -exclude .git -exclude .hg -resolve-src-symlinks /Users/rexyoung/Desktop/vibe\ coding/Review_Today/Review_Today/MrBMotion.html /tmp/review-today-arrival-visible/Build/Products/Debug/Review_Today.app/Contents/Resources

CpResource /tmp/review-today-arrival-visible/Build/Products/Debug/Review_Today.app/Contents/Resources/MascotMotion.html /Users/rexyoung/Desktop/vibe\ coding/Review_Today/Review_Today/MascotMotion.html (in target 'Review_Today' from project 'Review_Today')
    cd /Users/rexyoung/Desktop/vibe\ coding/Review_Today
    builtin-copy -exclude .DS_Store -exclude CVS -exclude .svn -exclude .git -exclude .hg -resolve-src-symlinks /Users/rexyoung/Desktop/vibe\ coding/Review_Today/Review_Today/MascotMotion.html /tmp/review-today-arrival-visible/Build/Products/Debug/Review_Today.app/Contents/Resources

CpResource /tmp/review-today-arrival-visible/Build/Products/Debug/Review_Today.app/Contents/Resources/KNMaiyuan-Regular.ttf /Users/rexyoung/Desktop/vibe\ coding/Review_Today/Review_Today/Fonts/KNMaiyuan-Regular.ttf (in target 'Review_Today' from project 'Review_Today')
    cd /Users/rexyoung/Desktop/vibe\ coding/Review_Today
    builtin-copy -exclude .DS_Store -exclude CVS -exclude .svn -exclude .git -exclude .hg -resolve-src-symlinks /Users/rexyoung/Desktop/vibe\ coding/Review_Today/Review_Today/Fonts/KNMaiyuan-Regular.ttf /tmp/review-today-arrival-visible/Build/Products/Debug/Review_Today.app/Contents/Resources

CpResource /tmp/review-today-arrival-visible/Build/Products/Debug/Review_Today.app/Contents/Resources/KNMaiyuan-OFL.txt /Users/rexyoung/Desktop/vibe\ coding/Review_Today/Review_Today/Fonts/KNMaiyuan-OFL.txt (in target 'Review_Today' from project 'Review_Today')
    cd /Users/rexyoung/Desktop/vibe\ coding/Review_Today
    builtin-copy -exclude .DS_Store -exclude CVS -exclude .svn -exclude .git -exclude .hg -resolve-src-symlinks /Users/rexyoung/Desktop/vibe\ coding/Review_Today/Review_Today/Fonts/KNMaiyuan-OFL.txt /tmp/review-today-arrival-visible/Build/Products/Debug/Review_Today.app/Contents/Resources

CompileAssetCatalogVariant thinned /tmp/review-today-arrival-visible/Build/Products/Debug/Review_Today.app/Contents/Resources /Users/rexyoung/Desktop/vibe\ coding/Review_Today/Review_Today/Assets.xcassets (in target 'Review_Today' from project 'Review_Today')
    cd /Users/rexyoung/Desktop/vibe\ coding/Review_Today
    /Applications/Xcode.app/Contents/Developer/usr/bin/actool /Users/rexyoung/Desktop/vibe\ coding/Review_Today/Review_Today/Assets.xcassets --compile /tmp/review-today-arrival-visible/Build/Intermediates.noindex/Review_Today.build/Debug/Review_Today.build/assetcatalog_output/thinned --output-format human-readable-text --notices --warnings --export-dependency-info /tmp/review-today-arrival-visible/Build/Intermediates.noindex/Review_Today.build/Debug/Review_Today.build/assetcatalog_dependencies_thinned --output-partial-info-plist /tmp/review-today-arrival-visible/Build/Intermediates.noindex/Review_Today.build/Debug/Review_Today.build/assetcatalog_generated_info.plist_thinned --app-icon AppIcon --accent-color AccentColor --enable-on-demand-resources NO --development-region zh-Hans --target-device mac --minimum-deployment-target 26.5 --platform macosx
/* com.apple.actool.compilation-results */
/tmp/review-today-arrival-visible/Build/Intermediates.noindex/Review_Today.build/Debug/Review_Today.build/assetcatalog_generated_info.plist_thinned
/tmp/review-today-arrival-visible/Build/Intermediates.noindex/Review_Today.build/Debug/Review_Today.build/assetcatalog_output/thinned/AppIcon.icns
/tmp/review-today-arrival-visible/Build/Intermediates.noindex/Review_Today.build/Debug/Review_Today.build/assetcatalog_output/thinned/Assets.car


SwiftDriver Review_Today normal arm64 com.apple.xcode.tools.swift.compiler (in target 'Review_Today' from project 'Review_Today')
    cd /Users/rexyoung/Desktop/vibe\ coding/Review_Today
    builtin-SwiftDriver -- /Applications/Xcode.app/Contents/Developer/Toolchains/XcodeDefault.xctoolchain/usr/bin/swiftc -module-name Review_Today -Onone @/tmp/review-today-arrival-visible/Build/Intermediates.noindex/Review_Today.build/Debug/Review_Today.build/Objects-normal/arm64/Review_Today.SwiftFileList -DDEBUG -default-isolation\=MainActor -enable-bare-slash-regex -enable-upcoming-feature DisableOutwardActorInference -enable-upcoming-feature InferSendableFromCaptures -enable-upcoming-feature GlobalActorIsolatedTypesUsability -enable-upcoming-feature MemberImportVisibility -enable-upcoming-feature InferIsolatedConformances -enable-upcoming-feature NonisolatedNonsendingByDefault -enable-experimental-feature DebugDescriptionMacro -sdk /Applications/Xcode.app/Contents/Developer/Platforms/MacOSX.platform/Developer/SDKs/MacOSX26.5.sdk -target arm64-apple-macos26.5 -g -module-cache-path /tmp/review-today-arrival-visible/ModuleCache.noindex -Xfrontend -serialize-debugging-options -enable-testing -index-store-path /tmp/review-today-arrival-visible/Index.noindex/DataStore -Xcc -D_LIBCPP_HARDENING_MODE\=_LIBCPP_HARDENING_MODE_DEBUG -swift-version 5 -I /tmp/review-today-arrival-visible/Build/Products/Debug -F /tmp/review-today-arrival-visible/Build/Products/Debug -emit-localized-strings -emit-localized-strings-path /tmp/review-today-arrival-visible/Build/Intermediates.noindex/Review_Today.build/Debug/Review_Today.build/Objects-normal/arm64 -c -j10 -enable-batch-mode -incremental -Xcc -ivfsstatcache -Xcc /tmp/review-today-arrival-visible/SDKStatCaches.noindex/macosx26.5-25F70-e082c4a02f00227109f4ed75e425c832.sdkstatcache -output-file-map /tmp/review-today-arrival-visible/Build/Intermediates.noindex/Review_Today.build/Debug/Review_Today.build/Objects-normal/arm64/Review_Today-OutputFileMap.json -use-frontend-parseable-output -save-temps -no-color-diagnostics -explicit-module-build -module-cache-path /tmp/review-today-arrival-visible/Build/Intermediates.noindex/SwiftExplicitPrecompiledModules -clang-scanner-module-cache-path /tmp/review-today-arrival-visible/ModuleCache.noindex -sdk-module-cache-path /tmp/review-today-arrival-visible/ModuleCache.noindex -serialize-diagnostics -emit-dependencies -emit-module -emit-module-path /tmp/review-today-arrival-visible/Build/Intermediates.noindex/Review_Today.build/Debug/Review_Today.build/Objects-normal/arm64/Review_Today.swiftmodule -validate-clang-modules-once -clang-build-session-file /tmp/review-today-arrival-visible/ModuleCache.noindex/Session.modulevalidation -Xcc -I/tmp/review-today-arrival-visible/Build/Intermediates.noindex/Review_Today.build/Debug/Review_Today.build/swift-overrides.hmap -emit-const-values -Xfrontend -const-gather-protocols-file -Xfrontend /tmp/review-today-arrival-visible/Build/Intermediates.noindex/Review_Today.build/Debug/Review_Today.build/Objects-normal/arm64/Review_Today_const_extract_protocols.json -Xcc -iquote -Xcc /tmp/review-today-arrival-visible/Build/Intermediates.noindex/Review_Today.build/Debug/Review_Today.build/Review_Today-generated-files.hmap -Xcc -I/tmp/review-today-arrival-visible/Build/Intermediates.noindex/Review_Today.build/Debug/Review_Today.build/Review_Today-own-target-headers.hmap -Xcc -I/tmp/review-today-arrival-visible/Build/Intermediates.noindex/Review_Today.build/Debug/Review_Today.build/Review_Today-all-target-headers.hmap -Xcc -iquote -Xcc /tmp/review-today-arrival-visible/Build/Intermediates.noindex/Review_Today.build/Debug/Review_Today.build/Review_Today-project-headers.hmap -Xcc -I/tmp/review-today-arrival-visible/Build/Products/Debug/include -Xcc -I/tmp/review-today-arrival-visible/Build/Intermediates.noindex/Review_Today.build/Debug/Review_Today.build/DerivedSources-normal/arm64 -Xcc -I/tmp/review-today-arrival-visible/Build/Intermediates.noindex/Review_Today.build/Debug/Review_Today.build/DerivedSources/arm64 -Xcc -I/tmp/review-today-arrival-visible/Build/Intermediates.noindex/Review_Today.build/Debug/Review_Today.build/DerivedSources -Xcc -DDEBUG\=1 -emit-objc-header -emit-objc-header-path /tmp/review-today-arrival-visible/Build/Intermediates.noindex/Review_Today.build/Debug/Review_Today.build/Objects-normal/arm64/Review_Today-Swift.h -working-directory /Users/rexyoung/Desktop/vibe\ coding/Review_Today -experimental-emit-module-separately -disable-cmo

LinkAssetCatalog /Users/rexyoung/Desktop/vibe\ coding/Review_Today/Review_Today/Assets.xcassets (in target 'Review_Today' from project 'Review_Today')
    cd /Users/rexyoung/Desktop/vibe\ coding/Review_Today
    builtin-linkAssetCatalog --thinned /tmp/review-today-arrival-visible/Build/Intermediates.noindex/Review_Today.build/Debug/Review_Today.build/assetcatalog_output/thinned --thinned-dependencies /tmp/review-today-arrival-visible/Build/Intermediates.noindex/Review_Today.build/Debug/Review_Today.build/assetcatalog_dependencies_thinned --thinned-info-plist-content /tmp/review-today-arrival-visible/Build/Intermediates.noindex/Review_Today.build/Debug/Review_Today.build/assetcatalog_generated_info.plist_thinned --unthinned /tmp/review-today-arrival-visible/Build/Intermediates.noindex/Review_Today.build/Debug/Review_Today.build/assetcatalog_output/unthinned --unthinned-dependencies /tmp/review-today-arrival-visible/Build/Intermediates.noindex/Review_Today.build/Debug/Review_Today.build/assetcatalog_dependencies_unthinned --unthinned-info-plist-content /tmp/review-today-arrival-visible/Build/Intermediates.noindex/Review_Today.build/Debug/Review_Today.build/assetcatalog_generated_info.plist_unthinned --output /tmp/review-today-arrival-visible/Build/Products/Debug/Review_Today.app/Contents/Resources --plist-output /tmp/review-today-arrival-visible/Build/Intermediates.noindex/Review_Today.build/Debug/Review_Today.build/assetcatalog_generated_info.plist
note: Emplaced /tmp/review-today-arrival-visible/Build/Products/Debug/Review_Today.app/Contents/Resources/AppIcon.icns (in target 'Review_Today' from project 'Review_Today')
note: Emplaced /tmp/review-today-arrival-visible/Build/Products/Debug/Review_Today.app/Contents/Resources/Assets.car (in target 'Review_Today' from project 'Review_Today')

ProcessInfoPlistFile /tmp/review-today-arrival-visible/Build/Products/Debug/Review_Today.app/Contents/Info.plist /Users/rexyoung/Desktop/vibe\ coding/Review_Today/Review_Today/Info.plist (in target 'Review_Today' from project 'Review_Today')
    cd /Users/rexyoung/Desktop/vibe\ coding/Review_Today
    builtin-infoPlistUtility /Users/rexyoung/Desktop/vibe\ coding/Review_Today/Review_Today/Info.plist -producttype com.apple.product-type.application -genpkginfo /tmp/review-today-arrival-visible/Build/Products/Debug/Review_Today.app/Contents/PkgInfo -expandbuildsettings -platform macosx -additionalcontentfile /tmp/review-today-arrival-visible/Build/Intermediates.noindex/Review_Today.build/Debug/Review_Today.build/assetcatalog_generated_info.plist -o /tmp/review-today-arrival-visible/Build/Products/Debug/Review_Today.app/Contents/Info.plist

SwiftExplicitDependencyGeneratePcm arm64 /tmp/review-today-arrival-visible/ModuleCache.noindex/DeveloperToolsSupport-DR596K7J886CL3FKO0D664C5Y.pcm

SwiftExplicitDependencyGeneratePcm arm64 /tmp/review-today-arrival-visible/ModuleCache.noindex/_SwiftConcurrencyShims-37HR8HQ899FF2UOHXZPIEIBUR.pcm

SwiftExplicitDependencyGeneratePcm arm64 /tmp/review-today-arrival-visible/ModuleCache.noindex/_Builtin_stddef-5T6BZ53CBVFEHRKG9QKRXHEHE.pcm

SwiftExplicitDependencyGeneratePcm arm64 /tmp/review-today-arrival-visible/ModuleCache.noindex/_Builtin_stdbool-AJV702F0CNW7MS8C4INJV5R3I.pcm

SwiftExplicitDependencyGeneratePcm arm64 /tmp/review-today-arrival-visible/ModuleCache.noindex/ptrauth-C1RL7NSMROW0RWI746LS0H40W.pcm

SwiftExplicitDependencyGeneratePcm arm64 /tmp/review-today-arrival-visible/ModuleCache.noindex/_Builtin_stdarg-D5VV1H4O720WQ527UIL9GB7VY.pcm

SwiftExplicitDependencyGeneratePcm arm64 /tmp/review-today-arrival-visible/ModuleCache.noindex/SwiftShims-5F0217YUD15XLASTIR6OD9CVW.pcm

SwiftExplicitDependencyGeneratePcm arm64 /tmp/review-today-arrival-visible/ModuleCache.noindex/ptrcheck-ADR8I410JHWDEFP97OGKVJDTN.pcm

SwiftExplicitDependencyGeneratePcm arm64 /tmp/review-today-arrival-visible/ModuleCache.noindex/_AvailabilityInternal-B6V27RIM8YWLEZC629ETPAVZP.pcm

SwiftExplicitDependencyGeneratePcm arm64 /tmp/review-today-arrival-visible/ModuleCache.noindex/_Builtin_float-CA04RUFDOFSGCXDYOG459FCCV.pcm

SwiftExplicitDependencyGeneratePcm arm64 /tmp/review-today-arrival-visible/ModuleCache.noindex/_DarwinFoundation1-EEPD2IXMBVQGA1CJ3SLYQ8S4U.pcm

SwiftExplicitDependencyGeneratePcm arm64 /tmp/review-today-arrival-visible/ModuleCache.noindex/_Builtin_limits-EB7O5D38GWUGTKYNV1LL1HMKN.pcm

SwiftExplicitDependencyGeneratePcm arm64 /tmp/review-today-arrival-visible/ModuleCache.noindex/_DarwinFoundation2-6T2GMD52HRKZ06X46JMSHQKPK.pcm

SwiftExplicitDependencyGeneratePcm arm64 /tmp/review-today-arrival-visible/ModuleCache.noindex/sys_types-1I38DJPRNZJFGO5EVY7YMNW1H.pcm

SwiftExplicitDependencyGeneratePcm arm64 /tmp/review-today-arrival-visible/ModuleCache.noindex/_Builtin_tgmath-57U1XUL0V3TX98QP0JPXI0PG3.pcm

SwiftExplicitDependencyGeneratePcm arm64 /tmp/review-today-arrival-visible/ModuleCache.noindex/_Builtin_stdint-8YHWOSR7HX8M84IRPYYP2VAJA.pcm

SwiftExplicitDependencyGeneratePcm arm64 /tmp/review-today-arrival-visible/ModuleCache.noindex/_DarwinFoundation3-DLHGOWY6JD6L9IFX85OUSF68G.pcm

SwiftExplicitDependencyGeneratePcm arm64 /tmp/review-today-arrival-visible/ModuleCache.noindex/_Builtin_intrinsics-CQCLNLPNRTQQNKWTWNMFWR3PC.pcm

SwiftExplicitDependencyGeneratePcm arm64 /tmp/review-today-arrival-visible/ModuleCache.noindex/libDER-B54EFD3UJJD9EC5PLPIY1N9R4.pcm

SwiftExplicitDependencyGeneratePcm arm64 /tmp/review-today-arrival-visible/ModuleCache.noindex/_Builtin_stdatomic-7RE2PKFYE0PHO0DTSRGOFURIA.pcm

SwiftExplicitDependencyGeneratePcm arm64 /tmp/review-today-arrival-visible/ModuleCache.noindex/OpenGL-3X3TDKS5Z3XYEIC482HK8QPH.pcm

SwiftExplicitDependencyGeneratePcm arm64 /tmp/review-today-arrival-visible/ModuleCache.noindex/_Builtin_inttypes-EZLW80EXJ3P65CIV334SR2NDG.pcm

SwiftExplicitDependencyGeneratePcm arm64 /tmp/review-today-arrival-visible/ModuleCache.noindex/Darwin-2A84BH47SA0UZAGAN9Y7V5UKJ.pcm

SwiftExplicitDependencyGeneratePcm arm64 /tmp/review-today-arrival-visible/ModuleCache.noindex/simd-98A651OVO2LADX8BM93PBR3YV.pcm

SwiftExplicitDependencyGeneratePcm arm64 /tmp/review-today-arrival-visible/ModuleCache.noindex/CUPS-28INGZ8D11G8I968E1S4JE3EA.pcm

SwiftExplicitDependencyGeneratePcm arm64 /tmp/review-today-arrival-visible/ModuleCache.noindex/launch-3WR1B5J35DW5E0O921OQGNXYB.pcm

SwiftExplicitDependencyGeneratePcm arm64 /tmp/review-today-arrival-visible/ModuleCache.noindex/libkern-AH8XLP7NNNHUD8JMRV22HN3DZ.pcm

SwiftExplicitDependencyGeneratePcm arm64 /tmp/review-today-arrival-visible/ModuleCache.noindex/MachO-CLN1WSGDD0O5UT5PE3LKEC9JH.pcm

SwiftExplicitDependencyGeneratePcm arm64 /tmp/review-today-arrival-visible/ModuleCache.noindex/ObjectiveC-5B3TRNF8MRB7PO9XLZW9WN7MW.pcm

SwiftExplicitDependencyGeneratePcm arm64 /tmp/review-today-arrival-visible/ModuleCache.noindex/Spatial-BN7YK2YZPSVODXVUWPNMIUYZR.pcm

SwiftExplicitDependencyGeneratePcm arm64 /tmp/review-today-arrival-visible/ModuleCache.noindex/os_object-DAL6MP97B0LVRDAX7EYD6G8VG.pcm

SwiftExplicitDependencyGeneratePcm arm64 /tmp/review-today-arrival-visible/ModuleCache.noindex/os_workgroup-EAKJJFEVJ32TTTSKHNOUFGVCB.pcm

SwiftExplicitDependencyGeneratePcm arm64 /tmp/review-today-arrival-visible/ModuleCache.noindex/Dispatch-B3SIKDISE73PKHGQ01TSTHLYB.pcm

SwiftExplicitDependencyGeneratePcm arm64 /tmp/review-today-arrival-visible/ModuleCache.noindex/CoreFoundation-1UCH9DNI3HV20IFSA54WIFBAR.pcm

SwiftExplicitDependencyGeneratePcm arm64 /tmp/review-today-arrival-visible/ModuleCache.noindex/XPC-BFRSL6BVEPHEPSU6L43JPDPCE.pcm

SwiftExplicitDependencyGeneratePcm arm64 /tmp/review-today-arrival-visible/ModuleCache.noindex/dnssd-2LTWSIPZEIITM49FKZ0GMVHKT.pcm

SwiftExplicitDependencyGeneratePcm arm64 /tmp/review-today-arrival-visible/ModuleCache.noindex/os-85JMI19Z145NCPG8CERB1OKXE.pcm

SwiftExplicitDependencyGeneratePcm arm64 /tmp/review-today-arrival-visible/ModuleCache.noindex/CoreAudioTypes-2TCLP2EFK686KKVEV1CT5XS4Q.pcm

SwiftExplicitDependencyGeneratePcm arm64 /tmp/review-today-arrival-visible/ModuleCache.noindex/IOKit-3Q8ZXZ3VBB3HX1URUMG1BQB0B.pcm

SwiftExplicitDependencyGeneratePcm arm64 /tmp/review-today-arrival-visible/ModuleCache.noindex/CFNetwork-BPUOILLH1OULPOU8OBORCSVG9.pcm

SwiftExplicitDependencyGeneratePcm arm64 /tmp/review-today-arrival-visible/ModuleCache.noindex/Security-BXROUTB6PQEL8OHSVYTF6935C.pcm

SwiftExplicitDependencyGeneratePcm arm64 /tmp/review-today-arrival-visible/ModuleCache.noindex/ColorSync-7WGRZ2G6MK19HHQF6TSZH5L3X.pcm

SwiftExplicitDependencyGeneratePcm arm64 /tmp/review-today-arrival-visible/ModuleCache.noindex/CoreGraphics-5PEZC6E36O014FB95D12XBXLE.pcm

SwiftExplicitDependencyGeneratePcm arm64 /tmp/review-today-arrival-visible/ModuleCache.noindex/DiskArbitration-2LELMW9JNWY6B54BZCM40Q2ZB.pcm

SwiftExplicitDependencyGeneratePcm arm64 /tmp/review-today-arrival-visible/ModuleCache.noindex/CoreServices-BTCCWWJ4FU9ATG43XNE4EOTLH.pcm

SwiftExplicitDependencyGeneratePcm arm64 /tmp/review-today-arrival-visible/ModuleCache.noindex/ImageIO-AYP2J8BRBK1TP81S39ZCY6UH0.pcm

SwiftExplicitDependencyGeneratePcm arm64 /tmp/review-today-arrival-visible/ModuleCache.noindex/CoreText-3B9JVFWZNAYFUZBP6JVTCBQ62.pcm

SwiftExplicitDependencyGeneratePcm arm64 /tmp/review-today-arrival-visible/ModuleCache.noindex/Foundation-YNKD5B1LXZ7JFXEDW9BYX93J.pcm

SwiftExplicitDependencyGeneratePcm arm64 /tmp/review-today-arrival-visible/ModuleCache.noindex/ModelIO-EW6V1363WUW6ZALSE9HWSCPXC.pcm

SwiftExplicitDependencyGeneratePcm arm64 /tmp/review-today-arrival-visible/ModuleCache.noindex/DataDetection-5PW7GCI96UKX98JTFAEHN8PW8.pcm

SwiftExplicitDependencyGeneratePcm arm64 /tmp/review-today-arrival-visible/ModuleCache.noindex/CoreMIDI-7HWHOWASU7M4FNXWPZOGSTR2O.pcm

SwiftExplicitDependencyGeneratePcm arm64 /tmp/review-today-arrival-visible/ModuleCache.noindex/NaturalLanguage-ERY2MZCQU79ND0IA0BATIK17.pcm

SwiftExplicitDependencyGeneratePcm arm64 /tmp/review-today-arrival-visible/ModuleCache.noindex/CoreAudio-C4FF7UO5UT17DUWKIQGXPNYS1.pcm

SwiftExplicitDependencyGeneratePcm arm64 /tmp/review-today-arrival-visible/ModuleCache.noindex/Network-6R4F2X63YZU17KN37PT2L4XG0.pcm

SwiftExplicitDependencyGeneratePcm arm64 /tmp/review-today-arrival-visible/ModuleCache.noindex/IOSurface-85K7UYU94PIJYDE98NOEBWH43.pcm

SwiftExplicitDependencyGeneratePcm arm64 /tmp/review-today-arrival-visible/ModuleCache.noindex/Symbols-5VSMHUK5I9IYR8UGISGHHDNQC.pcm

SwiftExplicitDependencyGeneratePcm arm64 /tmp/review-today-arrival-visible/ModuleCache.noindex/Accessibility-1Q90Y0T6DAKIIS3CNCP2LNPXF.pcm

SwiftExplicitDependencyGeneratePcm arm64 /tmp/review-today-arrival-visible/ModuleCache.noindex/UserNotifications-CLLAYX6BTVMM4VVS0CGACEDN5.pcm

SwiftExplicitDependencyGeneratePcm arm64 /tmp/review-today-arrival-visible/ModuleCache.noindex/OSLog-2TH1Z3PWVP4Y1WHLJM4SALBKQ.pcm

SwiftExplicitDependencyGeneratePcm arm64 /tmp/review-today-arrival-visible/ModuleCache.noindex/CoreTransferable-8FMWNIH89T1ODUULSSPGBNY47.pcm

SwiftExplicitDependencyGeneratePcm arm64 /tmp/review-today-arrival-visible/ModuleCache.noindex/ApplicationServices-B6HY5HPYTST0ZNOJDMPMHY3OQ.pcm

SwiftExplicitDependencyGeneratePcm arm64 /tmp/review-today-arrival-visible/ModuleCache.noindex/CoreData-72QCJ6Z5DTQSMZ2DJHH68GWK0.pcm

SwiftExplicitDependencyGeneratePcm arm64 /tmp/review-today-arrival-visible/ModuleCache.noindex/Metal-67NOZOBHYYU68JPBZ5RR0CNN8.pcm

SwiftExplicitDependencyGeneratePcm arm64 /tmp/review-today-arrival-visible/ModuleCache.noindex/UniformTypeIdentifiers-2THG7T7OXT1V243Z2XKF6D3NS.pcm

SwiftExplicitDependencyGeneratePcm arm64 /tmp/review-today-arrival-visible/ModuleCache.noindex/JavaScriptCore-DFZZ417QNAVPMGCW6ZVC62LVS.pcm

SwiftExplicitDependencyGeneratePcm arm64 /tmp/review-today-arrival-visible/ModuleCache.noindex/Carbon-5XX19HQTGQYS3JH6RO0B8M6B0.pcm

SwiftExplicitDependencyGeneratePcm arm64 /tmp/review-today-arrival-visible/ModuleCache.noindex/CoreVideo-SKIMFMQCBJYT84HXV8DV4OZ4.pcm

SwiftExplicitDependencyGeneratePcm arm64 /tmp/review-today-arrival-visible/ModuleCache.noindex/QuartzCore-7DP6Y49XUXACPL0A69BGUT3DI.pcm

SwiftExplicitDependencyGeneratePcm arm64 /tmp/review-today-arrival-visible/ModuleCache.noindex/CoreImage-A2FOCMA0XAGEZ87JYZDSZSHCI.pcm

SwiftExplicitDependencyGeneratePcm arm64 /tmp/review-today-arrival-visible/ModuleCache.noindex/CoreMedia-CV7VSGIJO0POBH6W37B43KO1Z.pcm

SwiftExplicitDependencyGeneratePcm arm64 /tmp/review-today-arrival-visible/ModuleCache.noindex/AudioToolbox-1L556SH6LCK8AZ7897SMBFJHD.pcm

SwiftExplicitDependencyGeneratePcm arm64 /tmp/review-today-arrival-visible/ModuleCache.noindex/SwiftUICore-AQZ070OBWV4TQQY6OJCOGZ4TO.pcm

SwiftExplicitDependencyGeneratePcm arm64 /tmp/review-today-arrival-visible/ModuleCache.noindex/AppKit-23GX6HX5VPAJDFN9TV6KFDNGG.pcm

SwiftExplicitDependencyGeneratePcm arm64 /tmp/review-today-arrival-visible/ModuleCache.noindex/MediaToolbox-5415Q58A6YNBQLBQWFNQOB9WE.pcm

SwiftExplicitDependencyGeneratePcm arm64 /tmp/review-today-arrival-visible/ModuleCache.noindex/AVFAudio-ASG34PV4WHW901M0X5KLBS83G.pcm

SwiftExplicitDependencyGeneratePcm arm64 /tmp/review-today-arrival-visible/ModuleCache.noindex/AVFoundation-WRM58RVZHFSIQEUGZZZWY11.pcm

SwiftExplicitDependencyGeneratePcm arm64 /tmp/review-today-arrival-visible/ModuleCache.noindex/Cocoa-EYCAF3P1DIIZ33YL2MGG5FKII.pcm

SwiftExplicitDependencyGeneratePcm arm64 /tmp/review-today-arrival-visible/ModuleCache.noindex/SwiftUI-7FFYM53848JMGV36T4QD3SM3Q.pcm

SwiftExplicitDependencyGeneratePcm arm64 /tmp/review-today-arrival-visible/ModuleCache.noindex/WebKit-DQSV0TIYV80V2GA2WDZG4J0W9.pcm

SwiftExplicitDependencyGeneratePcm arm64 /tmp/review-today-arrival-visible/ModuleCache.noindex/GLKit-ENM1HPJA2MFUQLZPT4AID950Z.pcm

SwiftExplicitDependencyGeneratePcm arm64 /tmp/review-today-arrival-visible/ModuleCache.noindex/SpriteKit-SEW8BM2V802HUV5I1IFI732W.pcm

SwiftEmitModule normal arm64 Emitting\ module\ for\ Review_Today (in target 'Review_Today' from project 'Review_Today')

EmitSwiftModule normal arm64 (in target 'Review_Today' from project 'Review_Today')
    cd /Users/rexyoung/Desktop/vibe\ coding/Review_Today
    
/Users/rexyoung/Desktop/vibe coding/Review_Today/Review_Today/ReviewView.swift:622:25: warning: 'NSSpeechSynthesizer' was deprecated in macOS 14.0: Use AVSpeechSynthesizer in AVFoundation instead
    private var synth = NSSpeechSynthesizer()
                        ^
/Users/rexyoung/Desktop/vibe coding/Review_Today/Review_Today/ReviewView.swift:641:38: warning: 'NSSpeechSynthesizer' was deprecated in macOS 14.0: Use AVSpeechSynthesizer in AVFoundation instead
    func speechSynthesizer(_ sender: NSSpeechSynthesizer, didFinishSpeaking finishedSpeaking: Bool) {
                                     ^
/Users/rexyoung/Desktop/vibe coding/Review_Today/Review_Today/ReviewView.swift:621:46: warning: 'NSSpeechSynthesizerDelegate' was deprecated in macOS 14.0: Use AVSpeechSynthesizer in AVFoundation instead
private final class SpeechSpeaker: NSObject, NSSpeechSynthesizerDelegate {
                                             ^

SwiftCompile normal arm64 Compiling\ KnowledgeDeckNavigation.swift,\ KnowledgeIngestion.swift,\ KnowledgeLexicon.swift,\ KnowledgeLibrary.swift,\ KnowledgeLocator.swift,\ KnowledgeManagement.swift,\ LearningAnswerText.swift,\ LearningComposerInput.swift /Users/rexyoung/Desktop/vibe\ coding/Review_Today/Review_Today/KnowledgeDeckNavigation.swift /Users/rexyoung/Desktop/vibe\ coding/Review_Today/Review_Today/KnowledgeIngestion.swift /Users/rexyoung/Desktop/vibe\ coding/Review_Today/Review_Today/KnowledgeLexicon.swift /Users/rexyoung/Desktop/vibe\ coding/Review_Today/Review_Today/KnowledgeLibrary.swift /Users/rexyoung/Desktop/vibe\ coding/Review_Today/Review_Today/KnowledgeLocator.swift /Users/rexyoung/Desktop/vibe\ coding/Review_Today/Review_Today/KnowledgeManagement.swift /Users/rexyoung/Desktop/vibe\ coding/Review_Today/Review_Today/LearningAnswerText.swift /Users/rexyoung/Desktop/vibe\ coding/Review_Today/Review_Today/LearningComposerInput.swift (in target 'Review_Today' from project 'Review_Today')
SwiftCompile normal arm64 /Users/rexyoung/Desktop/vibe\ coding/Review_Today/Review_Today/KnowledgeDeckNavigation.swift (in target 'Review_Today' from project 'Review_Today')
    cd /Users/rexyoung/Desktop/vibe\ coding/Review_Today
    

SwiftCompile normal arm64 /Users/rexyoung/Desktop/vibe\ coding/Review_Today/Review_Today/KnowledgeIngestion.swift (in target 'Review_Today' from project 'Review_Today')
    cd /Users/rexyoung/Desktop/vibe\ coding/Review_Today
    

SwiftCompile normal arm64 /Users/rexyoung/Desktop/vibe\ coding/Review_Today/Review_Today/KnowledgeLexicon.swift (in target 'Review_Today' from project 'Review_Today')
    cd /Users/rexyoung/Desktop/vibe\ coding/Review_Today
    
/Users/rexyoung/Desktop/vibe coding/Review_Today/Review_Today/KnowledgeLexicon.swift:179:13: warning: variable 'value' was never mutated; consider changing to 'let' constant
        var value = text.trimmingCharacters(in: .whitespacesAndNewlines)
        ~~~ ^
        let
/Users/rexyoung/Desktop/vibe coding/Review_Today/Review_Today/KnowledgeLexicon.swift:219:18: warning: call to main actor-isolated static method 'parseLine' in a synchronous nonisolated context
            .map(parseLine)
                 ^
/Users/rexyoung/Desktop/vibe coding/Review_Today/Review_Today/KnowledgeLexicon.swift:222:25: note: calls to static method 'parseLine' from outside of its actor context are implicitly asynchronous
    private static func parseLine(_ line: String) -> ExplanationPiece {
                        ^

SwiftCompile normal arm64 /Users/rexyoung/Desktop/vibe\ coding/Review_Today/Review_Today/KnowledgeLibrary.swift (in target 'Review_Today' from project 'Review_Today')
    cd /Users/rexyoung/Desktop/vibe\ coding/Review_Today
    

SwiftCompile normal arm64 /Users/rexyoung/Desktop/vibe\ coding/Review_Today/Review_Today/KnowledgeLocator.swift (in target 'Review_Today' from project 'Review_Today')
    cd /Users/rexyoung/Desktop/vibe\ coding/Review_Today
    

SwiftCompile normal arm64 /Users/rexyoung/Desktop/vibe\ coding/Review_Today/Review_Today/KnowledgeManagement.swift (in target 'Review_Today' from project 'Review_Today')
    cd /Users/rexyoung/Desktop/vibe\ coding/Review_Today
    

SwiftCompile normal arm64 /Users/rexyoung/Desktop/vibe\ coding/Review_Today/Review_Today/LearningAnswerText.swift (in target 'Review_Today' from project 'Review_Today')
    cd /Users/rexyoung/Desktop/vibe\ coding/Review_Today
    

SwiftCompile normal arm64 /Users/rexyoung/Desktop/vibe\ coding/Review_Today/Review_Today/LearningComposerInput.swift (in target 'Review_Today' from project 'Review_Today')
    cd /Users/rexyoung/Desktop/vibe\ coding/Review_Today
    

SwiftCompile normal arm64 Compiling\ ContentView.swift,\ ContextCapacityIndicator.swift,\ ConversationCheckpoint.swift,\ ConversationModels.swift,\ ConversationProcessor.swift,\ ConversationSync.swift,\ ConversationWorkSnapshot.swift,\ DeckRenderProbe.swift /Users/rexyoung/Desktop/vibe\ coding/Review_Today/Review_Today/ContentView.swift /Users/rexyoung/Desktop/vibe\ coding/Review_Today/Review_Today/ContextCapacityIndicator.swift /Users/rexyoung/Desktop/vibe\ coding/Review_Today/Review_Today/ConversationCheckpoint.swift /Users/rexyoung/Desktop/vibe\ coding/Review_Today/Review_Today/ConversationModels.swift /Users/rexyoung/Desktop/vibe\ coding/Review_Today/Review_Today/ConversationProcessor.swift /Users/rexyoung/Desktop/vibe\ coding/Review_Today/Review_Today/ConversationSync.swift /Users/rexyoung/Desktop/vibe\ coding/Review_Today/Review_Today/ConversationWorkSnapshot.swift /Users/rexyoung/Desktop/vibe\ coding/Review_Today/Review_Today/DeckRenderProbe.swift (in target 'Review_Today' from project 'Review_Today')
SwiftCompile normal arm64 /Users/rexyoung/Desktop/vibe\ coding/Review_Today/Review_Today/ContentView.swift (in target 'Review_Today' from project 'Review_Today')
    cd /Users/rexyoung/Desktop/vibe\ coding/Review_Today
    

SwiftCompile normal arm64 /Users/rexyoung/Desktop/vibe\ coding/Review_Today/Review_Today/ContextCapacityIndicator.swift (in target 'Review_Today' from project 'Review_Today')
    cd /Users/rexyoung/Desktop/vibe\ coding/Review_Today
    
/Users/rexyoung/Desktop/vibe coding/Review_Today/Review_Today/ContextCapacityIndicator.swift:27:75: warning: call to main actor-isolated static method 'compact' in a synchronous nonisolated context
        return String(localized: "约 \(Self.compact(used)) / \(limit.map(Self.compact) ?? String(localized: "上限未知"))")
/Users/rexyoung/Desktop/vibe coding/Review_Today/Review_Today/ContextCapacityIndicator.swift:41:17: note: calls to static method 'compact' from outside of its actor context are implicitly asynchronous
    static func compact(_ value: Int) -> String {
                ^

SwiftCompile normal arm64 /Users/rexyoung/Desktop/vibe\ coding/Review_Today/Review_Today/ConversationCheckpoint.swift (in target 'Review_Today' from project 'Review_Today')
    cd /Users/rexyoung/Desktop/vibe\ coding/Review_Today
    

SwiftCompile normal arm64 /Users/rexyoung/Desktop/vibe\ coding/Review_Today/Review_Today/ConversationModels.swift (in target 'Review_Today' from project 'Review_Today')
    cd /Users/rexyoung/Desktop/vibe\ coding/Review_Today
    

SwiftCompile normal arm64 /Users/rexyoung/Desktop/vibe\ coding/Review_Today/Review_Today/ConversationProcessor.swift (in target 'Review_Today' from project 'Review_Today')
    cd /Users/rexyoung/Desktop/vibe\ coding/Review_Today
    

SwiftCompile normal arm64 /Users/rexyoung/Desktop/vibe\ coding/Review_Today/Review_Today/ConversationSync.swift (in target 'Review_Today' from project 'Review_Today')
    cd /Users/rexyoung/Desktop/vibe\ coding/Review_Today
    

SwiftCompile normal arm64 /Users/rexyoung/Desktop/vibe\ coding/Review_Today/Review_Today/ConversationWorkSnapshot.swift (in target 'Review_Today' from project 'Review_Today')
    cd /Users/rexyoung/Desktop/vibe\ coding/Review_Today
    

SwiftCompile normal arm64 /Users/rexyoung/Desktop/vibe\ coding/Review_Today/Review_Today/DeckRenderProbe.swift (in target 'Review_Today' from project 'Review_Today')
    cd /Users/rexyoung/Desktop/vibe\ coding/Review_Today
    

SwiftCompile normal arm64 Compiling\ RunwayChrome.swift,\ SessionActivityStatus.swift,\ SessionDeletion.swift,\ SessionListSelection.swift,\ SessionOrganization.swift,\ SessionTagEditor.swift,\ SidebarNavigation.swift,\ SidebarWindowControls.swift /Users/rexyoung/Desktop/vibe\ coding/Review_Today/Review_Today/RunwayChrome.swift /Users/rexyoung/Desktop/vibe\ coding/Review_Today/Review_Today/SessionActivityStatus.swift /Users/rexyoung/Desktop/vibe\ coding/Review_Today/Review_Today/SessionDeletion.swift /Users/rexyoung/Desktop/vibe\ coding/Review_Today/Review_Today/SessionListSelection.swift /Users/rexyoung/Desktop/vibe\ coding/Review_Today/Review_Today/SessionOrganization.swift /Users/rexyoung/Desktop/vibe\ coding/Review_Today/Review_Today/SessionTagEditor.swift /Users/rexyoung/Desktop/vibe\ coding/Review_Today/Review_Today/SidebarNavigation.swift /Users/rexyoung/Desktop/vibe\ coding/Review_Today/Review_Today/SidebarWindowControls.swift (in target 'Review_Today' from project 'Review_Today')
SwiftCompile normal arm64 /Users/rexyoung/Desktop/vibe\ coding/Review_Today/Review_Today/RunwayChrome.swift (in target 'Review_Today' from project 'Review_Today')
    cd /Users/rexyoung/Desktop/vibe\ coding/Review_Today
    

SwiftCompile normal arm64 /Users/rexyoung/Desktop/vibe\ coding/Review_Today/Review_Today/SessionActivityStatus.swift (in target 'Review_Today' from project 'Review_Today')
    cd /Users/rexyoung/Desktop/vibe\ coding/Review_Today
    

SwiftCompile normal arm64 /Users/rexyoung/Desktop/vibe\ coding/Review_Today/Review_Today/SessionDeletion.swift (in target 'Review_Today' from project 'Review_Today')
    cd /Users/rexyoung/Desktop/vibe\ coding/Review_Today
    

SwiftCompile normal arm64 /Users/rexyoung/Desktop/vibe\ coding/Review_Today/Review_Today/SessionListSelection.swift (in target 'Review_Today' from project 'Review_Today')
    cd /Users/rexyoung/Desktop/vibe\ coding/Review_Today
    

SwiftCompile normal arm64 /Users/rexyoung/Desktop/vibe\ coding/Review_Today/Review_Today/SessionOrganization.swift (in target 'Review_Today' from project 'Review_Today')
    cd /Users/rexyoung/Desktop/vibe\ coding/Review_Today
    

SwiftCompile normal arm64 /Users/rexyoung/Desktop/vibe\ coding/Review_Today/Review_Today/SessionTagEditor.swift (in target 'Review_Today' from project 'Review_Today')
    cd /Users/rexyoung/Desktop/vibe\ coding/Review_Today
    

SwiftCompile normal arm64 /Users/rexyoung/Desktop/vibe\ coding/Review_Today/Review_Today/SidebarNavigation.swift (in target 'Review_Today' from project 'Review_Today')
    cd /Users/rexyoung/Desktop/vibe\ coding/Review_Today
    

SwiftCompile normal arm64 /Users/rexyoung/Desktop/vibe\ coding/Review_Today/Review_Today/SidebarWindowControls.swift (in target 'Review_Today' from project 'Review_Today')
    cd /Users/rexyoung/Desktop/vibe\ coding/Review_Today
    

SwiftCompile normal arm64 Compiling\ NavigationPerformance.swift,\ PageArrivalFade.swift,\ ReminderNotifications.swift,\ Review_TodayApp.swift,\ ReviewCoordinator.swift,\ ReviewMaintenance.swift,\ ReviewView.swift,\ RunFeedbackViews.swift /Users/rexyoung/Desktop/vibe\ coding/Review_Today/Review_Today/NavigationPerformance.swift /Users/rexyoung/Desktop/vibe\ coding/Review_Today/Review_Today/PageArrivalFade.swift /Users/rexyoung/Desktop/vibe\ coding/Review_Today/Review_Today/ReminderNotifications.swift /Users/rexyoung/Desktop/vibe\ coding/Review_Today/Review_Today/Review_TodayApp.swift /Users/rexyoung/Desktop/vibe\ coding/Review_Today/Review_Today/ReviewCoordinator.swift /Users/rexyoung/Desktop/vibe\ coding/Review_Today/Review_Today/ReviewMaintenance.swift /Users/rexyoung/Desktop/vibe\ coding/Review_Today/Review_Today/ReviewView.swift /Users/rexyoung/Desktop/vibe\ coding/Review_Today/Review_Today/RunFeedbackViews.swift (in target 'Review_Today' from project 'Review_Today')

SwiftCompile normal arm64 /Users/rexyoung/Desktop/vibe\ coding/Review_Today/Review_Today/NavigationPerformance.swift (in target 'Review_Today' from project 'Review_Today')
    cd /Users/rexyoung/Desktop/vibe\ coding/Review_Today
    

SwiftCompile normal arm64 /Users/rexyoung/Desktop/vibe\ coding/Review_Today/Review_Today/PageArrivalFade.swift (in target 'Review_Today' from project 'Review_Today')
    cd /Users/rexyoung/Desktop/vibe\ coding/Review_Today
    

SwiftCompile normal arm64 /Users/rexyoung/Desktop/vibe\ coding/Review_Today/Review_Today/ReminderNotifications.swift (in target 'Review_Today' from project 'Review_Today')
    cd /Users/rexyoung/Desktop/vibe\ coding/Review_Today
    

SwiftCompile normal arm64 /Users/rexyoung/Desktop/vibe\ coding/Review_Today/Review_Today/Review_TodayApp.swift (in target 'Review_Today' from project 'Review_Today')
    cd /Users/rexyoung/Desktop/vibe\ coding/Review_Today
    

SwiftCompile normal arm64 /Users/rexyoung/Desktop/vibe\ coding/Review_Today/Review_Today/ReviewCoordinator.swift (in target 'Review_Today' from project 'Review_Today')
    cd /Users/rexyoung/Desktop/vibe\ coding/Review_Today
    

SwiftCompile normal arm64 /Users/rexyoung/Desktop/vibe\ coding/Review_Today/Review_Today/ReviewMaintenance.swift (in target 'Review_Today' from project 'Review_Today')
    cd /Users/rexyoung/Desktop/vibe\ coding/Review_Today
    

SwiftCompile normal arm64 /Users/rexyoung/Desktop/vibe\ coding/Review_Today/Review_Today/ReviewView.swift (in target 'Review_Today' from project 'Review_Today')
    cd /Users/rexyoung/Desktop/vibe\ coding/Review_Today
    
/Users/rexyoung/Desktop/vibe coding/Review_Today/Review_Today/ReviewView.swift:622:25: warning: 'NSSpeechSynthesizer' was deprecated in macOS 14.0: Use AVSpeechSynthesizer in AVFoundation instead
    private var synth = NSSpeechSynthesizer()
                        ^
/Users/rexyoung/Desktop/vibe coding/Review_Today/Review_Today/ReviewView.swift:641:38: warning: 'NSSpeechSynthesizer' was deprecated in macOS 14.0: Use AVSpeechSynthesizer in AVFoundation instead
    func speechSynthesizer(_ sender: NSSpeechSynthesizer, didFinishSpeaking finishedSpeaking: Bool) {
                                     ^
/Users/rexyoung/Desktop/vibe coding/Review_Today/Review_Today/ReviewView.swift:621:46: warning: 'NSSpeechSynthesizerDelegate' was deprecated in macOS 14.0: Use AVSpeechSynthesizer in AVFoundation instead
private final class SpeechSpeaker: NSObject, NSSpeechSynthesizerDelegate {
                                             ^
/Users/rexyoung/Desktop/vibe coding/Review_Today/Review_Today/ReviewView.swift:627:15: warning: 'delegate' was deprecated in macOS 14.0: Use AVSpeechSynthesizer in AVFoundation instead
        synth.delegate = self
              ^
/Users/rexyoung/Desktop/vibe coding/Review_Today/Review_Today/ReviewView.swift:633:15: warning: 'startSpeaking' was deprecated in macOS 14.0: Use AVSpeechSynthesizer in AVFoundation instead
        synth.startSpeaking(text)
              ^
/Users/rexyoung/Desktop/vibe coding/Review_Today/Review_Today/ReviewView.swift:637:15: warning: 'stopSpeaking()' was deprecated in macOS 14.0: Use AVSpeechSynthesizer in AVFoundation instead
        synth.stopSpeaking()
              ^

SwiftCompile normal arm64 /Users/rexyoung/Desktop/vibe\ coding/Review_Today/Review_Today/RunFeedbackViews.swift (in target 'Review_Today' from project 'Review_Today')
    cd /Users/rexyoung/Desktop/vibe\ coding/Review_Today
    

SwiftCompile normal arm64 Compiling\ ThemeToggle.swift,\ TodayActivityHeatmap.swift,\ TodayActivitySnapshot.swift,\ TodayActivitySource.swift,\ TodayView.swift,\ UserLanguage.swift,\ VoiceRecorder.swift,\ GeneratedAssetSymbols.swift /Users/rexyoung/Desktop/vibe\ coding/Review_Today/Review_Today/ThemeToggle.swift /Users/rexyoung/Desktop/vibe\ coding/Review_Today/Review_Today/TodayActivityHeatmap.swift /Users/rexyoung/Desktop/vibe\ coding/Review_Today/Review_Today/TodayActivitySnapshot.swift /Users/rexyoung/Desktop/vibe\ coding/Review_Today/Review_Today/TodayActivitySource.swift /Users/rexyoung/Desktop/vibe\ coding/Review_Today/Review_Today/TodayView.swift /Users/rexyoung/Desktop/vibe\ coding/Review_Today/Review_Today/UserLanguage.swift /Users/rexyoung/Desktop/vibe\ coding/Review_Today/Review_Today/VoiceRecorder.swift /tmp/review-today-arrival-visible/Build/Intermediates.noindex/Review_Today.build/Debug/Review_Today.build/DerivedSources/GeneratedAssetSymbols.swift (in target 'Review_Today' from project 'Review_Today')

SwiftCompile normal arm64 /Users/rexyoung/Desktop/vibe\ coding/Review_Today/Review_Today/ThemeToggle.swift (in target 'Review_Today' from project 'Review_Today')
    cd /Users/rexyoung/Desktop/vibe\ coding/Review_Today
    

SwiftCompile normal arm64 /Users/rexyoung/Desktop/vibe\ coding/Review_Today/Review_Today/TodayActivityHeatmap.swift (in target 'Review_Today' from project 'Review_Today')
    cd /Users/rexyoung/Desktop/vibe\ coding/Review_Today
    

SwiftCompile normal arm64 /Users/rexyoung/Desktop/vibe\ coding/Review_Today/Review_Today/TodayActivitySnapshot.swift (in target 'Review_Today' from project 'Review_Today')
    cd /Users/rexyoung/Desktop/vibe\ coding/Review_Today
    

SwiftCompile normal arm64 /Users/rexyoung/Desktop/vibe\ coding/Review_Today/Review_Today/TodayActivitySource.swift (in target 'Review_Today' from project 'Review_Today')
    cd /Users/rexyoung/Desktop/vibe\ coding/Review_Today
    
/Users/rexyoung/Desktop/vibe coding/Review_Today/Review_Today/TodayActivitySource.swift:97:31: warning: reference to captured var 'self' in concurrently-executing code; this is an error in the Swift 6 language mode
                    guard let self, self.generation == current else { return }
                              ^

SwiftCompile normal arm64 /Users/rexyoung/Desktop/vibe\ coding/Review_Today/Review_Today/TodayView.swift (in target 'Review_Today' from project 'Review_Today')
    cd /Users/rexyoung/Desktop/vibe\ coding/Review_Today
    

SwiftCompile normal arm64 /Users/rexyoung/Desktop/vibe\ coding/Review_Today/Review_Today/UserLanguage.swift (in target 'Review_Today' from project 'Review_Today')
    cd /Users/rexyoung/Desktop/vibe\ coding/Review_Today
    

SwiftCompile normal arm64 /Users/rexyoung/Desktop/vibe\ coding/Review_Today/Review_Today/VoiceRecorder.swift (in target 'Review_Today' from project 'Review_Today')
    cd /Users/rexyoung/Desktop/vibe\ coding/Review_Today
    

SwiftCompile normal arm64 /tmp/review-today-arrival-visible/Build/Intermediates.noindex/Review_Today.build/Debug/Review_Today.build/DerivedSources/GeneratedAssetSymbols.swift (in target 'Review_Today' from project 'Review_Today')
    cd /Users/rexyoung/Desktop/vibe\ coding/Review_Today
    

SwiftCompile normal arm64 Compiling\ LearningDraftStore.swift,\ LearningMemory.swift,\ LearningSessionActions.swift,\ LearningSessionProgress.swift,\ LearningTaskCard.swift,\ LearningTextInput.swift,\ LearningWorkspace.swift,\ LibraryInboxSettings.swift /Users/rexyoung/Desktop/vibe\ coding/Review_Today/Review_Today/LearningDraftStore.swift /Users/rexyoung/Desktop/vibe\ coding/Review_Today/Review_Today/LearningMemory.swift /Users/rexyoung/Desktop/vibe\ coding/Review_Today/Review_Today/LearningSessionActions.swift /Users/rexyoung/Desktop/vibe\ coding/Review_Today/Review_Today/LearningSessionProgress.swift /Users/rexyoung/Desktop/vibe\ coding/Review_Today/Review_Today/LearningTaskCard.swift /Users/rexyoung/Desktop/vibe\ coding/Review_Today/Review_Today/LearningTextInput.swift /Users/rexyoung/Desktop/vibe\ coding/Review_Today/Review_Today/LearningWorkspace.swift /Users/rexyoung/Desktop/vibe\ coding/Review_Today/Review_Today/LibraryInboxSettings.swift (in target 'Review_Today' from project 'Review_Today')
SwiftCompile normal arm64 /Users/rexyoung/Desktop/vibe\ coding/Review_Today/Review_Today/LearningDraftStore.swift (in target 'Review_Today' from project 'Review_Today')
    cd /Users/rexyoung/Desktop/vibe\ coding/Review_Today
    

SwiftCompile normal arm64 /Users/rexyoung/Desktop/vibe\ coding/Review_Today/Review_Today/LearningMemory.swift (in target 'Review_Today' from project 'Review_Today')
    cd /Users/rexyoung/Desktop/vibe\ coding/Review_Today
    

SwiftCompile normal arm64 /Users/rexyoung/Desktop/vibe\ coding/Review_Today/Review_Today/LearningSessionActions.swift (in target 'Review_Today' from project 'Review_Today')
    cd /Users/rexyoung/Desktop/vibe\ coding/Review_Today
    

SwiftCompile normal arm64 /Users/rexyoung/Desktop/vibe\ coding/Review_Today/Review_Today/LearningSessionProgress.swift (in target 'Review_Today' from project 'Review_Today')
    cd /Users/rexyoung/Desktop/vibe\ coding/Review_Today
    

SwiftCompile normal arm64 /Users/rexyoung/Desktop/vibe\ coding/Review_Today/Review_Today/LearningTaskCard.swift (in target 'Review_Today' from project 'Review_Today')
    cd /Users/rexyoung/Desktop/vibe\ coding/Review_Today
    

SwiftCompile normal arm64 /Users/rexyoung/Desktop/vibe\ coding/Review_Today/Review_Today/LearningTextInput.swift (in target 'Review_Today' from project 'Review_Today')
    cd /Users/rexyoung/Desktop/vibe\ coding/Review_Today
    

SwiftCompile normal arm64 /Users/rexyoung/Desktop/vibe\ coding/Review_Today/Review_Today/LearningWorkspace.swift (in target 'Review_Today' from project 'Review_Today')
    cd /Users/rexyoung/Desktop/vibe\ coding/Review_Today
    

SwiftCompile normal arm64 /Users/rexyoung/Desktop/vibe\ coding/Review_Today/Review_Today/LibraryInboxSettings.swift (in target 'Review_Today' from project 'Review_Today')
    cd /Users/rexyoung/Desktop/vibe\ coding/Review_Today
    
/Users/rexyoung/Desktop/vibe coding/Review_Today/Review_Today/LibraryInboxSettings.swift:166:13: warning: result of 'try?' is unused
            try? await AgentAPI.captureAction(taskId: task.id, action: "delete")
            ^~~~~~~~~~~~~~~~~~~~~~~~~~~~~~~~~~~~~~~~~~~~~~~~~~~~~~~~~~~~~~~~~~~~

SwiftCompile normal arm64 Compiling\ ArchivedConversations.swift,\ BrandMark.swift,\ BrandMaterialTrial.swift,\ BrandTypography.swift,\ CaptureProcessor.swift,\ CoachMark.swift,\ ComposerControlsLayout.swift,\ ComposerKnowledgePicker.swift /Users/rexyoung/Desktop/vibe\ coding/Review_Today/Review_Today/ArchivedConversations.swift /Users/rexyoung/Desktop/vibe\ coding/Review_Today/Review_Today/BrandMark.swift /Users/rexyoung/Desktop/vibe\ coding/Review_Today/Review_Today/BrandMaterialTrial.swift /Users/rexyoung/Desktop/vibe\ coding/Review_Today/Review_Today/BrandTypography.swift /Users/rexyoung/Desktop/vibe\ coding/Review_Today/Review_Today/CaptureProcessor.swift /Users/rexyoung/Desktop/vibe\ coding/Review_Today/Review_Today/CoachMark.swift /Users/rexyoung/Desktop/vibe\ coding/Review_Today/Review_Today/ComposerControlsLayout.swift /Users/rexyoung/Desktop/vibe\ coding/Review_Today/Review_Today/ComposerKnowledgePicker.swift (in target 'Review_Today' from project 'Review_Today')

SwiftCompile normal arm64 /Users/rexyoung/Desktop/vibe\ coding/Review_Today/Review_Today/ArchivedConversations.swift (in target 'Review_Today' from project 'Review_Today')
    cd /Users/rexyoung/Desktop/vibe\ coding/Review_Today
    

SwiftCompile normal arm64 /Users/rexyoung/Desktop/vibe\ coding/Review_Today/Review_Today/BrandMark.swift (in target 'Review_Today' from project 'Review_Today')
    cd /Users/rexyoung/Desktop/vibe\ coding/Review_Today
    

SwiftCompile normal arm64 /Users/rexyoung/Desktop/vibe\ coding/Review_Today/Review_Today/BrandMaterialTrial.swift (in target 'Review_Today' from project 'Review_Today')
    cd /Users/rexyoung/Desktop/vibe\ coding/Review_Today
    

SwiftCompile normal arm64 /Users/rexyoung/Desktop/vibe\ coding/Review_Today/Review_Today/BrandTypography.swift (in target 'Review_Today' from project 'Review_Today')
    cd /Users/rexyoung/Desktop/vibe\ coding/Review_Today
    

SwiftCompile normal arm64 /Users/rexyoung/Desktop/vibe\ coding/Review_Today/Review_Today/CaptureProcessor.swift (in target 'Review_Today' from project 'Review_Today')
    cd /Users/rexyoung/Desktop/vibe\ coding/Review_Today
    

SwiftCompile normal arm64 /Users/rexyoung/Desktop/vibe\ coding/Review_Today/Review_Today/CoachMark.swift (in target 'Review_Today' from project 'Review_Today')
    cd /Users/rexyoung/Desktop/vibe\ coding/Review_Today
    

SwiftCompile normal arm64 /Users/rexyoung/Desktop/vibe\ coding/Review_Today/Review_Today/ComposerControlsLayout.swift (in target 'Review_Today' from project 'Review_Today')
    cd /Users/rexyoung/Desktop/vibe\ coding/Review_Today
    

SwiftCompile normal arm64 /Users/rexyoung/Desktop/vibe\ coding/Review_Today/Review_Today/ComposerKnowledgePicker.swift (in target 'Review_Today' from project 'Review_Today')
    cd /Users/rexyoung/Desktop/vibe\ coding/Review_Today
    

SwiftCompile normal arm64 Compiling\ M1DebugFixture.swift,\ MascotAnimationPOC.swift,\ MascotMotion.swift,\ MascotMotionPreview.swift,\ MascotSpeechDemoController.swift,\ MessageDeliveryPresentation.swift,\ Models.swift,\ MrBPresentation.swift /Users/rexyoung/Desktop/vibe\ coding/Review_Today/Review_Today/M1DebugFixture.swift /Users/rexyoung/Desktop/vibe\ coding/Review_Today/Review_Today/MascotAnimationPOC.swift /Users/rexyoung/Desktop/vibe\ coding/Review_Today/Review_Today/MascotMotion.swift /Users/rexyoung/Desktop/vibe\ coding/Review_Today/Review_Today/MascotMotionPreview.swift /Users/rexyoung/Desktop/vibe\ coding/Review_Today/Review_Today/MascotSpeechDemoController.swift /Users/rexyoung/Desktop/vibe\ coding/Review_Today/Review_Today/MessageDeliveryPresentation.swift /Users/rexyoung/Desktop/vibe\ coding/Review_Today/Review_Today/Models.swift /Users/rexyoung/Desktop/vibe\ coding/Review_Today/Review_Today/MrBPresentation.swift (in target 'Review_Today' from project 'Review_Today')

SwiftCompile normal arm64 /Users/rexyoung/Desktop/vibe\ coding/Review_Today/Review_Today/M1DebugFixture.swift (in target 'Review_Today' from project 'Review_Today')
    cd /Users/rexyoung/Desktop/vibe\ coding/Review_Today
    

SwiftCompile normal arm64 /Users/rexyoung/Desktop/vibe\ coding/Review_Today/Review_Today/MascotAnimationPOC.swift (in target 'Review_Today' from project 'Review_Today')
    cd /Users/rexyoung/Desktop/vibe\ coding/Review_Today
    

SwiftCompile normal arm64 /Users/rexyoung/Desktop/vibe\ coding/Review_Today/Review_Today/MascotMotion.swift (in target 'Review_Today' from project 'Review_Today')
    cd /Users/rexyoung/Desktop/vibe\ coding/Review_Today
    

SwiftCompile normal arm64 /Users/rexyoung/Desktop/vibe\ coding/Review_Today/Review_Today/MascotMotionPreview.swift (in target 'Review_Today' from project 'Review_Today')
    cd /Users/rexyoung/Desktop/vibe\ coding/Review_Today
    

SwiftCompile normal arm64 /Users/rexyoung/Desktop/vibe\ coding/Review_Today/Review_Today/MascotSpeechDemoController.swift (in target 'Review_Today' from project 'Review_Today')
    cd /Users/rexyoung/Desktop/vibe\ coding/Review_Today
    

SwiftCompile normal arm64 /Users/rexyoung/Desktop/vibe\ coding/Review_Today/Review_Today/MessageDeliveryPresentation.swift (in target 'Review_Today' from project 'Review_Today')
    cd /Users/rexyoung/Desktop/vibe\ coding/Review_Today
    

SwiftCompile normal arm64 /Users/rexyoung/Desktop/vibe\ coding/Review_Today/Review_Today/Models.swift (in target 'Review_Today' from project 'Review_Today')
    cd /Users/rexyoung/Desktop/vibe\ coding/Review_Today
    

SwiftCompile normal arm64 /Users/rexyoung/Desktop/vibe\ coding/Review_Today/Review_Today/MrBPresentation.swift (in target 'Review_Today' from project 'Review_Today')
    cd /Users/rexyoung/Desktop/vibe\ coding/Review_Today
    

SwiftCompile normal arm64 Compiling\ DepthCarousel.swift,\ DictationController.swift,\ Fsrs.swift,\ GlassPreviewStyle.swift,\ HarnessProcessor.swift,\ InteractionChrome.swift,\ KnowledgeCardReader.swift,\ KnowledgeDeckInput.swift /Users/rexyoung/Desktop/vibe\ coding/Review_Today/Review_Today/DepthCarousel.swift /Users/rexyoung/Desktop/vibe\ coding/Review_Today/Review_Today/DictationController.swift /Users/rexyoung/Desktop/vibe\ coding/Review_Today/Review_Today/Fsrs.swift /Users/rexyoung/Desktop/vibe\ coding/Review_Today/Review_Today/GlassPreviewStyle.swift /Users/rexyoung/Desktop/vibe\ coding/Review_Today/Review_Today/HarnessProcessor.swift /Users/rexyoung/Desktop/vibe\ coding/Review_Today/Review_Today/InteractionChrome.swift /Users/rexyoung/Desktop/vibe\ coding/Review_Today/Review_Today/KnowledgeCardReader.swift /Users/rexyoung/Desktop/vibe\ coding/Review_Today/Review_Today/KnowledgeDeckInput.swift (in target 'Review_Today' from project 'Review_Today')
SwiftCompile normal arm64 /Users/rexyoung/Desktop/vibe\ coding/Review_Today/Review_Today/DepthCarousel.swift (in target 'Review_Today' from project 'Review_Today')
    cd /Users/rexyoung/Desktop/vibe\ coding/Review_Today
    

SwiftCompile normal arm64 /Users/rexyoung/Desktop/vibe\ coding/Review_Today/Review_Today/DictationController.swift (in target 'Review_Today' from project 'Review_Today')
    cd /Users/rexyoung/Desktop/vibe\ coding/Review_Today
    

SwiftCompile normal arm64 /Users/rexyoung/Desktop/vibe\ coding/Review_Today/Review_Today/Fsrs.swift (in target 'Review_Today' from project 'Review_Today')
    cd /Users/rexyoung/Desktop/vibe\ coding/Review_Today
    

SwiftCompile normal arm64 /Users/rexyoung/Desktop/vibe\ coding/Review_Today/Review_Today/GlassPreviewStyle.swift (in target 'Review_Today' from project 'Review_Today')
    cd /Users/rexyoung/Desktop/vibe\ coding/Review_Today
    

SwiftCompile normal arm64 /Users/rexyoung/Desktop/vibe\ coding/Review_Today/Review_Today/HarnessProcessor.swift (in target 'Review_Today' from project 'Review_Today')
    cd /Users/rexyoung/Desktop/vibe\ coding/Review_Today
    

SwiftCompile normal arm64 /Users/rexyoung/Desktop/vibe\ coding/Review_Today/Review_Today/InteractionChrome.swift (in target 'Review_Today' from project 'Review_Today')
    cd /Users/rexyoung/Desktop/vibe\ coding/Review_Today
    

SwiftCompile normal arm64 /Users/rexyoung/Desktop/vibe\ coding/Review_Today/Review_Today/KnowledgeCardReader.swift (in target 'Review_Today' from project 'Review_Today')
    cd /Users/rexyoung/Desktop/vibe\ coding/Review_Today
    

SwiftCompile normal arm64 /Users/rexyoung/Desktop/vibe\ coding/Review_Today/Review_Today/KnowledgeDeckInput.swift (in target 'Review_Today' from project 'Review_Today')
    cd /Users/rexyoung/Desktop/vibe\ coding/Review_Today
    

SwiftCompile normal arm64 Compiling\ ActivityDayGrid.swift,\ AgentAPI.swift,\ AgentComposerStore.swift,\ AgentServiceMonitor.swift,\ AnswerDocument.swift,\ AnswerReadabilitySamples.swift,\ AppRuntime.swift,\ AppSidebar.swift /Users/rexyoung/Desktop/vibe\ coding/Review_Today/Review_Today/ActivityDayGrid.swift /Users/rexyoung/Desktop/vibe\ coding/Review_Today/Review_Today/AgentAPI.swift /Users/rexyoung/Desktop/vibe\ coding/Review_Today/Review_Today/AgentComposerStore.swift /Users/rexyoung/Desktop/vibe\ coding/Review_Today/Review_Today/AgentServiceMonitor.swift /Users/rexyoung/Desktop/vibe\ coding/Review_Today/Review_Today/AnswerDocument.swift /Users/rexyoung/Desktop/vibe\ coding/Review_Today/Review_Today/AnswerReadabilitySamples.swift /Users/rexyoung/Desktop/vibe\ coding/Review_Today/Review_Today/AppRuntime.swift /Users/rexyoung/Desktop/vibe\ coding/Review_Today/Review_Today/AppSidebar.swift (in target 'Review_Today' from project 'Review_Today')

SwiftCompile normal arm64 /Users/rexyoung/Desktop/vibe\ coding/Review_Today/Review_Today/ActivityDayGrid.swift (in target 'Review_Today' from project 'Review_Today')
    cd /Users/rexyoung/Desktop/vibe\ coding/Review_Today
    

SwiftCompile normal arm64 /Users/rexyoung/Desktop/vibe\ coding/Review_Today/Review_Today/AgentAPI.swift (in target 'Review_Today' from project 'Review_Today')
    cd /Users/rexyoung/Desktop/vibe\ coding/Review_Today
    

SwiftCompile normal arm64 /Users/rexyoung/Desktop/vibe\ coding/Review_Today/Review_Today/AgentComposerStore.swift (in target 'Review_Today' from project 'Review_Today')
    cd /Users/rexyoung/Desktop/vibe\ coding/Review_Today
    

SwiftCompile normal arm64 /Users/rexyoung/Desktop/vibe\ coding/Review_Today/Review_Today/AgentServiceMonitor.swift (in target 'Review_Today' from project 'Review_Today')
    cd /Users/rexyoung/Desktop/vibe\ coding/Review_Today
    

SwiftCompile normal arm64 /Users/rexyoung/Desktop/vibe\ coding/Review_Today/Review_Today/AnswerDocument.swift (in target 'Review_Today' from project 'Review_Today')
    cd /Users/rexyoung/Desktop/vibe\ coding/Review_Today
    

SwiftCompile normal arm64 /Users/rexyoung/Desktop/vibe\ coding/Review_Today/Review_Today/AnswerReadabilitySamples.swift (in target 'Review_Today' from project 'Review_Today')
    cd /Users/rexyoung/Desktop/vibe\ coding/Review_Today
    

SwiftCompile normal arm64 /Users/rexyoung/Desktop/vibe\ coding/Review_Today/Review_Today/AppRuntime.swift (in target 'Review_Today' from project 'Review_Today')
    cd /Users/rexyoung/Desktop/vibe\ coding/Review_Today
    

SwiftCompile normal arm64 /Users/rexyoung/Desktop/vibe\ coding/Review_Today/Review_Today/AppSidebar.swift (in target 'Review_Today' from project 'Review_Today')
    cd /Users/rexyoung/Desktop/vibe\ coding/Review_Today
    

SwiftDriverJobDiscovery normal arm64 Emitting module for Review_Today (in target 'Review_Today' from project 'Review_Today')

SwiftDriverJobDiscovery normal arm64 Compiling KnowledgeDeckNavigation.swift, KnowledgeIngestion.swift, KnowledgeLexicon.swift, KnowledgeLibrary.swift, KnowledgeLocator.swift, KnowledgeManagement.swift, LearningAnswerText.swift, LearningComposerInput.swift (in target 'Review_Today' from project 'Review_Today')

SwiftDriver\ Compilation\ Requirements Review_Today normal arm64 com.apple.xcode.tools.swift.compiler (in target 'Review_Today' from project 'Review_Today')
    cd /Users/rexyoung/Desktop/vibe\ coding/Review_Today
    builtin-Swift-Compilation-Requirements -- /Applications/Xcode.app/Contents/Developer/Toolchains/XcodeDefault.xctoolchain/usr/bin/swiftc -module-name Review_Today -Onone @/tmp/review-today-arrival-visible/Build/Intermediates.noindex/Review_Today.build/Debug/Review_Today.build/Objects-normal/arm64/Review_Today.SwiftFileList -DDEBUG -default-isolation\=MainActor -enable-bare-slash-regex -enable-upcoming-feature DisableOutwardActorInference -enable-upcoming-feature InferSendableFromCaptures -enable-upcoming-feature GlobalActorIsolatedTypesUsability -enable-upcoming-feature MemberImportVisibility -enable-upcoming-feature InferIsolatedConformances -enable-upcoming-feature NonisolatedNonsendingByDefault -enable-experimental-feature DebugDescriptionMacro -sdk /Applications/Xcode.app/Contents/Developer/Platforms/MacOSX.platform/Developer/SDKs/MacOSX26.5.sdk -target arm64-apple-macos26.5 -g -module-cache-path /tmp/review-today-arrival-visible/ModuleCache.noindex -Xfrontend -serialize-debugging-options -enable-testing -index-store-path /tmp/review-today-arrival-visible/Index.noindex/DataStore -Xcc -D_LIBCPP_HARDENING_MODE\=_LIBCPP_HARDENING_MODE_DEBUG -swift-version 5 -I /tmp/review-today-arrival-visible/Build/Products/Debug -F /tmp/review-today-arrival-visible/Build/Products/Debug -emit-localized-strings -emit-localized-strings-path /tmp/review-today-arrival-visible/Build/Intermediates.noindex/Review_Today.build/Debug/Review_Today.build/Objects-normal/arm64 -c -j10 -enable-batch-mode -incremental -Xcc -ivfsstatcache -Xcc /tmp/review-today-arrival-visible/SDKStatCaches.noindex/macosx26.5-25F70-e082c4a02f00227109f4ed75e425c832.sdkstatcache -output-file-map /tmp/review-today-arrival-visible/Build/Intermediates.noindex/Review_Today.build/Debug/Review_Today.build/Objects-normal/arm64/Review_Today-OutputFileMap.json -use-frontend-parseable-output -save-temps -no-color-diagnostics -explicit-module-build -module-cache-path /tmp/review-today-arrival-visible/Build/Intermediates.noindex/SwiftExplicitPrecompiledModules -clang-scanner-module-cache-path /tmp/review-today-arrival-visible/ModuleCache.noindex -sdk-module-cache-path /tmp/review-today-arrival-visible/ModuleCache.noindex -serialize-diagnostics -emit-dependencies -emit-module -emit-module-path /tmp/review-today-arrival-visible/Build/Intermediates.noindex/Review_Today.build/Debug/Review_Today.build/Objects-normal/arm64/Review_Today.swiftmodule -validate-clang-modules-once -clang-build-session-file /tmp/review-today-arrival-visible/ModuleCache.noindex/Session.modulevalidation -Xcc -I/tmp/review-today-arrival-visible/Build/Intermediates.noindex/Review_Today.build/Debug/Review_Today.build/swift-overrides.hmap -emit-const-values -Xfrontend -const-gather-protocols-file -Xfrontend /tmp/review-today-arrival-visible/Build/Intermediates.noindex/Review_Today.build/Debug/Review_Today.build/Objects-normal/arm64/Review_Today_const_extract_protocols.json -Xcc -iquote -Xcc /tmp/review-today-arrival-visible/Build/Intermediates.noindex/Review_Today.build/Debug/Review_Today.build/Review_Today-generated-files.hmap -Xcc -I/tmp/review-today-arrival-visible/Build/Intermediates.noindex/Review_Today.build/Debug/Review_Today.build/Review_Today-own-target-headers.hmap -Xcc -I/tmp/review-today-arrival-visible/Build/Intermediates.noindex/Review_Today.build/Debug/Review_Today.build/Review_Today-all-target-headers.hmap -Xcc -iquote -Xcc /tmp/review-today-arrival-visible/Build/Intermediates.noindex/Review_Today.build/Debug/Review_Today.build/Review_Today-project-headers.hmap -Xcc -I/tmp/review-today-arrival-visible/Build/Products/Debug/include -Xcc -I/tmp/review-today-arrival-visible/Build/Intermediates.noindex/Review_Today.build/Debug/Review_Today.build/DerivedSources-normal/arm64 -Xcc -I/tmp/review-today-arrival-visible/Build/Intermediates.noindex/Review_Today.build/Debug/Review_Today.build/DerivedSources/arm64 -Xcc -I/tmp/review-today-arrival-visible/Build/Intermediates.noindex/Review_Today.build/Debug/Review_Today.build/DerivedSources -Xcc -DDEBUG\=1 -emit-objc-header -emit-objc-header-path /tmp/review-today-arrival-visible/Build/Intermediates.noindex/Review_Today.build/Debug/Review_Today.build/Objects-normal/arm64/Review_Today-Swift.h -working-directory /Users/rexyoung/Desktop/vibe\ coding/Review_Today -experimental-emit-module-separately -disable-cmo

SwiftMergeGeneratedHeaders /tmp/review-today-arrival-visible/Build/Intermediates.noindex/Review_Today.build/Debug/Review_Today.build/DerivedSources/Review_Today-Swift.h /tmp/review-today-arrival-visible/Build/Intermediates.noindex/Review_Today.build/Debug/Review_Today.build/Objects-normal/arm64/Review_Today-Swift.h (in target 'Review_Today' from project 'Review_Today')
    cd /Users/rexyoung/Desktop/vibe\ coding/Review_Today
    builtin-swiftHeaderTool -arch arm64 /tmp/review-today-arrival-visible/Build/Intermediates.noindex/Review_Today.build/Debug/Review_Today.build/Objects-normal/arm64/Review_Today-Swift.h -o /tmp/review-today-arrival-visible/Build/Intermediates.noindex/Review_Today.build/Debug/Review_Today.build/DerivedSources/Review_Today-Swift.h

Copy /tmp/review-today-arrival-visible/Build/Products/Debug/Review_Today.swiftmodule/arm64-apple-macos.swiftmodule /tmp/review-today-arrival-visible/Build/Intermediates.noindex/Review_Today.build/Debug/Review_Today.build/Objects-normal/arm64/Review_Today.swiftmodule (in target 'Review_Today' from project 'Review_Today')
    cd /Users/rexyoung/Desktop/vibe\ coding/Review_Today
    builtin-copy -exclude .DS_Store -exclude CVS -exclude .svn -exclude .git -exclude .hg -resolve-src-symlinks -rename /tmp/review-today-arrival-visible/Build/Intermediates.noindex/Review_Today.build/Debug/Review_Today.build/Objects-normal/arm64/Review_Today.swiftmodule /tmp/review-today-arrival-visible/Build/Products/Debug/Review_Today.swiftmodule/arm64-apple-macos.swiftmodule

Copy /tmp/review-today-arrival-visible/Build/Products/Debug/Review_Today.swiftmodule/arm64-apple-macos.swiftdoc /tmp/review-today-arrival-visible/Build/Intermediates.noindex/Review_Today.build/Debug/Review_Today.build/Objects-normal/arm64/Review_Today.swiftdoc (in target 'Review_Today' from project 'Review_Today')
    cd /Users/rexyoung/Desktop/vibe\ coding/Review_Today
    builtin-copy -exclude .DS_Store -exclude CVS -exclude .svn -exclude .git -exclude .hg -resolve-src-symlinks -rename /tmp/review-today-arrival-visible/Build/Intermediates.noindex/Review_Today.build/Debug/Review_Today.build/Objects-normal/arm64/Review_Today.swiftdoc /tmp/review-today-arrival-visible/Build/Products/Debug/Review_Today.swiftmodule/arm64-apple-macos.swiftdoc

Copy /tmp/review-today-arrival-visible/Build/Products/Debug/Review_Today.swiftmodule/arm64-apple-macos.abi.json /tmp/review-today-arrival-visible/Build/Intermediates.noindex/Review_Today.build/Debug/Review_Today.build/Objects-normal/arm64/Review_Today.abi.json (in target 'Review_Today' from project 'Review_Today')
    cd /Users/rexyoung/Desktop/vibe\ coding/Review_Today
    builtin-copy -exclude .DS_Store -exclude CVS -exclude .svn -exclude .git -exclude .hg -resolve-src-symlinks -rename /tmp/review-today-arrival-visible/Build/Intermediates.noindex/Review_Today.build/Debug/Review_Today.build/Objects-normal/arm64/Review_Today.abi.json /tmp/review-today-arrival-visible/Build/Products/Debug/Review_Today.swiftmodule/arm64-apple-macos.abi.json

Copy /tmp/review-today-arrival-visible/Build/Products/Debug/Review_Today.swiftmodule/Project/arm64-apple-macos.swiftsourceinfo /tmp/review-today-arrival-visible/Build/Intermediates.noindex/Review_Today.build/Debug/Review_Today.build/Objects-normal/arm64/Review_Today.swiftsourceinfo (in target 'Review_Today' from project 'Review_Today')
    cd /Users/rexyoung/Desktop/vibe\ coding/Review_Today
    builtin-copy -exclude .DS_Store -exclude CVS -exclude .svn -exclude .git -exclude .hg -resolve-src-symlinks -rename /tmp/review-today-arrival-visible/Build/Intermediates.noindex/Review_Today.build/Debug/Review_Today.build/Objects-normal/arm64/Review_Today.swiftsourceinfo /tmp/review-today-arrival-visible/Build/Products/Debug/Review_Today.swiftmodule/Project/arm64-apple-macos.swiftsourceinfo

SwiftDriverJobDiscovery normal arm64 Compiling ArchivedConversations.swift, BrandMark.swift, BrandMaterialTrial.swift, BrandTypography.swift, CaptureProcessor.swift, CoachMark.swift, ComposerControlsLayout.swift, ComposerKnowledgePicker.swift (in target 'Review_Today' from project 'Review_Today')

SwiftDriverJobDiscovery normal arm64 Compiling NavigationPerformance.swift, PageArrivalFade.swift, ReminderNotifications.swift, Review_TodayApp.swift, ReviewCoordinator.swift, ReviewMaintenance.swift, ReviewView.swift, RunFeedbackViews.swift (in target 'Review_Today' from project 'Review_Today')

SwiftDriverJobDiscovery normal arm64 Compiling ThemeToggle.swift, TodayActivityHeatmap.swift, TodayActivitySnapshot.swift, TodayActivitySource.swift, TodayView.swift, UserLanguage.swift, VoiceRecorder.swift, GeneratedAssetSymbols.swift (in target 'Review_Today' from project 'Review_Today')

SwiftDriverJobDiscovery normal arm64 Compiling M1DebugFixture.swift, MascotAnimationPOC.swift, MascotMotion.swift, MascotMotionPreview.swift, MascotSpeechDemoController.swift, MessageDeliveryPresentation.swift, Models.swift, MrBPresentation.swift (in target 'Review_Today' from project 'Review_Today')

SwiftDriverJobDiscovery normal arm64 Compiling ContentView.swift, ContextCapacityIndicator.swift, ConversationCheckpoint.swift, ConversationModels.swift, ConversationProcessor.swift, ConversationSync.swift, ConversationWorkSnapshot.swift, DeckRenderProbe.swift (in target 'Review_Today' from project 'Review_Today')

SwiftDriverJobDiscovery normal arm64 Compiling ActivityDayGrid.swift, AgentAPI.swift, AgentComposerStore.swift, AgentServiceMonitor.swift, AnswerDocument.swift, AnswerReadabilitySamples.swift, AppRuntime.swift, AppSidebar.swift (in target 'Review_Today' from project 'Review_Today')

SwiftDriverJobDiscovery normal arm64 Compiling RunwayChrome.swift, SessionActivityStatus.swift, SessionDeletion.swift, SessionListSelection.swift, SessionOrganization.swift, SessionTagEditor.swift, SidebarNavigation.swift, SidebarWindowControls.swift (in target 'Review_Today' from project 'Review_Today')

SwiftDriverJobDiscovery normal arm64 Compiling LearningDraftStore.swift, LearningMemory.swift, LearningSessionActions.swift, LearningSessionProgress.swift, LearningTaskCard.swift, LearningTextInput.swift, LearningWorkspace.swift, LibraryInboxSettings.swift (in target 'Review_Today' from project 'Review_Today')

SwiftDriverJobDiscovery normal arm64 Compiling DepthCarousel.swift, DictationController.swift, Fsrs.swift, GlassPreviewStyle.swift, HarnessProcessor.swift, InteractionChrome.swift, KnowledgeCardReader.swift, KnowledgeDeckInput.swift (in target 'Review_Today' from project 'Review_Today')

SwiftDriver\ Compilation Review_Today normal arm64 com.apple.xcode.tools.swift.compiler (in target 'Review_Today' from project 'Review_Today')
    cd /Users/rexyoung/Desktop/vibe\ coding/Review_Today
    builtin-Swift-Compilation -- /Applications/Xcode.app/Contents/Developer/Toolchains/XcodeDefault.xctoolchain/usr/bin/swiftc -module-name Review_Today -Onone @/tmp/review-today-arrival-visible/Build/Intermediates.noindex/Review_Today.build/Debug/Review_Today.build/Objects-normal/arm64/Review_Today.SwiftFileList -DDEBUG -default-isolation\=MainActor -enable-bare-slash-regex -enable-upcoming-feature DisableOutwardActorInference -enable-upcoming-feature InferSendableFromCaptures -enable-upcoming-feature GlobalActorIsolatedTypesUsability -enable-upcoming-feature MemberImportVisibility -enable-upcoming-feature InferIsolatedConformances -enable-upcoming-feature NonisolatedNonsendingByDefault -enable-experimental-feature DebugDescriptionMacro -sdk /Applications/Xcode.app/Contents/Developer/Platforms/MacOSX.platform/Developer/SDKs/MacOSX26.5.sdk -target arm64-apple-macos26.5 -g -module-cache-path /tmp/review-today-arrival-visible/ModuleCache.noindex -Xfrontend -serialize-debugging-options -enable-testing -index-store-path /tmp/review-today-arrival-visible/Index.noindex/DataStore -Xcc -D_LIBCPP_HARDENING_MODE\=_LIBCPP_HARDENING_MODE_DEBUG -swift-version 5 -I /tmp/review-today-arrival-visible/Build/Products/Debug -F /tmp/review-today-arrival-visible/Build/Products/Debug -emit-localized-strings -emit-localized-strings-path /tmp/review-today-arrival-visible/Build/Intermediates.noindex/Review_Today.build/Debug/Review_Today.build/Objects-normal/arm64 -c -j10 -enable-batch-mode -incremental -Xcc -ivfsstatcache -Xcc /tmp/review-today-arrival-visible/SDKStatCaches.noindex/macosx26.5-25F70-e082c4a02f00227109f4ed75e425c832.sdkstatcache -output-file-map /tmp/review-today-arrival-visible/Build/Intermediates.noindex/Review_Today.build/Debug/Review_Today.build/Objects-normal/arm64/Review_Today-OutputFileMap.json -use-frontend-parseable-output -save-temps -no-color-diagnostics -explicit-module-build -module-cache-path /tmp/review-today-arrival-visible/Build/Intermediates.noindex/SwiftExplicitPrecompiledModules -clang-scanner-module-cache-path /tmp/review-today-arrival-visible/ModuleCache.noindex -sdk-module-cache-path /tmp/review-today-arrival-visible/ModuleCache.noindex -serialize-diagnostics -emit-dependencies -emit-module -emit-module-path /tmp/review-today-arrival-visible/Build/Intermediates.noindex/Review_Today.build/Debug/Review_Today.build/Objects-normal/arm64/Review_Today.swiftmodule -validate-clang-modules-once -clang-build-session-file /tmp/review-today-arrival-visible/ModuleCache.noindex/Session.modulevalidation -Xcc -I/tmp/review-today-arrival-visible/Build/Intermediates.noindex/Review_Today.build/Debug/Review_Today.build/swift-overrides.hmap -emit-const-values -Xfrontend -const-gather-protocols-file -Xfrontend /tmp/review-today-arrival-visible/Build/Intermediates.noindex/Review_Today.build/Debug/Review_Today.build/Objects-normal/arm64/Review_Today_const_extract_protocols.json -Xcc -iquote -Xcc /tmp/review-today-arrival-visible/Build/Intermediates.noindex/Review_Today.build/Debug/Review_Today.build/Review_Today-generated-files.hmap -Xcc -I/tmp/review-today-arrival-visible/Build/Intermediates.noindex/Review_Today.build/Debug/Review_Today.build/Review_Today-own-target-headers.hmap -Xcc -I/tmp/review-today-arrival-visible/Build/Intermediates.noindex/Review_Today.build/Debug/Review_Today.build/Review_Today-all-target-headers.hmap -Xcc -iquote -Xcc /tmp/review-today-arrival-visible/Build/Intermediates.noindex/Review_Today.build/Debug/Review_Today.build/Review_Today-project-headers.hmap -Xcc -I/tmp/review-today-arrival-visible/Build/Products/Debug/include -Xcc -I/tmp/review-today-arrival-visible/Build/Intermediates.noindex/Review_Today.build/Debug/Review_Today.build/DerivedSources-normal/arm64 -Xcc -I/tmp/review-today-arrival-visible/Build/Intermediates.noindex/Review_Today.build/Debug/Review_Today.build/DerivedSources/arm64 -Xcc -I/tmp/review-today-arrival-visible/Build/Intermediates.noindex/Review_Today.build/Debug/Review_Today.build/DerivedSources -Xcc -DDEBUG\=1 -emit-objc-header -emit-objc-header-path /tmp/review-today-arrival-visible/Build/Intermediates.noindex/Review_Today.build/Debug/Review_Today.build/Objects-normal/arm64/Review_Today-Swift.h -working-directory /Users/rexyoung/Desktop/vibe\ coding/Review_Today -experimental-emit-module-separately -disable-cmo

Ld /tmp/review-today-arrival-visible/Build/Products/Debug/Review_Today.app/Contents/MacOS/Review_Today.debug.dylib normal (in target 'Review_Today' from project 'Review_Today')
    cd /Users/rexyoung/Desktop/vibe\ coding/Review_Today
    /Applications/Xcode.app/Contents/Developer/Toolchains/XcodeDefault.xctoolchain/usr/bin/clang -Xlinker -reproducible -target arm64-apple-macos26.5 -dynamiclib -isysroot /Applications/Xcode.app/Contents/Developer/Platforms/MacOSX.platform/Developer/SDKs/MacOSX26.5.sdk -O0 -L/tmp/review-today-arrival-visible/Build/Intermediates.noindex/EagerLinkingTBDs/Debug -L/tmp/review-today-arrival-visible/Build/Products/Debug -F/tmp/review-today-arrival-visible/Build/Intermediates.noindex/EagerLinkingTBDs/Debug -F/tmp/review-today-arrival-visible/Build/Products/Debug -filelist /tmp/review-today-arrival-visible/Build/Intermediates.noindex/Review_Today.build/Debug/Review_Today.build/Objects-normal/arm64/Review_Today.LinkFileList -install_name @rpath/Review_Today.debug.dylib -Xlinker -rpath -Xlinker @executable_path/../Frameworks -Xlinker -object_path_lto -Xlinker /tmp/review-today-arrival-visible/Build/Intermediates.noindex/Review_Today.build/Debug/Review_Today.build/Objects-normal/arm64/Review_Today_lto.o -rdynamic -Xlinker -no_deduplicate -Xlinker -dependency_info -Xlinker /tmp/review-today-arrival-visible/Build/Intermediates.noindex/Review_Today.build/Debug/Review_Today.build/Objects-normal/arm64/Review_Today_dependency_info.dat -fobjc-link-runtime -L/Applications/Xcode.app/Contents/Developer/Toolchains/XcodeDefault.xctoolchain/usr/lib/swift/macosx -L/usr/lib/swift -Xlinker -add_ast_path -Xlinker /tmp/review-today-arrival-visible/Build/Intermediates.noindex/Review_Today.build/Debug/Review_Today.build/Objects-normal/arm64/Review_Today.swiftmodule @/tmp/review-today-arrival-visible/Build/Intermediates.noindex/Review_Today.build/Debug/Review_Today.build/Objects-normal/arm64/Review_Today-linker-args.resp -Xlinker -alias -Xlinker _main -Xlinker ___debug_main_executable_dylib_entry_point -Xlinker -no_adhoc_codesign -o /tmp/review-today-arrival-visible/Build/Products/Debug/Review_Today.app/Contents/MacOS/Review_Today.debug.dylib

ConstructStubExecutorLinkFileList /tmp/review-today-arrival-visible/Build/Intermediates.noindex/Review_Today.build/Debug/Review_Today.build/Review_Today-ExecutorLinkFileList-normal-arm64.txt (in target 'Review_Today' from project 'Review_Today')
    cd /Users/rexyoung/Desktop/vibe\ coding/Review_Today
    construct-stub-executor-link-file-list /tmp/review-today-arrival-visible/Build/Products/Debug/Review_Today.app/Contents/MacOS/Review_Today.debug.dylib /Applications/Xcode.app/Contents/Developer/Platforms/MacOSX.platform/Developer/usr/lib/libPreviewsJITStubExecutor_no_swift_entry_point.a /Applications/Xcode.app/Contents/Developer/Platforms/MacOSX.platform/Developer/usr/lib/libPreviewsJITStubExecutor.a --output /tmp/review-today-arrival-visible/Build/Intermediates.noindex/Review_Today.build/Debug/Review_Today.build/Review_Today-ExecutorLinkFileList-normal-arm64.txt
note: Using stub executor library with Swift entry point. (in target 'Review_Today' from project 'Review_Today')

Ld /tmp/review-today-arrival-visible/Build/Products/Debug/Review_Today.app/Contents/MacOS/Review_Today normal (in target 'Review_Today' from project 'Review_Today')
    cd /Users/rexyoung/Desktop/vibe\ coding/Review_Today
    /Applications/Xcode.app/Contents/Developer/Toolchains/XcodeDefault.xctoolchain/usr/bin/clang -Xlinker -reproducible -target arm64-apple-macos26.5 -isysroot /Applications/Xcode.app/Contents/Developer/Platforms/MacOSX.platform/Developer/SDKs/MacOSX26.5.sdk -O0 -L/tmp/review-today-arrival-visible/Build/Products/Debug -F/tmp/review-today-arrival-visible/Build/Products/Debug -Xlinker -rpath -Xlinker @executable_path -Xlinker -rpath -Xlinker @executable_path/../Frameworks -rdynamic -Xlinker -no_deduplicate -e ___debug_blank_executor_main -Xlinker -sectcreate -Xlinker __TEXT -Xlinker __debug_dylib -Xlinker /tmp/review-today-arrival-visible/Build/Intermediates.noindex/Review_Today.build/Debug/Review_Today.build/Review_Today-DebugDylibPath-normal-arm64.txt -Xlinker -sectcreate -Xlinker __TEXT -Xlinker __debug_instlnm -Xlinker /tmp/review-today-arrival-visible/Build/Intermediates.noindex/Review_Today.build/Debug/Review_Today.build/Review_Today-DebugDylibInstallName-normal-arm64.txt -Xlinker -filelist -Xlinker /tmp/review-today-arrival-visible/Build/Intermediates.noindex/Review_Today.build/Debug/Review_Today.build/Review_Today-ExecutorLinkFileList-normal-arm64.txt /tmp/review-today-arrival-visible/Build/Products/Debug/Review_Today.app/Contents/MacOS/Review_Today.debug.dylib -Xlinker -no_adhoc_codesign -o /tmp/review-today-arrival-visible/Build/Products/Debug/Review_Today.app/Contents/MacOS/Review_Today

ExtractAppIntentsMetadata (in target 'Review_Today' from project 'Review_Today')
    cd /Users/rexyoung/Desktop/vibe\ coding/Review_Today
    /Applications/Xcode.app/Contents/Developer/Toolchains/XcodeDefault.xctoolchain/usr/bin/appintentsmetadataprocessor --toolchain-dir /Applications/Xcode.app/Contents/Developer/Toolchains/XcodeDefault.xctoolchain --module-name Review_Today --sdk-root /Applications/Xcode.app/Contents/Developer/Platforms/MacOSX.platform/Developer/SDKs/MacOSX26.5.sdk --xcode-version 17F113 --platform-family macOS --deployment-target 26.5 --bundle-identifier Rex.Review-Today --output /tmp/review-today-arrival-visible/Build/Products/Debug/Review_Today.app/Contents/Resources --target-triple arm64-apple-macos26.5 --binary-file /tmp/review-today-arrival-visible/Build/Products/Debug/Review_Today.app/Contents/MacOS/Review_Today --dependency-file /tmp/review-today-arrival-visible/Build/Intermediates.noindex/Review_Today.build/Debug/Review_Today.build/Objects-normal/arm64/Review_Today_dependency_info.dat --stringsdata-file /tmp/review-today-arrival-visible/Build/Intermediates.noindex/Review_Today.build/Debug/Review_Today.build/Objects-normal/arm64/ExtractedAppShortcutsMetadata.stringsdata --source-file-list /tmp/review-today-arrival-visible/Build/Intermediates.noindex/Review_Today.build/Debug/Review_Today.build/Objects-normal/arm64/Review_Today.SwiftFileList --metadata-file-list /tmp/review-today-arrival-visible/Build/Intermediates.noindex/Review_Today.build/Debug/Review_Today.build/Review_Today.DependencyMetadataFileList --static-metadata-file-list /tmp/review-today-arrival-visible/Build/Intermediates.noindex/Review_Today.build/Debug/Review_Today.build/Review_Today.DependencyStaticMetadataFileList --swift-const-vals-list /tmp/review-today-arrival-visible/Build/Intermediates.noindex/Review_Today.build/Debug/Review_Today.build/Objects-normal/arm64/Review_Today.SwiftConstValuesFileList --compile-time-extraction --deployment-aware-processing --validate-assistant-intents --no-app-shortcuts-localization
2026-09-13 19:44:41.497 appintentsmetadataprocessor[43413:21195011] Starting appintentsmetadataprocessor export
2026-09-13 19:44:41.505 appintentsmetadataprocessor[43413:21195011] warning: Metadata extraction skipped. No AppIntents.framework dependency found.

CopySwiftLibs /tmp/review-today-arrival-visible/Build/Products/Debug/Review_Today.app (in target 'Review_Today' from project 'Review_Today')
    cd /Users/rexyoung/Desktop/vibe\ coding/Review_Today
    builtin-swiftStdLibTool --copy --verbose --sign AF533FFD9CA2C374CAC7054AE00E006413550827 --scan-executable /tmp/review-today-arrival-visible/Build/Products/Debug/Review_Today.app/Contents/MacOS/Review_Today.debug.dylib --scan-folder /tmp/review-today-arrival-visible/Build/Products/Debug/Review_Today.app/Contents/Frameworks --scan-folder /tmp/review-today-arrival-visible/Build/Products/Debug/Review_Today.app/Contents/PlugIns --scan-folder /tmp/review-today-arrival-visible/Build/Products/Debug/Review_Today.app/Contents/Library/SystemExtensions --scan-folder /tmp/review-today-arrival-visible/Build/Products/Debug/Review_Today.app/Contents/Extensions --platform macosx --toolchain /Applications/Xcode.app/Contents/Developer/Toolchains/XcodeDefault.xctoolchain --destination /tmp/review-today-arrival-visible/Build/Products/Debug/Review_Today.app/Contents/Frameworks --strip-bitcode --strip-bitcode-tool /Applications/Xcode.app/Contents/Developer/Toolchains/XcodeDefault.xctoolchain/usr/bin/bitcode_strip --emit-dependency-info /tmp/review-today-arrival-visible/Build/Intermediates.noindex/Review_Today.build/Debug/Review_Today.build/SwiftStdLibToolInputDependencies.dep --filter-for-swift-os

CodeSign /tmp/review-today-arrival-visible/Build/Products/Debug/Review_Today.app/Contents/MacOS/Review_Today.debug.dylib (in target 'Review_Today' from project 'Review_Today')
    cd /Users/rexyoung/Desktop/vibe\ coding/Review_Today
    
    Signing Identity:     "Apple Development: a17415991@gmail.com (L486BYR7S7)"
    
    /usr/bin/codesign --force --sign AF533FFD9CA2C374CAC7054AE00E006413550827 --timestamp\=none --generate-entitlement-der /tmp/review-today-arrival-visible/Build/Products/Debug/Review_Today.app/Contents/MacOS/Review_Today.debug.dylib

CodeSign /tmp/review-today-arrival-visible/Build/Products/Debug/Review_Today.app/Contents/MacOS/__preview.dylib (in target 'Review_Today' from project 'Review_Today')
    cd /Users/rexyoung/Desktop/vibe\ coding/Review_Today
    
    Signing Identity:     "Apple Development: a17415991@gmail.com (L486BYR7S7)"
    
    /usr/bin/codesign --force --sign AF533FFD9CA2C374CAC7054AE00E006413550827 --timestamp\=none --generate-entitlement-der /tmp/review-today-arrival-visible/Build/Products/Debug/Review_Today.app/Contents/MacOS/__preview.dylib

CodeSign /tmp/review-today-arrival-visible/Build/Products/Debug/Review_Today.app (in target 'Review_Today' from project 'Review_Today')
    cd /Users/rexyoung/Desktop/vibe\ coding/Review_Today
    
    Signing Identity:     "Apple Development: a17415991@gmail.com (L486BYR7S7)"
    
    /usr/bin/codesign --force --sign AF533FFD9CA2C374CAC7054AE00E006413550827 --entitlements /tmp/review-today-arrival-visible/Build/Intermediates.noindex/Review_Today.build/Debug/Review_Today.build/Review_Today.app.xcent --timestamp\=none --generate-entitlement-der /tmp/review-today-arrival-visible/Build/Products/Debug/Review_Today.app

RegisterExecutionPolicyException /tmp/review-today-arrival-visible/Build/Products/Debug/Review_Today.app (in target 'Review_Today' from project 'Review_Today')
    cd /Users/rexyoung/Desktop/vibe\ coding/Review_Today
    builtin-RegisterExecutionPolicyException /tmp/review-today-arrival-visible/Build/Products/Debug/Review_Today.app

Validate /tmp/review-today-arrival-visible/Build/Products/Debug/Review_Today.app (in target 'Review_Today' from project 'Review_Today')
    cd /Users/rexyoung/Desktop/vibe\ coding/Review_Today
    builtin-validationUtility /tmp/review-today-arrival-visible/Build/Products/Debug/Review_Today.app -no-validate-extension -infoplist-subpath Contents/Info.plist

Touch /tmp/review-today-arrival-visible/Build/Products/Debug/Review_Today.app (in target 'Review_Today' from project 'Review_Today')
    cd /Users/rexyoung/Desktop/vibe\ coding/Review_Today
    /usr/bin/touch -c /tmp/review-today-arrival-visible/Build/Products/Debug/Review_Today.app

RegisterWithLaunchServices /tmp/review-today-arrival-visible/Build/Products/Debug/Review_Today.app (in target 'Review_Today' from project 'Review_Today')
    cd /Users/rexyoung/Desktop/vibe\ coding/Review_Today
    /System/Library/Frameworks/CoreServices.framework/Versions/Current/Frameworks/LaunchServices.framework/Versions/Current/Support/lsregister -f -R -trusted /tmp/review-today-arrival-visible/Build/Products/Debug/Review_Today.app

** BUILD SUCCEEDED **
