Command line invocation:
    /Applications/Xcode.app/Contents/Developer/usr/bin/xcodebuild -project Review_Today.xcodeproj -scheme Review_Today -configuration Debug -destination platform=macOS -derivedDataPath /tmp/review-today-card-preview-build build

Resolve Package Graph


Resolved source packages:
  FSRS: /Users/rexyoung/Desktop/vibe coding/Review_Today/Vendor/SwiftFSRS @ local

2026-10-04 21:47:00.873 xcodebuild[49812:4160243] [MT] IDERunDestination: Supported platforms for the buildables in the current scheme is empty.
--- xcodebuild: WARNING: Using the first of multiple matching destinations:
{ platform:macOS, arch:arm64, id:00008142-000925D20109401C, name:My Mac }
{ platform:macOS, arch:x86_64, id:00008142-000925D20109401C, name:My Mac }
ComputePackagePrebuildTargetDependencyGraph

Prepare packages

CreateBuildRequest

SendProjectDescription

CreateBuildOperation

ComputeTargetDependencyGraph
note: Building targets in dependency order
note: Target dependency graph (3 targets)
    Target 'Review_Today' in project 'Review_Today'
        ➜ Explicit dependency on target 'FSRS-product' in project 'FSRS'
    Target 'FSRS-product' in project 'FSRS'
        ➜ Explicit dependency on target 'FSRS' in project 'FSRS'
    Target 'FSRS' in project 'FSRS' (no dependencies)

GatherProvisioningInputs

CreateBuildDescription

ExecuteExternalTool /Applications/Xcode.app/Contents/Developer/Toolchains/XcodeDefault.xctoolchain/usr/bin/swiftc --version

ExecuteExternalTool /Applications/Xcode.app/Contents/Developer/Toolchains/XcodeDefault.xctoolchain/usr/bin/clang -v -E -dM -isysroot /Applications/Xcode.app/Contents/Developer/Platforms/MacOSX.platform/Developer/SDKs/MacOSX27.0.sdk -x c -c /dev/null

ExecuteExternalTool /Applications/Xcode.app/Contents/Developer/usr/bin/actool --version --output-format xml1

ExecuteExternalTool /Applications/Xcode.app/Contents/Developer/Toolchains/XcodeDefault.xctoolchain/usr/bin/ld -version_details

Build description signature: a49b48833b58eb00d834e504f22a4fbf
Build description path: /tmp/review-today-card-preview-build/Build/Intermediates.noindex/XCBuildData/a49b48833b58eb00d834e504f22a4fbf.xcbuilddata
CreateBuildDirectory /tmp/review-today-card-preview-build/SDKExplicitPrecompiledModules
    cd /Users/rexyoung/Desktop/vibe\ coding/Review_Today/Review_Today.xcodeproj
    builtin-create-build-directory /tmp/review-today-card-preview-build/SDKExplicitPrecompiledModules

CreateBuildDirectory /tmp/review-today-card-preview-build/ModuleCache.noindex
    cd /Users/rexyoung/Desktop/vibe\ coding/Review_Today/Review_Today.xcodeproj
    builtin-create-build-directory /tmp/review-today-card-preview-build/ModuleCache.noindex

CreateBuildDirectory /tmp/review-today-card-preview-build/CompilationCache.noindex
    cd /Users/rexyoung/Desktop/vibe\ coding/Review_Today/Review_Today.xcodeproj
    builtin-create-build-directory /tmp/review-today-card-preview-build/CompilationCache.noindex

ClangStatCache /Applications/Xcode.app/Contents/Developer/Toolchains/XcodeDefault.xctoolchain/usr/bin/clang-stat-cache /Applications/Xcode.app/Contents/Developer/Platforms/MacOSX.platform/Developer/SDKs/MacOSX27.0.sdk /tmp/review-today-card-preview-build/SDKStatCaches.noindex/macosx27.0-26A425-7231f6df4def33e022ae2eb8f782df1a.sdkstatcache
    cd /Users/rexyoung/Desktop/vibe\ coding/Review_Today/Review_Today.xcodeproj
    /Applications/Xcode.app/Contents/Developer/Toolchains/XcodeDefault.xctoolchain/usr/bin/clang-stat-cache /Applications/Xcode.app/Contents/Developer/Platforms/MacOSX.platform/Developer/SDKs/MacOSX27.0.sdk -o /tmp/review-today-card-preview-build/SDKStatCaches.noindex/macosx27.0-26A425-7231f6df4def33e022ae2eb8f782df1a.sdkstatcache

CreateBuildDirectory /tmp/review-today-card-preview-build/Build/Products
    cd /Users/rexyoung/Desktop/vibe\ coding/Review_Today/Review_Today.xcodeproj
    builtin-create-build-directory /tmp/review-today-card-preview-build/Build/Products

CreateBuildDirectory /tmp/review-today-card-preview-build/Build/Intermediates.noindex
    cd /Users/rexyoung/Desktop/vibe\ coding/Review_Today/Review_Today.xcodeproj
    builtin-create-build-directory /tmp/review-today-card-preview-build/Build/Intermediates.noindex

CreateBuildDirectory /tmp/review-today-card-preview-build/Build/Products/Debug
    cd /Users/rexyoung/Desktop/vibe\ coding/Review_Today/Review_Today.xcodeproj
    builtin-create-build-directory /tmp/review-today-card-preview-build/Build/Products/Debug

CreateBuildDirectory /tmp/review-today-card-preview-build/Build/Intermediates.noindex/SwiftExplicitPrecompiledModules
    cd /Users/rexyoung/Desktop/vibe\ coding/Review_Today/Review_Today.xcodeproj
    builtin-create-build-directory /tmp/review-today-card-preview-build/Build/Intermediates.noindex/SwiftExplicitPrecompiledModules

CreateBuildDirectory /tmp/review-today-card-preview-build/Build/Intermediates.noindex/PrecompiledHeaders
    cd /Users/rexyoung/Desktop/vibe\ coding/Review_Today/Review_Today.xcodeproj
    builtin-create-build-directory /tmp/review-today-card-preview-build/Build/Intermediates.noindex/PrecompiledHeaders

CreateBuildDirectory /tmp/review-today-card-preview-build/Build/Intermediates.noindex/ExplicitPrecompiledModules
    cd /Users/rexyoung/Desktop/vibe\ coding/Review_Today/Review_Today.xcodeproj
    builtin-create-build-directory /tmp/review-today-card-preview-build/Build/Intermediates.noindex/ExplicitPrecompiledModules

CreateBuildDirectory /tmp/review-today-card-preview-build/Build/Intermediates.noindex/EagerLinkingTBDs/Debug
    cd /Users/rexyoung/Desktop/vibe\ coding/Review_Today/Review_Today.xcodeproj
    builtin-create-build-directory /tmp/review-today-card-preview-build/Build/Intermediates.noindex/EagerLinkingTBDs/Debug

WriteAuxiliaryFile /tmp/review-today-card-preview-build/Build/Intermediates.noindex/Review_Today.build/Debug/Review_Today-b70fdcf0cabbad8a9773b71bbe1a4aa3-VFS/all-product-headers.yaml
    cd /Users/rexyoung/Desktop/vibe\ coding/Review_Today/Review_Today.xcodeproj
    write-file /tmp/review-today-card-preview-build/Build/Intermediates.noindex/Review_Today.build/Debug/Review_Today-b70fdcf0cabbad8a9773b71bbe1a4aa3-VFS/all-product-headers.yaml

CreateBuildDirectory /tmp/review-today-card-preview-build/Build/Products/Debug/PackageFrameworks
    cd /Users/rexyoung/Desktop/vibe\ coding/Review_Today/Review_Today.xcodeproj
    builtin-create-build-directory /tmp/review-today-card-preview-build/Build/Products/Debug/PackageFrameworks

WriteAuxiliaryFile /tmp/review-today-card-preview-build/Build/Intermediates.noindex/Review_Today.build/Debug/Review_Today.build/Review_Today-project-headers.hmap (in target 'Review_Today' from project 'Review_Today')
    cd /Users/rexyoung/Desktop/vibe\ coding/Review_Today
    write-file /tmp/review-today-card-preview-build/Build/Intermediates.noindex/Review_Today.build/Debug/Review_Today.build/Review_Today-project-headers.hmap

WriteAuxiliaryFile /tmp/review-today-card-preview-build/Build/Intermediates.noindex/Review_Today.build/Debug/Review_Today.build/Review_Today-all-non-framework-target-headers.hmap (in target 'Review_Today' from project 'Review_Today')
    cd /Users/rexyoung/Desktop/vibe\ coding/Review_Today
    write-file /tmp/review-today-card-preview-build/Build/Intermediates.noindex/Review_Today.build/Debug/Review_Today.build/Review_Today-all-non-framework-target-headers.hmap

WriteAuxiliaryFile /tmp/review-today-card-preview-build/Build/Intermediates.noindex/Review_Today.build/Debug/Review_Today.build/Review_Today.hmap (in target 'Review_Today' from project 'Review_Today')
    cd /Users/rexyoung/Desktop/vibe\ coding/Review_Today
    write-file /tmp/review-today-card-preview-build/Build/Intermediates.noindex/Review_Today.build/Debug/Review_Today.build/Review_Today.hmap

WriteAuxiliaryFile /tmp/review-today-card-preview-build/Build/Intermediates.noindex/Review_Today.build/Debug/Review_Today.build/Review_Today-own-target-headers.hmap (in target 'Review_Today' from project 'Review_Today')
    cd /Users/rexyoung/Desktop/vibe\ coding/Review_Today
    write-file /tmp/review-today-card-preview-build/Build/Intermediates.noindex/Review_Today.build/Debug/Review_Today.build/Review_Today-own-target-headers.hmap

WriteAuxiliaryFile /tmp/review-today-card-preview-build/Build/Intermediates.noindex/Review_Today.build/Debug/Review_Today.build/Review_Today-all-target-headers.hmap (in target 'Review_Today' from project 'Review_Today')
    cd /Users/rexyoung/Desktop/vibe\ coding/Review_Today
    write-file /tmp/review-today-card-preview-build/Build/Intermediates.noindex/Review_Today.build/Debug/Review_Today.build/Review_Today-all-target-headers.hmap

WriteAuxiliaryFile /tmp/review-today-card-preview-build/Build/Intermediates.noindex/Review_Today.build/Debug/Review_Today.build/Review_Today-generated-files.hmap (in target 'Review_Today' from project 'Review_Today')
    cd /Users/rexyoung/Desktop/vibe\ coding/Review_Today
    write-file /tmp/review-today-card-preview-build/Build/Intermediates.noindex/Review_Today.build/Debug/Review_Today.build/Review_Today-generated-files.hmap

WriteAuxiliaryFile /tmp/review-today-card-preview-build/Build/Intermediates.noindex/Review_Today.build/Debug/Review_Today.build/Review_Today.DependencyStaticMetadataFileList (in target 'Review_Today' from project 'Review_Today')
    cd /Users/rexyoung/Desktop/vibe\ coding/Review_Today
    write-file /tmp/review-today-card-preview-build/Build/Intermediates.noindex/Review_Today.build/Debug/Review_Today.build/Review_Today.DependencyStaticMetadataFileList

WriteAuxiliaryFile /tmp/review-today-card-preview-build/Build/Intermediates.noindex/Review_Today.build/Debug/Review_Today.build/Review_Today.DependencyMetadataFileList (in target 'Review_Today' from project 'Review_Today')
    cd /Users/rexyoung/Desktop/vibe\ coding/Review_Today
    write-file /tmp/review-today-card-preview-build/Build/Intermediates.noindex/Review_Today.build/Debug/Review_Today.build/Review_Today.DependencyMetadataFileList

WriteAuxiliaryFile /tmp/review-today-card-preview-build/Build/Intermediates.noindex/Review_Today.build/Debug/Review_Today.build/Review_Today-DebugDylibPath-normal-arm64.txt (in target 'Review_Today' from project 'Review_Today')
    cd /Users/rexyoung/Desktop/vibe\ coding/Review_Today
    write-file /tmp/review-today-card-preview-build/Build/Intermediates.noindex/Review_Today.build/Debug/Review_Today.build/Review_Today-DebugDylibPath-normal-arm64.txt

WriteAuxiliaryFile /tmp/review-today-card-preview-build/Build/Intermediates.noindex/Review_Today.build/Debug/Review_Today.build/Review_Today-DebugDylibInstallName-normal-arm64.txt (in target 'Review_Today' from project 'Review_Today')
    cd /Users/rexyoung/Desktop/vibe\ coding/Review_Today
    write-file /tmp/review-today-card-preview-build/Build/Intermediates.noindex/Review_Today.build/Debug/Review_Today.build/Review_Today-DebugDylibInstallName-normal-arm64.txt

WriteAuxiliaryFile /tmp/review-today-card-preview-build/Build/Intermediates.noindex/Review_Today.build/Debug/Review_Today.build/Objects-normal/arm64/Review_Today_const_extract_protocols.json (in target 'Review_Today' from project 'Review_Today')
    cd /Users/rexyoung/Desktop/vibe\ coding/Review_Today
    write-file /tmp/review-today-card-preview-build/Build/Intermediates.noindex/Review_Today.build/Debug/Review_Today.build/Objects-normal/arm64/Review_Today_const_extract_protocols.json

WriteAuxiliaryFile /tmp/review-today-card-preview-build/Build/Intermediates.noindex/Review_Today.build/Debug/Review_Today.build/Objects-normal/arm64/Review_Today.SwiftFileList (in target 'Review_Today' from project 'Review_Today')
    cd /Users/rexyoung/Desktop/vibe\ coding/Review_Today
    write-file /tmp/review-today-card-preview-build/Build/Intermediates.noindex/Review_Today.build/Debug/Review_Today.build/Objects-normal/arm64/Review_Today.SwiftFileList

WriteAuxiliaryFile /tmp/review-today-card-preview-build/Build/Intermediates.noindex/Review_Today.build/Debug/Review_Today.build/Objects-normal/arm64/Review_Today.SwiftConstValuesFileList (in target 'Review_Today' from project 'Review_Today')
    cd /Users/rexyoung/Desktop/vibe\ coding/Review_Today
    write-file /tmp/review-today-card-preview-build/Build/Intermediates.noindex/Review_Today.build/Debug/Review_Today.build/Objects-normal/arm64/Review_Today.SwiftConstValuesFileList

WriteAuxiliaryFile /tmp/review-today-card-preview-build/Build/Intermediates.noindex/Review_Today.build/Debug/Review_Today.build/Objects-normal/arm64/Review_Today.LinkFileList (in target 'Review_Today' from project 'Review_Today')
    cd /Users/rexyoung/Desktop/vibe\ coding/Review_Today
    write-file /tmp/review-today-card-preview-build/Build/Intermediates.noindex/Review_Today.build/Debug/Review_Today.build/Objects-normal/arm64/Review_Today.LinkFileList

WriteAuxiliaryFile /tmp/review-today-card-preview-build/Build/Intermediates.noindex/Review_Today.build/Debug/Review_Today.build/Objects-normal/arm64/Review_Today-OutputFileMap.json (in target 'Review_Today' from project 'Review_Today')
    cd /Users/rexyoung/Desktop/vibe\ coding/Review_Today
    write-file /tmp/review-today-card-preview-build/Build/Intermediates.noindex/Review_Today.build/Debug/Review_Today.build/Objects-normal/arm64/Review_Today-OutputFileMap.json

WriteAuxiliaryFile /tmp/review-today-card-preview-build/Build/Intermediates.noindex/Review_Today.build/Debug/Review_Today.build/DerivedSources/Entitlements.plist (in target 'Review_Today' from project 'Review_Today')
    cd /Users/rexyoung/Desktop/vibe\ coding/Review_Today
    write-file /tmp/review-today-card-preview-build/Build/Intermediates.noindex/Review_Today.build/Debug/Review_Today.build/DerivedSources/Entitlements.plist

WriteAuxiliaryFile /tmp/review-today-card-preview-build/Build/Intermediates.noindex/FSRS.build/Debug/FSRS-t.build/Objects-normal/arm64/FSRS_const_extract_protocols.json (in target 'FSRS' from project 'FSRS')
    cd /Users/rexyoung/Desktop/vibe\ coding/Review_Today/Vendor/SwiftFSRS
    write-file /tmp/review-today-card-preview-build/Build/Intermediates.noindex/FSRS.build/Debug/FSRS-t.build/Objects-normal/arm64/FSRS_const_extract_protocols.json

WriteAuxiliaryFile /tmp/review-today-card-preview-build/Build/Intermediates.noindex/FSRS.build/Debug/FSRS-t.build/Objects-normal/arm64/FSRS.SwiftFileList (in target 'FSRS' from project 'FSRS')
    cd /Users/rexyoung/Desktop/vibe\ coding/Review_Today/Vendor/SwiftFSRS
    write-file /tmp/review-today-card-preview-build/Build/Intermediates.noindex/FSRS.build/Debug/FSRS-t.build/Objects-normal/arm64/FSRS.SwiftFileList

WriteAuxiliaryFile /tmp/review-today-card-preview-build/Build/Intermediates.noindex/FSRS.build/Debug/FSRS-t.build/Objects-normal/arm64/FSRS.SwiftConstValuesFileList (in target 'FSRS' from project 'FSRS')
    cd /Users/rexyoung/Desktop/vibe\ coding/Review_Today/Vendor/SwiftFSRS
    write-file /tmp/review-today-card-preview-build/Build/Intermediates.noindex/FSRS.build/Debug/FSRS-t.build/Objects-normal/arm64/FSRS.SwiftConstValuesFileList

WriteAuxiliaryFile /tmp/review-today-card-preview-build/Build/Intermediates.noindex/FSRS.build/Debug/FSRS-t.build/Objects-normal/arm64/FSRS.LinkFileList (in target 'FSRS' from project 'FSRS')
    cd /Users/rexyoung/Desktop/vibe\ coding/Review_Today/Vendor/SwiftFSRS
    write-file /tmp/review-today-card-preview-build/Build/Intermediates.noindex/FSRS.build/Debug/FSRS-t.build/Objects-normal/arm64/FSRS.LinkFileList

WriteAuxiliaryFile /tmp/review-today-card-preview-build/Build/Intermediates.noindex/FSRS.build/Debug/FSRS-t.build/Objects-normal/arm64/FSRS-OutputFileMap.json (in target 'FSRS' from project 'FSRS')
    cd /Users/rexyoung/Desktop/vibe\ coding/Review_Today/Vendor/SwiftFSRS
    write-file /tmp/review-today-card-preview-build/Build/Intermediates.noindex/FSRS.build/Debug/FSRS-t.build/Objects-normal/arm64/FSRS-OutputFileMap.json

WriteAuxiliaryFile /tmp/review-today-card-preview-build/Build/Intermediates.noindex/FSRS.build/Debug/FSRS-t.build/FSRS.modulemap (in target 'FSRS' from project 'FSRS')
    cd /Users/rexyoung/Desktop/vibe\ coding/Review_Today/Vendor/SwiftFSRS
    write-file /tmp/review-today-card-preview-build/Build/Intermediates.noindex/FSRS.build/Debug/FSRS-t.build/FSRS.modulemap

WriteAuxiliaryFile /tmp/review-today-card-preview-build/Build/Intermediates.noindex/FSRS.build/Debug/FSRS-t.build/FSRS.DependencyStaticMetadataFileList (in target 'FSRS' from project 'FSRS')
    cd /Users/rexyoung/Desktop/vibe\ coding/Review_Today/Vendor/SwiftFSRS
    write-file /tmp/review-today-card-preview-build/Build/Intermediates.noindex/FSRS.build/Debug/FSRS-t.build/FSRS.DependencyStaticMetadataFileList

WriteAuxiliaryFile /tmp/review-today-card-preview-build/Build/Intermediates.noindex/FSRS.build/Debug/FSRS-t.build/FSRS.DependencyMetadataFileList (in target 'FSRS' from project 'FSRS')
    cd /Users/rexyoung/Desktop/vibe\ coding/Review_Today/Vendor/SwiftFSRS
    write-file /tmp/review-today-card-preview-build/Build/Intermediates.noindex/FSRS.build/Debug/FSRS-t.build/FSRS.DependencyMetadataFileList

MkDir /tmp/review-today-card-preview-build/Build/Products/Debug/Review_Today.app/Contents/Resources (in target 'Review_Today' from project 'Review_Today')
    cd /Users/rexyoung/Desktop/vibe\ coding/Review_Today
    /bin/mkdir -p /tmp/review-today-card-preview-build/Build/Products/Debug/Review_Today.app/Contents/Resources

MkDir /tmp/review-today-card-preview-build/Build/Products/Debug/Review_Today.app/Contents (in target 'Review_Today' from project 'Review_Today')
    cd /Users/rexyoung/Desktop/vibe\ coding/Review_Today
    /bin/mkdir -p /tmp/review-today-card-preview-build/Build/Products/Debug/Review_Today.app/Contents

MkDir /tmp/review-today-card-preview-build/Build/Products/Debug/Review_Today.app/Contents/MacOS (in target 'Review_Today' from project 'Review_Today')
    cd /Users/rexyoung/Desktop/vibe\ coding/Review_Today
    /bin/mkdir -p /tmp/review-today-card-preview-build/Build/Products/Debug/Review_Today.app/Contents/MacOS

MkDir /tmp/review-today-card-preview-build/Build/Products/Debug/Review_Today.app (in target 'Review_Today' from project 'Review_Today')
    cd /Users/rexyoung/Desktop/vibe\ coding/Review_Today
    /bin/mkdir -p /tmp/review-today-card-preview-build/Build/Products/Debug/Review_Today.app

Copy /tmp/review-today-card-preview-build/Build/Intermediates.noindex/GeneratedModuleMaps/FSRS.modulemap /tmp/review-today-card-preview-build/Build/Intermediates.noindex/FSRS.build/Debug/FSRS-t.build/FSRS.modulemap (in target 'FSRS' from project 'FSRS')
    cd /Users/rexyoung/Desktop/vibe\ coding/Review_Today/Vendor/SwiftFSRS
    builtin-copy -exclude .DS_Store -exclude CVS -exclude .svn -exclude .git -exclude .hg -resolve-src-symlinks /tmp/review-today-card-preview-build/Build/Intermediates.noindex/FSRS.build/Debug/FSRS-t.build/FSRS.modulemap /tmp/review-today-card-preview-build/Build/Intermediates.noindex/GeneratedModuleMaps

SwiftDriver FSRS normal arm64 com.apple.xcode.tools.swift.compiler (in target 'FSRS' from project 'FSRS')
    cd /Users/rexyoung/Desktop/vibe\ coding/Review_Today/Review_Today.xcodeproj
    builtin-SwiftDriver -- /Applications/Xcode.app/Contents/Developer/Toolchains/XcodeDefault.xctoolchain/usr/bin/swiftc -parse-as-library -module-name FSRS -Onone @/tmp/review-today-card-preview-build/Build/Intermediates.noindex/FSRS.build/Debug/FSRS-t.build/Objects-normal/arm64/FSRS.SwiftFileList -DSWIFT_PACKAGE -DDEBUG -DSWIFT_MODULE_RESOURCE_BUNDLE_UNAVAILABLE -DXcode -enable-experimental-feature StrictConcurrency\=complete -plugin-path /Applications/Xcode.app/Contents/Developer/Toolchains/XcodeDefault.xctoolchain/usr/lib/swift/host/plugins/testing -enable-experimental-feature DebugDescriptionMacro -sdk /Applications/Xcode.app/Contents/Developer/Platforms/MacOSX.platform/Developer/SDKs/MacOSX27.0.sdk -target arm64-apple-macos12.0 -g -module-cache-path /tmp/review-today-card-preview-build/ModuleCache.noindex -Xfrontend -serialize-debugging-options -enable-testing -index-store-path /tmp/review-today-card-preview-build/Index.noindex/DataStore -Xcc -D_LIBCPP_HARDENING_MODE\=_LIBCPP_HARDENING_MODE_DEBUG -swift-version 5 -I /tmp/review-today-card-preview-build/Build/Products/Debug -Isystem /Applications/Xcode.app/Contents/Developer/Platforms/MacOSX.platform/Developer/usr/lib -F /tmp/review-today-card-preview-build/Build/Products/Debug -F /Applications/Xcode.app/Contents/Developer/Platforms/MacOSX.platform/Developer/Library/Frameworks -c -j10 -enable-batch-mode -incremental -Xcc -ivfsstatcache -Xcc /tmp/review-today-card-preview-build/SDKStatCaches.noindex/macosx27.0-26A425-7231f6df4def33e022ae2eb8f782df1a.sdkstatcache -output-file-map /tmp/review-today-card-preview-build/Build/Intermediates.noindex/FSRS.build/Debug/FSRS-t.build/Objects-normal/arm64/FSRS-OutputFileMap.json -save-temps -no-color-diagnostics -explicit-module-build -module-cache-path /tmp/review-today-card-preview-build/Build/Intermediates.noindex/SwiftExplicitPrecompiledModules -clang-scanner-module-cache-path /tmp/review-today-card-preview-build/ModuleCache.noindex -sdk-module-cache-path /tmp/review-today-card-preview-build/SDKExplicitPrecompiledModules -emit-dependencies -emit-module -emit-module-path /tmp/review-today-card-preview-build/Build/Intermediates.noindex/FSRS.build/Debug/FSRS-t.build/Objects-normal/arm64/FSRS.swiftmodule -serialize-diagnostics -dependency-scan-serialize-diagnostics-path /tmp/review-today-card-preview-build/Build/Intermediates.noindex/FSRS.build/Debug/FSRS-t.build/Objects-normal/arm64/FSRS-dependency-scan.dia -validate-clang-modules-once -clang-build-session-file /tmp/review-today-card-preview-build/ModuleCache.noindex/Session.modulevalidation -Xcc -fmodules-prune-interval\=86400 -Xcc -fmodules-prune-after\=345600 -package-name swiftfsrs -emit-const-values -const-gather-protocols-list /tmp/review-today-card-preview-build/Build/Intermediates.noindex/FSRS.build/Debug/FSRS-t.build/Objects-normal/arm64/FSRS_const_extract_protocols.json -Xcc -I/tmp/review-today-card-preview-build/Build/Products/Debug/include -Xcc -I/tmp/review-today-card-preview-build/Build/Intermediates.noindex/FSRS.build/Debug/FSRS-t.build/DerivedSources-normal/arm64 -Xcc -I/tmp/review-today-card-preview-build/Build/Intermediates.noindex/FSRS.build/Debug/FSRS-t.build/DerivedSources/arm64 -Xcc -I/tmp/review-today-card-preview-build/Build/Intermediates.noindex/FSRS.build/Debug/FSRS-t.build/DerivedSources -Xcc -DSWIFT_PACKAGE -Xcc -DDEBUG\=1 -emit-objc-header -emit-objc-header-path /tmp/review-today-card-preview-build/Build/Intermediates.noindex/FSRS.build/Debug/FSRS-t.build/Objects-normal/arm64/FSRS-Swift.h -working-directory /Users/rexyoung/Desktop/vibe\ coding/Review_Today/Review_Today.xcodeproj -experimental-emit-module-separately -disable-cmo

SwiftExplicitDependencyGeneratePcm arm64 /tmp/review-today-card-preview-build/SDKExplicitPrecompiledModules/_Builtin_stdbool-IJT456LUBVQVEW5I087XG4AB.pcm

SwiftExplicitDependencyGeneratePcm arm64 /tmp/review-today-card-preview-build/SDKExplicitPrecompiledModules/_SwiftConcurrencyShims-QCWSCO7QR066WJ1E0B1UEOST.pcm

SwiftExplicitDependencyGeneratePcm arm64 /tmp/review-today-card-preview-build/SDKExplicitPrecompiledModules/_Builtin_float-COJMSMAXVWUDPWZZ7X2JVRB4W.pcm

SwiftExplicitDependencyGeneratePcm arm64 /tmp/review-today-card-preview-build/SDKExplicitPrecompiledModules/_Builtin_stddef-5FGETRRXFUIEU42UFBKE16LLH.pcm

SwiftExplicitDependencyGeneratePcm arm64 /tmp/review-today-card-preview-build/SDKExplicitPrecompiledModules/_AvailabilityInternal-6B5JJR98JRE3Y7UQUERS153WH.pcm

SwiftExplicitDependencyGeneratePcm arm64 /tmp/review-today-card-preview-build/SDKExplicitPrecompiledModules/ptrauth-EUE5XGB95O3TU0WUO6FE35P92.pcm

SwiftExplicitDependencyGeneratePcm arm64 /tmp/review-today-card-preview-build/SDKExplicitPrecompiledModules/SwiftShims-8JIPROUOAHD0P62L2W57AWASM.pcm

SwiftExplicitDependencyGeneratePcm arm64 /tmp/review-today-card-preview-build/SDKExplicitPrecompiledModules/_Builtin_stdarg-B320JI6DLWHQ8R3YIFU2YZX0E.pcm

SwiftExplicitDependencyGeneratePcm arm64 /tmp/review-today-card-preview-build/SDKExplicitPrecompiledModules/ptrcheck-EK1LOCEGZ6LB83QT6AXTG9UDJ.pcm

SwiftExplicitDependencyGeneratePcm arm64 /tmp/review-today-card-preview-build/SDKExplicitPrecompiledModules/_DarwinFoundation1-E1ZERRD9VHTQ1H1XYNMMR7Z5E.pcm

SwiftExplicitDependencyGeneratePcm arm64 /tmp/review-today-card-preview-build/SDKExplicitPrecompiledModules/_DarwinFoundation2-1YVQRVJ0S1A4UU7ABBN3YF9JF.pcm

SwiftExplicitDependencyGeneratePcm arm64 /tmp/review-today-card-preview-build/SDKExplicitPrecompiledModules/_Builtin_limits-XA8E7MB3MB2LD2JZY8NB5PXJ.pcm

SwiftExplicitDependencyGeneratePcm arm64 /tmp/review-today-card-preview-build/SDKExplicitPrecompiledModules/_Builtin_stdint-C6KUOO39T3NAVTOLBCYLGPTFN.pcm

SwiftExplicitDependencyGeneratePcm arm64 /tmp/review-today-card-preview-build/SDKExplicitPrecompiledModules/sys_types-6I79NR7Z1ST3VT1B3H6RF7QAH.pcm

SwiftExplicitDependencyGeneratePcm arm64 /tmp/review-today-card-preview-build/SDKExplicitPrecompiledModules/string_h-E5LFX4BKGB2BJP6T59MOZH652.pcm

SwiftExplicitDependencyGeneratePcm arm64 /tmp/review-today-card-preview-build/SDKExplicitPrecompiledModules/_DarwinFoundation3-1E7J1MWK2F4FN4WFU468RUFWK.pcm

SwiftExplicitDependencyGeneratePcm arm64 /tmp/review-today-card-preview-build/SDKExplicitPrecompiledModules/libDER-3J0LFMYQ8EVUKRJ5RUQE0O9JX.pcm

SwiftExplicitDependencyGeneratePcm arm64 /tmp/review-today-card-preview-build/SDKExplicitPrecompiledModules/_Builtin_inttypes-HC3L6TOMZNSPFPG2NW61CYRC.pcm

SwiftExplicitDependencyGeneratePcm arm64 /tmp/review-today-card-preview-build/SDKExplicitPrecompiledModules/Darwin-6H83T3VYR74YMTUO5A20PRFDN.pcm

SwiftExplicitDependencyGeneratePcm arm64 /tmp/review-today-card-preview-build/SDKExplicitPrecompiledModules/launch-EI9IEECP25PCVJ2CLY285PL6U.pcm

SwiftExplicitDependencyGeneratePcm arm64 /tmp/review-today-card-preview-build/SDKExplicitPrecompiledModules/MachO-5EHBQS135VG9CMMJWL5BH3AV9.pcm

SwiftExplicitDependencyGeneratePcm arm64 /tmp/review-today-card-preview-build/SDKExplicitPrecompiledModules/libkern-16B1Z501KOYS1OO1MUVJNK6N2.pcm

SwiftExplicitDependencyGeneratePcm arm64 /tmp/review-today-card-preview-build/SDKExplicitPrecompiledModules/ObjectiveC-5SP7LCNOWNTTBQM3AFYRG5J0P.pcm

SwiftExplicitDependencyGeneratePcm arm64 /tmp/review-today-card-preview-build/SDKExplicitPrecompiledModules/os_object-47QKIOJI1N5PDITTT4VGA09KI.pcm

SwiftExplicitDependencyGeneratePcm arm64 /tmp/review-today-card-preview-build/SDKExplicitPrecompiledModules/os_workgroup-47OWSDTPCX9DHON1590OLMNZB.pcm

SwiftExplicitDependencyGeneratePcm arm64 /tmp/review-today-card-preview-build/SDKExplicitPrecompiledModules/Dispatch-B93X55OEXGBICNC59K69H0CLY.pcm

SwiftExplicitDependencyGeneratePcm arm64 /tmp/review-today-card-preview-build/SDKExplicitPrecompiledModules/XPC-9BCYW7QDK0EXU6RSN8EWNBH0.pcm

SwiftExplicitDependencyGeneratePcm arm64 /tmp/review-today-card-preview-build/SDKExplicitPrecompiledModules/CoreFoundation-62BQD639UX0VM2FSTHYEAE813.pcm

SwiftExplicitDependencyGeneratePcm arm64 /tmp/review-today-card-preview-build/SDKExplicitPrecompiledModules/Security-9NCI2QL504KPKNELNTHIP3DUG.pcm

SwiftExplicitDependencyGeneratePcm arm64 /tmp/review-today-card-preview-build/SDKExplicitPrecompiledModules/IOKit-5CH8Y3UYLXSFUMQ8MCQ73HP5X.pcm

SwiftExplicitDependencyGeneratePcm arm64 /tmp/review-today-card-preview-build/SDKExplicitPrecompiledModules/CFNetwork-5E53CPAFFR2PBEORUOFS474FE.pcm

SwiftExplicitDependencyGeneratePcm arm64 /tmp/review-today-card-preview-build/SDKExplicitPrecompiledModules/DiskArbitration-DOEJOQEBA805QGMEYQNYLOKKX.pcm

SwiftExplicitDependencyGeneratePcm arm64 /tmp/review-today-card-preview-build/SDKExplicitPrecompiledModules/CoreServices-93LXZQY5Q9LOB3W8O3P9W7B23.pcm

SwiftExplicitDependencyGeneratePcm arm64 /tmp/review-today-card-preview-build/SDKExplicitPrecompiledModules/Foundation-8SI51B38R3J3WS48VVPTS99NU.pcm

SwiftCompile normal arm64 Compiling\ BasicSchedulerV6.swift /Users/rexyoung/Desktop/vibe\ coding/Review_Today/Vendor/SwiftFSRS/Sources/FSRS/Scheduler/BasicSchedulerV6.swift (in target 'FSRS' from project 'FSRS')

SwiftCompile normal arm64 /Users/rexyoung/Desktop/vibe\ coding/Review_Today/Vendor/SwiftFSRS/Sources/FSRS/Scheduler/BasicSchedulerV6.swift (in target 'FSRS' from project 'FSRS')
    cd /Users/rexyoung/Desktop/vibe\ coding/Review_Today/Review_Today.xcodeproj
    builtin-SwiftPerFileCompile BasicSchedulerV6.swift

SwiftCompile normal arm64 Compiling\ AbstractScheduler.swift /Users/rexyoung/Desktop/vibe\ coding/Review_Today/Vendor/SwiftFSRS/Sources/FSRS/Scheduler/AbstractScheduler.swift (in target 'FSRS' from project 'FSRS')

SwiftCompile normal arm64 /Users/rexyoung/Desktop/vibe\ coding/Review_Today/Vendor/SwiftFSRS/Sources/FSRS/Scheduler/AbstractScheduler.swift (in target 'FSRS' from project 'FSRS')
    cd /Users/rexyoung/Desktop/vibe\ coding/Review_Today/Review_Today.xcodeproj
    builtin-SwiftPerFileCompile AbstractScheduler.swift

SwiftCompile normal arm64 Compiling\ LongTermScheduler.swift /Users/rexyoung/Desktop/vibe\ coding/Review_Today/Vendor/SwiftFSRS/Sources/FSRS/Scheduler/LongTermScheduler.swift (in target 'FSRS' from project 'FSRS')

SwiftCompile normal arm64 /Users/rexyoung/Desktop/vibe\ coding/Review_Today/Vendor/SwiftFSRS/Sources/FSRS/Scheduler/LongTermScheduler.swift (in target 'FSRS' from project 'FSRS')
    cd /Users/rexyoung/Desktop/vibe\ coding/Review_Today/Review_Today.xcodeproj
    builtin-SwiftPerFileCompile LongTermScheduler.swift

SwiftEmitModule normal arm64 Emitting\ module\ for\ FSRS (in target 'FSRS' from project 'FSRS')

SwiftCompile normal arm64 (in target 'FSRS' from project 'FSRS')
    cd /Users/rexyoung/Desktop/vibe\ coding/Review_Today/Review_Today.xcodeproj
    

SwiftCompile normal arm64 Compiling\ FSRSReschedule.swift /Users/rexyoung/Desktop/vibe\ coding/Review_Today/Vendor/SwiftFSRS/Sources/FSRS/Scheduler/FSRSReschedule.swift (in target 'FSRS' from project 'FSRS')

SwiftCompile normal arm64 /Users/rexyoung/Desktop/vibe\ coding/Review_Today/Vendor/SwiftFSRS/Sources/FSRS/Scheduler/FSRSReschedule.swift (in target 'FSRS' from project 'FSRS')
    cd /Users/rexyoung/Desktop/vibe\ coding/Review_Today/Review_Today.xcodeproj
    builtin-SwiftPerFileCompile FSRSReschedule.swift

SwiftCompile normal arm64 Compiling\ BasicScheduler.swift /Users/rexyoung/Desktop/vibe\ coding/Review_Today/Vendor/SwiftFSRS/Sources/FSRS/Scheduler/BasicScheduler.swift (in target 'FSRS' from project 'FSRS')

SwiftCompile normal arm64 /Users/rexyoung/Desktop/vibe\ coding/Review_Today/Vendor/SwiftFSRS/Sources/FSRS/Scheduler/BasicScheduler.swift (in target 'FSRS' from project 'FSRS')
    cd /Users/rexyoung/Desktop/vibe\ coding/Review_Today/Review_Today.xcodeproj
    builtin-SwiftPerFileCompile BasicScheduler.swift

SwiftCompile normal arm64 Compiling\ FSRSModels.swift /Users/rexyoung/Desktop/vibe\ coding/Review_Today/Vendor/SwiftFSRS/Sources/FSRS/Models/FSRSModels.swift (in target 'FSRS' from project 'FSRS')

SwiftCompile normal arm64 /Users/rexyoung/Desktop/vibe\ coding/Review_Today/Vendor/SwiftFSRS/Sources/FSRS/Models/FSRSModels.swift (in target 'FSRS' from project 'FSRS')
    cd /Users/rexyoung/Desktop/vibe\ coding/Review_Today/Review_Today.xcodeproj
    builtin-SwiftPerFileCompile FSRSModels.swift

SwiftCompile normal arm64 Compiling\ FSRSAlea.swift,\ FSRSHelper.swift /Users/rexyoung/Desktop/vibe\ coding/Review_Today/Vendor/SwiftFSRS/Sources/FSRS/Helper/FSRSAlea.swift /Users/rexyoung/Desktop/vibe\ coding/Review_Today/Vendor/SwiftFSRS/Sources/FSRS/Helper/FSRSHelper.swift (in target 'FSRS' from project 'FSRS')

SwiftCompile normal arm64 /Users/rexyoung/Desktop/vibe\ coding/Review_Today/Vendor/SwiftFSRS/Sources/FSRS/Helper/FSRSAlea.swift (in target 'FSRS' from project 'FSRS')
    cd /Users/rexyoung/Desktop/vibe\ coding/Review_Today/Review_Today.xcodeproj
    builtin-SwiftPerFileCompile FSRSAlea.swift

SwiftCompile normal arm64 /Users/rexyoung/Desktop/vibe\ coding/Review_Today/Vendor/SwiftFSRS/Sources/FSRS/Helper/FSRSHelper.swift (in target 'FSRS' from project 'FSRS')
    cd /Users/rexyoung/Desktop/vibe\ coding/Review_Today/Review_Today.xcodeproj
    builtin-SwiftPerFileCompile FSRSHelper.swift

SwiftCompile normal arm64 Compiling\ FSRSTypes.swift /Users/rexyoung/Desktop/vibe\ coding/Review_Today/Vendor/SwiftFSRS/Sources/FSRS/Models/FSRSTypes.swift (in target 'FSRS' from project 'FSRS')

SwiftCompile normal arm64 /Users/rexyoung/Desktop/vibe\ coding/Review_Today/Vendor/SwiftFSRS/Sources/FSRS/Models/FSRSTypes.swift (in target 'FSRS' from project 'FSRS')
    cd /Users/rexyoung/Desktop/vibe\ coding/Review_Today/Review_Today.xcodeproj
    builtin-SwiftPerFileCompile FSRSTypes.swift

SwiftCompile normal arm64 Compiling\ FSRS.swift,\ FSRSAlgorithm.swift /Users/rexyoung/Desktop/vibe\ coding/Review_Today/Vendor/SwiftFSRS/Sources/FSRS/Algorithm/FSRS.swift /Users/rexyoung/Desktop/vibe\ coding/Review_Today/Vendor/SwiftFSRS/Sources/FSRS/Algorithm/FSRSAlgorithm.swift (in target 'FSRS' from project 'FSRS')

SwiftCompile normal arm64 /Users/rexyoung/Desktop/vibe\ coding/Review_Today/Vendor/SwiftFSRS/Sources/FSRS/Algorithm/FSRS.swift (in target 'FSRS' from project 'FSRS')
    cd /Users/rexyoung/Desktop/vibe\ coding/Review_Today/Review_Today.xcodeproj
    builtin-SwiftPerFileCompile FSRS.swift

SwiftCompile normal arm64 /Users/rexyoung/Desktop/vibe\ coding/Review_Today/Vendor/SwiftFSRS/Sources/FSRS/Algorithm/FSRSAlgorithm.swift (in target 'FSRS' from project 'FSRS')
    cd /Users/rexyoung/Desktop/vibe\ coding/Review_Today/Review_Today.xcodeproj
    builtin-SwiftPerFileCompile FSRSAlgorithm.swift

SwiftCompile normal arm64 Compiling\ FSRSSteps.swift,\ FSRSDefaults.swift /Users/rexyoung/Desktop/vibe\ coding/Review_Today/Vendor/SwiftFSRS/Sources/FSRS/Helper/FSRSSteps.swift /Users/rexyoung/Desktop/vibe\ coding/Review_Today/Vendor/SwiftFSRS/Sources/FSRS/Models/FSRSDefaults.swift (in target 'FSRS' from project 'FSRS')

SwiftCompile normal arm64 /Users/rexyoung/Desktop/vibe\ coding/Review_Today/Vendor/SwiftFSRS/Sources/FSRS/Helper/FSRSSteps.swift (in target 'FSRS' from project 'FSRS')
    cd /Users/rexyoung/Desktop/vibe\ coding/Review_Today/Review_Today.xcodeproj
    builtin-SwiftPerFileCompile FSRSSteps.swift

SwiftCompile normal arm64 /Users/rexyoung/Desktop/vibe\ coding/Review_Today/Vendor/SwiftFSRS/Sources/FSRS/Models/FSRSDefaults.swift (in target 'FSRS' from project 'FSRS')
    cd /Users/rexyoung/Desktop/vibe\ coding/Review_Today/Review_Today.xcodeproj
    builtin-SwiftPerFileCompile FSRSDefaults.swift

SwiftDriverJobDiscovery normal arm64 Emitting module for FSRS (in target 'FSRS' from project 'FSRS')

SwiftDriverJobDiscovery normal arm64 Compiling BasicScheduler.swift (in target 'FSRS' from project 'FSRS')

SwiftDriver\ Compilation\ Requirements FSRS normal arm64 com.apple.xcode.tools.swift.compiler (in target 'FSRS' from project 'FSRS')
    cd /Users/rexyoung/Desktop/vibe\ coding/Review_Today/Review_Today.xcodeproj
    builtin-Swift-Compilation-Requirements -- /Applications/Xcode.app/Contents/Developer/Toolchains/XcodeDefault.xctoolchain/usr/bin/swiftc -parse-as-library -module-name FSRS -Onone @/tmp/review-today-card-preview-build/Build/Intermediates.noindex/FSRS.build/Debug/FSRS-t.build/Objects-normal/arm64/FSRS.SwiftFileList -DSWIFT_PACKAGE -DDEBUG -DSWIFT_MODULE_RESOURCE_BUNDLE_UNAVAILABLE -DXcode -enable-experimental-feature StrictConcurrency\=complete -plugin-path /Applications/Xcode.app/Contents/Developer/Toolchains/XcodeDefault.xctoolchain/usr/lib/swift/host/plugins/testing -enable-experimental-feature DebugDescriptionMacro -sdk /Applications/Xcode.app/Contents/Developer/Platforms/MacOSX.platform/Developer/SDKs/MacOSX27.0.sdk -target arm64-apple-macos12.0 -g -module-cache-path /tmp/review-today-card-preview-build/ModuleCache.noindex -Xfrontend -serialize-debugging-options -enable-testing -index-store-path /tmp/review-today-card-preview-build/Index.noindex/DataStore -Xcc -D_LIBCPP_HARDENING_MODE\=_LIBCPP_HARDENING_MODE_DEBUG -swift-version 5 -I /tmp/review-today-card-preview-build/Build/Products/Debug -Isystem /Applications/Xcode.app/Contents/Developer/Platforms/MacOSX.platform/Developer/usr/lib -F /tmp/review-today-card-preview-build/Build/Products/Debug -F /Applications/Xcode.app/Contents/Developer/Platforms/MacOSX.platform/Developer/Library/Frameworks -c -j10 -enable-batch-mode -incremental -Xcc -ivfsstatcache -Xcc /tmp/review-today-card-preview-build/SDKStatCaches.noindex/macosx27.0-26A425-7231f6df4def33e022ae2eb8f782df1a.sdkstatcache -output-file-map /tmp/review-today-card-preview-build/Build/Intermediates.noindex/FSRS.build/Debug/FSRS-t.build/Objects-normal/arm64/FSRS-OutputFileMap.json -save-temps -no-color-diagnostics -explicit-module-build -module-cache-path /tmp/review-today-card-preview-build/Build/Intermediates.noindex/SwiftExplicitPrecompiledModules -clang-scanner-module-cache-path /tmp/review-today-card-preview-build/ModuleCache.noindex -sdk-module-cache-path /tmp/review-today-card-preview-build/SDKExplicitPrecompiledModules -emit-dependencies -emit-module -emit-module-path /tmp/review-today-card-preview-build/Build/Intermediates.noindex/FSRS.build/Debug/FSRS-t.build/Objects-normal/arm64/FSRS.swiftmodule -serialize-diagnostics -dependency-scan-serialize-diagnostics-path /tmp/review-today-card-preview-build/Build/Intermediates.noindex/FSRS.build/Debug/FSRS-t.build/Objects-normal/arm64/FSRS-dependency-scan.dia -validate-clang-modules-once -clang-build-session-file /tmp/review-today-card-preview-build/ModuleCache.noindex/Session.modulevalidation -Xcc -fmodules-prune-interval\=86400 -Xcc -fmodules-prune-after\=345600 -package-name swiftfsrs -emit-const-values -const-gather-protocols-list /tmp/review-today-card-preview-build/Build/Intermediates.noindex/FSRS.build/Debug/FSRS-t.build/Objects-normal/arm64/FSRS_const_extract_protocols.json -Xcc -I/tmp/review-today-card-preview-build/Build/Products/Debug/include -Xcc -I/tmp/review-today-card-preview-build/Build/Intermediates.noindex/FSRS.build/Debug/FSRS-t.build/DerivedSources-normal/arm64 -Xcc -I/tmp/review-today-card-preview-build/Build/Intermediates.noindex/FSRS.build/Debug/FSRS-t.build/DerivedSources/arm64 -Xcc -I/tmp/review-today-card-preview-build/Build/Intermediates.noindex/FSRS.build/Debug/FSRS-t.build/DerivedSources -Xcc -DSWIFT_PACKAGE -Xcc -DDEBUG\=1 -emit-objc-header -emit-objc-header-path /tmp/review-today-card-preview-build/Build/Intermediates.noindex/FSRS.build/Debug/FSRS-t.build/Objects-normal/arm64/FSRS-Swift.h -working-directory /Users/rexyoung/Desktop/vibe\ coding/Review_Today/Review_Today.xcodeproj -experimental-emit-module-separately -disable-cmo

SwiftMergeGeneratedHeaders /tmp/review-today-card-preview-build/Build/Intermediates.noindex/GeneratedModuleMaps/FSRS-Swift.h /tmp/review-today-card-preview-build/Build/Intermediates.noindex/FSRS.build/Debug/FSRS-t.build/Objects-normal/arm64/FSRS-Swift.h (in target 'FSRS' from project 'FSRS')
    cd /Users/rexyoung/Desktop/vibe\ coding/Review_Today/Vendor/SwiftFSRS
    builtin-swiftHeaderTool -arch arm64 /tmp/review-today-card-preview-build/Build/Intermediates.noindex/FSRS.build/Debug/FSRS-t.build/Objects-normal/arm64/FSRS-Swift.h -o /tmp/review-today-card-preview-build/Build/Intermediates.noindex/GeneratedModuleMaps/FSRS-Swift.h

Copy /tmp/review-today-card-preview-build/Build/Products/Debug/FSRS.swiftmodule/arm64-apple-macos.swiftmodule /tmp/review-today-card-preview-build/Build/Intermediates.noindex/FSRS.build/Debug/FSRS-t.build/Objects-normal/arm64/FSRS.swiftmodule (in target 'FSRS' from project 'FSRS')
    cd /Users/rexyoung/Desktop/vibe\ coding/Review_Today/Vendor/SwiftFSRS
    builtin-copy -exclude .DS_Store -exclude CVS -exclude .svn -exclude .git -exclude .hg -resolve-src-symlinks -rename /tmp/review-today-card-preview-build/Build/Intermediates.noindex/FSRS.build/Debug/FSRS-t.build/Objects-normal/arm64/FSRS.swiftmodule /tmp/review-today-card-preview-build/Build/Products/Debug/FSRS.swiftmodule/arm64-apple-macos.swiftmodule

Copy /tmp/review-today-card-preview-build/Build/Products/Debug/FSRS.swiftmodule/arm64-apple-macos.swiftdoc /tmp/review-today-card-preview-build/Build/Intermediates.noindex/FSRS.build/Debug/FSRS-t.build/Objects-normal/arm64/FSRS.swiftdoc (in target 'FSRS' from project 'FSRS')
    cd /Users/rexyoung/Desktop/vibe\ coding/Review_Today/Vendor/SwiftFSRS
    builtin-copy -exclude .DS_Store -exclude CVS -exclude .svn -exclude .git -exclude .hg -resolve-src-symlinks -rename /tmp/review-today-card-preview-build/Build/Intermediates.noindex/FSRS.build/Debug/FSRS-t.build/Objects-normal/arm64/FSRS.swiftdoc /tmp/review-today-card-preview-build/Build/Products/Debug/FSRS.swiftmodule/arm64-apple-macos.swiftdoc

SwiftDriverJobDiscovery normal arm64 Compiling FSRSSteps.swift, FSRSDefaults.swift (in target 'FSRS' from project 'FSRS')

Copy /tmp/review-today-card-preview-build/Build/Products/Debug/FSRS.swiftmodule/arm64-apple-macos.abi.json /tmp/review-today-card-preview-build/Build/Intermediates.noindex/FSRS.build/Debug/FSRS-t.build/Objects-normal/arm64/FSRS.abi.json (in target 'FSRS' from project 'FSRS')
    cd /Users/rexyoung/Desktop/vibe\ coding/Review_Today/Vendor/SwiftFSRS
    builtin-copy -exclude .DS_Store -exclude CVS -exclude .svn -exclude .git -exclude .hg -resolve-src-symlinks -rename /tmp/review-today-card-preview-build/Build/Intermediates.noindex/FSRS.build/Debug/FSRS-t.build/Objects-normal/arm64/FSRS.abi.json /tmp/review-today-card-preview-build/Build/Products/Debug/FSRS.swiftmodule/arm64-apple-macos.abi.json

SwiftDriverJobDiscovery normal arm64 Compiling BasicSchedulerV6.swift (in target 'FSRS' from project 'FSRS')

Copy /tmp/review-today-card-preview-build/Build/Products/Debug/FSRS.swiftmodule/Project/arm64-apple-macos.swiftsourceinfo /tmp/review-today-card-preview-build/Build/Intermediates.noindex/FSRS.build/Debug/FSRS-t.build/Objects-normal/arm64/FSRS.swiftsourceinfo (in target 'FSRS' from project 'FSRS')
    cd /Users/rexyoung/Desktop/vibe\ coding/Review_Today/Vendor/SwiftFSRS
    builtin-copy -exclude .DS_Store -exclude CVS -exclude .svn -exclude .git -exclude .hg -resolve-src-symlinks -rename /tmp/review-today-card-preview-build/Build/Intermediates.noindex/FSRS.build/Debug/FSRS-t.build/Objects-normal/arm64/FSRS.swiftsourceinfo /tmp/review-today-card-preview-build/Build/Products/Debug/FSRS.swiftmodule/Project/arm64-apple-macos.swiftsourceinfo

ProcessProductPackaging "" /tmp/review-today-card-preview-build/Build/Intermediates.noindex/Review_Today.build/Debug/Review_Today.build/Review_Today.app.xcent (in target 'Review_Today' from project 'Review_Today')
    cd /Users/rexyoung/Desktop/vibe\ coding/Review_Today
    
    Entitlements:
    
    {
    "com.apple.security.get-task-allow" = 1;
    "com.apple.security.network.client" = 1;
}
    
    builtin-productPackagingUtility -entitlements -format xml -o /tmp/review-today-card-preview-build/Build/Intermediates.noindex/Review_Today.build/Debug/Review_Today.build/Review_Today.app.xcent

ProcessProductPackagingDER /tmp/review-today-card-preview-build/Build/Intermediates.noindex/Review_Today.build/Debug/Review_Today.build/Review_Today.app.xcent /tmp/review-today-card-preview-build/Build/Intermediates.noindex/Review_Today.build/Debug/Review_Today.build/Review_Today.app.xcent.der (in target 'Review_Today' from project 'Review_Today')
    cd /Users/rexyoung/Desktop/vibe\ coding/Review_Today
    /usr/bin/derq query -f xml -i /tmp/review-today-card-preview-build/Build/Intermediates.noindex/Review_Today.build/Debug/Review_Today.build/Review_Today.app.xcent -o /tmp/review-today-card-preview-build/Build/Intermediates.noindex/Review_Today.build/Debug/Review_Today.build/Review_Today.app.xcent.der --raw

MkDir /tmp/review-today-card-preview-build/Build/Intermediates.noindex/Review_Today.build/Debug/Review_Today.build/assetcatalog_output/thinned (in target 'Review_Today' from project 'Review_Today')
    cd /Users/rexyoung/Desktop/vibe\ coding/Review_Today
    /bin/mkdir -p /tmp/review-today-card-preview-build/Build/Intermediates.noindex/Review_Today.build/Debug/Review_Today.build/assetcatalog_output/thinned

MkDir /tmp/review-today-card-preview-build/Build/Intermediates.noindex/Review_Today.build/Debug/Review_Today.build/assetcatalog_output/unthinned (in target 'Review_Today' from project 'Review_Today')
    cd /Users/rexyoung/Desktop/vibe\ coding/Review_Today
    /bin/mkdir -p /tmp/review-today-card-preview-build/Build/Intermediates.noindex/Review_Today.build/Debug/Review_Today.build/assetcatalog_output/unthinned

GenerateAssetSymbols /Users/rexyoung/Desktop/vibe\ coding/Review_Today/Review_Today/Assets.xcassets (in target 'Review_Today' from project 'Review_Today')
    cd /Users/rexyoung/Desktop/vibe\ coding/Review_Today
    /Applications/Xcode.app/Contents/Developer/usr/bin/actool /Users/rexyoung/Desktop/vibe\ coding/Review_Today/Review_Today/Assets.xcassets --compile /tmp/review-today-card-preview-build/Build/Products/Debug/Review_Today.app/Contents/Resources --output-format human-readable-text --notices --warnings --export-dependency-info /tmp/review-today-card-preview-build/Build/Intermediates.noindex/Review_Today.build/Debug/Review_Today.build/assetcatalog_dependencies --output-partial-info-plist /tmp/review-today-card-preview-build/Build/Intermediates.noindex/Review_Today.build/Debug/Review_Today.build/assetcatalog_generated_info.plist --app-icon AppIcon --accent-color AccentColor --enable-on-demand-resources NO --development-region zh-Hans --target-device mac --minimum-deployment-target 26.5 --platform macosx --bundle-identifier Rex.Review-Today --generate-swift-asset-symbols /tmp/review-today-card-preview-build/Build/Intermediates.noindex/Review_Today.build/Debug/Review_Today.build/DerivedSources/GeneratedAssetSymbols.swift --generate-objc-asset-symbols /tmp/review-today-card-preview-build/Build/Intermediates.noindex/Review_Today.build/Debug/Review_Today.build/DerivedSources/GeneratedAssetSymbols.h --generate-asset-symbol-index /tmp/review-today-card-preview-build/Build/Intermediates.noindex/Review_Today.build/Debug/Review_Today.build/DerivedSources/GeneratedAssetSymbols-Index.plist
/* com.apple.actool.compilation-results */
/tmp/review-today-card-preview-build/Build/Intermediates.noindex/Review_Today.build/Debug/Review_Today.build/DerivedSources/GeneratedAssetSymbols-Index.plist
/tmp/review-today-card-preview-build/Build/Intermediates.noindex/Review_Today.build/Debug/Review_Today.build/DerivedSources/GeneratedAssetSymbols.h
/tmp/review-today-card-preview-build/Build/Intermediates.noindex/Review_Today.build/Debug/Review_Today.build/DerivedSources/GeneratedAssetSymbols.swift


CompileAssetCatalogVariant thinned /tmp/review-today-card-preview-build/Build/Products/Debug/Review_Today.app/Contents/Resources /Users/rexyoung/Desktop/vibe\ coding/Review_Today/Review_Today/Assets.xcassets (in target 'Review_Today' from project 'Review_Today')
    cd /Users/rexyoung/Desktop/vibe\ coding/Review_Today
    /Applications/Xcode.app/Contents/Developer/usr/bin/actool /Users/rexyoung/Desktop/vibe\ coding/Review_Today/Review_Today/Assets.xcassets --compile /tmp/review-today-card-preview-build/Build/Intermediates.noindex/Review_Today.build/Debug/Review_Today.build/assetcatalog_output/thinned --output-format human-readable-text --notices --warnings --export-dependency-info /tmp/review-today-card-preview-build/Build/Intermediates.noindex/Review_Today.build/Debug/Review_Today.build/assetcatalog_dependencies_thinned --output-partial-info-plist /tmp/review-today-card-preview-build/Build/Intermediates.noindex/Review_Today.build/Debug/Review_Today.build/assetcatalog_generated_info.plist_thinned --app-icon AppIcon --accent-color AccentColor --enable-on-demand-resources NO --development-region zh-Hans --target-device mac --minimum-deployment-target 26.5 --platform macosx
/* com.apple.actool.compilation-results */
/tmp/review-today-card-preview-build/Build/Intermediates.noindex/Review_Today.build/Debug/Review_Today.build/assetcatalog_generated_info.plist_thinned
/tmp/review-today-card-preview-build/Build/Intermediates.noindex/Review_Today.build/Debug/Review_Today.build/assetcatalog_output/thinned/AppIcon.icns
/tmp/review-today-card-preview-build/Build/Intermediates.noindex/Review_Today.build/Debug/Review_Today.build/assetcatalog_output/thinned/Assets.car


SwiftDriverJobDiscovery normal arm64 Compiling FSRS.swift, FSRSAlgorithm.swift (in target 'FSRS' from project 'FSRS')

SwiftDriverJobDiscovery normal arm64 Compiling FSRSAlea.swift, FSRSHelper.swift (in target 'FSRS' from project 'FSRS')

SwiftDriverJobDiscovery normal arm64 Compiling LongTermScheduler.swift (in target 'FSRS' from project 'FSRS')

SwiftDriverJobDiscovery normal arm64 Compiling AbstractScheduler.swift (in target 'FSRS' from project 'FSRS')

SwiftDriverJobDiscovery normal arm64 Compiling FSRSReschedule.swift (in target 'FSRS' from project 'FSRS')

SwiftDriver Review_Today normal arm64 com.apple.xcode.tools.swift.compiler (in target 'Review_Today' from project 'Review_Today')
    cd /Users/rexyoung/Desktop/vibe\ coding/Review_Today
    builtin-SwiftDriver -- /Applications/Xcode.app/Contents/Developer/Toolchains/XcodeDefault.xctoolchain/usr/bin/swiftc -module-name Review_Today -Onone @/tmp/review-today-card-preview-build/Build/Intermediates.noindex/Review_Today.build/Debug/Review_Today.build/Objects-normal/arm64/Review_Today.SwiftFileList -DDEBUG -default-isolation\=MainActor -enable-bare-slash-regex -enable-upcoming-feature DisableOutwardActorInference -enable-upcoming-feature InferSendableFromCaptures -enable-upcoming-feature GlobalActorIsolatedTypesUsability -enable-upcoming-feature MemberImportVisibility -enable-upcoming-feature InferIsolatedConformances -enable-upcoming-feature NonisolatedNonsendingByDefault -enable-experimental-feature DebugDescriptionMacro -sdk /Applications/Xcode.app/Contents/Developer/Platforms/MacOSX.platform/Developer/SDKs/MacOSX27.0.sdk -target arm64-apple-macos26.5 -g -module-cache-path /tmp/review-today-card-preview-build/ModuleCache.noindex -Xfrontend -serialize-debugging-options -enable-testing -index-store-path /tmp/review-today-card-preview-build/Index.noindex/DataStore -Xcc -D_LIBCPP_HARDENING_MODE\=_LIBCPP_HARDENING_MODE_DEBUG -swift-version 5 -I /tmp/review-today-card-preview-build/Build/Products/Debug -F /tmp/review-today-card-preview-build/Build/Products/Debug/PackageFrameworks -F /tmp/review-today-card-preview-build/Build/Products/Debug -emit-localized-strings -emit-localized-strings-path /tmp/review-today-card-preview-build/Build/Intermediates.noindex/Review_Today.build/Debug/Review_Today.build/Objects-normal/arm64 -c -j10 -enable-batch-mode -incremental -Xcc -ivfsstatcache -Xcc /tmp/review-today-card-preview-build/SDKStatCaches.noindex/macosx27.0-26A425-7231f6df4def33e022ae2eb8f782df1a.sdkstatcache -output-file-map /tmp/review-today-card-preview-build/Build/Intermediates.noindex/Review_Today.build/Debug/Review_Today.build/Objects-normal/arm64/Review_Today-OutputFileMap.json -save-temps -no-color-diagnostics -explicit-module-build -module-cache-path /tmp/review-today-card-preview-build/Build/Intermediates.noindex/SwiftExplicitPrecompiledModules -clang-scanner-module-cache-path /tmp/review-today-card-preview-build/ModuleCache.noindex -sdk-module-cache-path /tmp/review-today-card-preview-build/SDKExplicitPrecompiledModules -emit-dependencies -emit-module -emit-module-path /tmp/review-today-card-preview-build/Build/Intermediates.noindex/Review_Today.build/Debug/Review_Today.build/Objects-normal/arm64/Review_Today.swiftmodule -serialize-diagnostics -dependency-scan-serialize-diagnostics-path /tmp/review-today-card-preview-build/Build/Intermediates.noindex/Review_Today.build/Debug/Review_Today.build/Objects-normal/arm64/Review_Today-dependency-scan.dia -validate-clang-modules-once -clang-build-session-file /tmp/review-today-card-preview-build/ModuleCache.noindex/Session.modulevalidation -Xcc -fmodules-prune-interval\=86400 -Xcc -fmodules-prune-after\=345600 -emit-const-values -const-gather-protocols-list /tmp/review-today-card-preview-build/Build/Intermediates.noindex/Review_Today.build/Debug/Review_Today.build/Objects-normal/arm64/Review_Today_const_extract_protocols.json -Xcc -iquote -Xcc /tmp/review-today-card-preview-build/Build/Intermediates.noindex/Review_Today.build/Debug/Review_Today.build/Review_Today-generated-files.hmap -Xcc -I/tmp/review-today-card-preview-build/Build/Intermediates.noindex/Review_Today.build/Debug/Review_Today.build/Review_Today-own-target-headers.hmap -Xcc -I/tmp/review-today-card-preview-build/Build/Intermediates.noindex/Review_Today.build/Debug/Review_Today.build/Review_Today-all-non-framework-target-headers.hmap -Xcc -ivfsoverlay -Xcc /tmp/review-today-card-preview-build/Build/Intermediates.noindex/Review_Today.build/Debug/Review_Today-b70fdcf0cabbad8a9773b71bbe1a4aa3-VFS/all-product-headers.yaml -Xcc -iquote -Xcc /tmp/review-today-card-preview-build/Build/Intermediates.noindex/Review_Today.build/Debug/Review_Today.build/Review_Today-project-headers.hmap -Xcc -I/tmp/review-today-card-preview-build/Build/Products/Debug/include -Xcc -I/tmp/review-today-card-preview-build/Build/Intermediates.noindex/Review_Today.build/Debug/Review_Today.build/DerivedSources-normal/arm64 -Xcc -I/tmp/review-today-card-preview-build/Build/Intermediates.noindex/Review_Today.build/Debug/Review_Today.build/DerivedSources/arm64 -Xcc -I/tmp/review-today-card-preview-build/Build/Intermediates.noindex/Review_Today.build/Debug/Review_Today.build/DerivedSources -Xcc -DDEBUG\=1 -emit-objc-header -emit-objc-header-path /tmp/review-today-card-preview-build/Build/Intermediates.noindex/Review_Today.build/Debug/Review_Today.build/Objects-normal/arm64/Review_Today-Swift.h -working-directory /Users/rexyoung/Desktop/vibe\ coding/Review_Today -experimental-emit-module-separately -disable-cmo

SwiftDriverJobDiscovery normal arm64 Compiling FSRSTypes.swift (in target 'FSRS' from project 'FSRS')

SwiftDriverJobDiscovery normal arm64 Compiling FSRSModels.swift (in target 'FSRS' from project 'FSRS')

SwiftDriver\ Compilation FSRS normal arm64 com.apple.xcode.tools.swift.compiler (in target 'FSRS' from project 'FSRS')
    cd /Users/rexyoung/Desktop/vibe\ coding/Review_Today/Review_Today.xcodeproj
    builtin-Swift-Compilation -- /Applications/Xcode.app/Contents/Developer/Toolchains/XcodeDefault.xctoolchain/usr/bin/swiftc -parse-as-library -module-name FSRS -Onone @/tmp/review-today-card-preview-build/Build/Intermediates.noindex/FSRS.build/Debug/FSRS-t.build/Objects-normal/arm64/FSRS.SwiftFileList -DSWIFT_PACKAGE -DDEBUG -DSWIFT_MODULE_RESOURCE_BUNDLE_UNAVAILABLE -DXcode -enable-experimental-feature StrictConcurrency\=complete -plugin-path /Applications/Xcode.app/Contents/Developer/Toolchains/XcodeDefault.xctoolchain/usr/lib/swift/host/plugins/testing -enable-experimental-feature DebugDescriptionMacro -sdk /Applications/Xcode.app/Contents/Developer/Platforms/MacOSX.platform/Developer/SDKs/MacOSX27.0.sdk -target arm64-apple-macos12.0 -g -module-cache-path /tmp/review-today-card-preview-build/ModuleCache.noindex -Xfrontend -serialize-debugging-options -enable-testing -index-store-path /tmp/review-today-card-preview-build/Index.noindex/DataStore -Xcc -D_LIBCPP_HARDENING_MODE\=_LIBCPP_HARDENING_MODE_DEBUG -swift-version 5 -I /tmp/review-today-card-preview-build/Build/Products/Debug -Isystem /Applications/Xcode.app/Contents/Developer/Platforms/MacOSX.platform/Developer/usr/lib -F /tmp/review-today-card-preview-build/Build/Products/Debug -F /Applications/Xcode.app/Contents/Developer/Platforms/MacOSX.platform/Developer/Library/Frameworks -c -j10 -enable-batch-mode -incremental -Xcc -ivfsstatcache -Xcc /tmp/review-today-card-preview-build/SDKStatCaches.noindex/macosx27.0-26A425-7231f6df4def33e022ae2eb8f782df1a.sdkstatcache -output-file-map /tmp/review-today-card-preview-build/Build/Intermediates.noindex/FSRS.build/Debug/FSRS-t.build/Objects-normal/arm64/FSRS-OutputFileMap.json -save-temps -no-color-diagnostics -explicit-module-build -module-cache-path /tmp/review-today-card-preview-build/Build/Intermediates.noindex/SwiftExplicitPrecompiledModules -clang-scanner-module-cache-path /tmp/review-today-card-preview-build/ModuleCache.noindex -sdk-module-cache-path /tmp/review-today-card-preview-build/SDKExplicitPrecompiledModules -emit-dependencies -emit-module -emit-module-path /tmp/review-today-card-preview-build/Build/Intermediates.noindex/FSRS.build/Debug/FSRS-t.build/Objects-normal/arm64/FSRS.swiftmodule -serialize-diagnostics -dependency-scan-serialize-diagnostics-path /tmp/review-today-card-preview-build/Build/Intermediates.noindex/FSRS.build/Debug/FSRS-t.build/Objects-normal/arm64/FSRS-dependency-scan.dia -validate-clang-modules-once -clang-build-session-file /tmp/review-today-card-preview-build/ModuleCache.noindex/Session.modulevalidation -Xcc -fmodules-prune-interval\=86400 -Xcc -fmodules-prune-after\=345600 -package-name swiftfsrs -emit-const-values -const-gather-protocols-list /tmp/review-today-card-preview-build/Build/Intermediates.noindex/FSRS.build/Debug/FSRS-t.build/Objects-normal/arm64/FSRS_const_extract_protocols.json -Xcc -I/tmp/review-today-card-preview-build/Build/Products/Debug/include -Xcc -I/tmp/review-today-card-preview-build/Build/Intermediates.noindex/FSRS.build/Debug/FSRS-t.build/DerivedSources-normal/arm64 -Xcc -I/tmp/review-today-card-preview-build/Build/Intermediates.noindex/FSRS.build/Debug/FSRS-t.build/DerivedSources/arm64 -Xcc -I/tmp/review-today-card-preview-build/Build/Intermediates.noindex/FSRS.build/Debug/FSRS-t.build/DerivedSources -Xcc -DSWIFT_PACKAGE -Xcc -DDEBUG\=1 -emit-objc-header -emit-objc-header-path /tmp/review-today-card-preview-build/Build/Intermediates.noindex/FSRS.build/Debug/FSRS-t.build/Objects-normal/arm64/FSRS-Swift.h -working-directory /Users/rexyoung/Desktop/vibe\ coding/Review_Today/Review_Today.xcodeproj -experimental-emit-module-separately -disable-cmo

Ld /tmp/review-today-card-preview-build/Build/Products/Debug/FSRS.o normal (in target 'FSRS' from project 'FSRS')
    cd /Users/rexyoung/Desktop/vibe\ coding/Review_Today/Vendor/SwiftFSRS
    /Applications/Xcode.app/Contents/Developer/Toolchains/XcodeDefault.xctoolchain/usr/bin/clang -Xlinker -reproducible -target arm64-apple-macos12.0 -r -isysroot /Applications/Xcode.app/Contents/Developer/Platforms/MacOSX.platform/Developer/SDKs/MacOSX27.0.sdk -O0 -Xlinker -no_warn_duplicate_libraries -F/tmp/review-today-card-preview-build/Build/Intermediates.noindex/EagerLinkingTBDs/Debug -F/tmp/review-today-card-preview-build/Build/Products/Debug -iframework /Applications/Xcode.app/Contents/Developer/Platforms/MacOSX.platform/Developer/Library/Frameworks -filelist /tmp/review-today-card-preview-build/Build/Intermediates.noindex/FSRS.build/Debug/FSRS-t.build/Objects-normal/arm64/FSRS.LinkFileList -nostdlib -Xlinker -object_path_lto -Xlinker /tmp/review-today-card-preview-build/Build/Intermediates.noindex/FSRS.build/Debug/FSRS-t.build/Objects-normal/arm64/FSRS_lto.o -Xlinker -no_deduplicate -Xlinker -dependency_info -Xlinker /tmp/review-today-card-preview-build/Build/Intermediates.noindex/FSRS.build/Debug/FSRS-t.build/Objects-normal/arm64/FSRS_dependency_info.dat -fobjc-link-runtime -L/Applications/Xcode.app/Contents/Developer/Toolchains/XcodeDefault.xctoolchain/usr/lib/swift/macosx -L/usr/lib/swift -Xlinker -add_ast_path -Xlinker /tmp/review-today-card-preview-build/Build/Intermediates.noindex/FSRS.build/Debug/FSRS-t.build/Objects-normal/arm64/FSRS.swiftmodule -o /tmp/review-today-card-preview-build/Build/Products/Debug/FSRS.o

ExtractAppIntentsMetadata (in target 'FSRS' from project 'FSRS')
    cd /Users/rexyoung/Desktop/vibe\ coding/Review_Today/Vendor/SwiftFSRS
    /Applications/Xcode.app/Contents/Developer/Toolchains/XcodeDefault.xctoolchain/usr/bin/appintentsmetadataprocessor --toolchain-dir /Applications/Xcode.app/Contents/Developer/Toolchains/XcodeDefault.xctoolchain --module-name FSRS --sdk-root /Applications/Xcode.app/Contents/Developer/Platforms/MacOSX.platform/Developer/SDKs/MacOSX27.0.sdk --xcode-version 27A266a --platform-family macOS --deployment-target 12.0 --bundle-identifier swiftfsrs.FSRS --output /tmp/review-today-card-preview-build/Build/Products/Debug/FSRS.appintents --target-triple arm64-apple-macos12.0 --binary-file /tmp/review-today-card-preview-build/Build/Products/Debug/FSRS.o --dependency-file /tmp/review-today-card-preview-build/Build/Intermediates.noindex/FSRS.build/Debug/FSRS-t.build/Objects-normal/arm64/FSRS_dependency_info.dat --stringsdata-file /tmp/review-today-card-preview-build/Build/Intermediates.noindex/FSRS.build/Debug/FSRS-t.build/Objects-normal/arm64/ExtractedAppShortcutsMetadata.stringsdata --source-file-list /tmp/review-today-card-preview-build/Build/Intermediates.noindex/FSRS.build/Debug/FSRS-t.build/Objects-normal/arm64/FSRS.SwiftFileList --metadata-file-list /tmp/review-today-card-preview-build/Build/Intermediates.noindex/FSRS.build/Debug/FSRS-t.build/FSRS.DependencyMetadataFileList --static-metadata-file-list /tmp/review-today-card-preview-build/Build/Intermediates.noindex/FSRS.build/Debug/FSRS-t.build/FSRS.DependencyStaticMetadataFileList --swift-const-vals-list /tmp/review-today-card-preview-build/Build/Intermediates.noindex/FSRS.build/Debug/FSRS-t.build/Objects-normal/arm64/FSRS.SwiftConstValuesFileList --force --compile-time-extraction --deployment-aware-processing --no-app-shortcuts-localization
2026-10-04 21:47:09.419 appintentsmetadataprocessor[49953:4161072] Starting appintentsmetadataprocessor export
2026-10-04 21:47:09.628 appintentsmetadataprocessor[49953:4161072] Extracted no relevant App Intents symbols, skipping writing output

CpResource /tmp/review-today-card-preview-build/Build/Products/Debug/Review_Today.app/Contents/Resources/MrBMotion.html /Users/rexyoung/Desktop/vibe\ coding/Review_Today/Review_Today/MrBMotion.html (in target 'Review_Today' from project 'Review_Today')
    cd /Users/rexyoung/Desktop/vibe\ coding/Review_Today
    builtin-copy -exclude .DS_Store -exclude CVS -exclude .svn -exclude .git -exclude .hg -resolve-src-symlinks /Users/rexyoung/Desktop/vibe\ coding/Review_Today/Review_Today/MrBMotion.html /tmp/review-today-card-preview-build/Build/Products/Debug/Review_Today.app/Contents/Resources

CpResource /tmp/review-today-card-preview-build/Build/Products/Debug/Review_Today.app/Contents/Resources/MascotMotion.html /Users/rexyoung/Desktop/vibe\ coding/Review_Today/Review_Today/MascotMotion.html (in target 'Review_Today' from project 'Review_Today')
    cd /Users/rexyoung/Desktop/vibe\ coding/Review_Today
    builtin-copy -exclude .DS_Store -exclude CVS -exclude .svn -exclude .git -exclude .hg -resolve-src-symlinks /Users/rexyoung/Desktop/vibe\ coding/Review_Today/Review_Today/MascotMotion.html /tmp/review-today-card-preview-build/Build/Products/Debug/Review_Today.app/Contents/Resources

CpResource /tmp/review-today-card-preview-build/Build/Products/Debug/Review_Today.app/Contents/Resources/KNMaiyuan-Regular.ttf /Users/rexyoung/Desktop/vibe\ coding/Review_Today/Review_Today/Fonts/KNMaiyuan-Regular.ttf (in target 'Review_Today' from project 'Review_Today')
    cd /Users/rexyoung/Desktop/vibe\ coding/Review_Today
    builtin-copy -exclude .DS_Store -exclude CVS -exclude .svn -exclude .git -exclude .hg -resolve-src-symlinks /Users/rexyoung/Desktop/vibe\ coding/Review_Today/Review_Today/Fonts/KNMaiyuan-Regular.ttf /tmp/review-today-card-preview-build/Build/Products/Debug/Review_Today.app/Contents/Resources

CpResource /tmp/review-today-card-preview-build/Build/Products/Debug/Review_Today.app/Contents/Resources/KNMaiyuan-OFL.txt /Users/rexyoung/Desktop/vibe\ coding/Review_Today/Review_Today/Fonts/KNMaiyuan-OFL.txt (in target 'Review_Today' from project 'Review_Today')
    cd /Users/rexyoung/Desktop/vibe\ coding/Review_Today
    builtin-copy -exclude .DS_Store -exclude CVS -exclude .svn -exclude .git -exclude .hg -resolve-src-symlinks /Users/rexyoung/Desktop/vibe\ coding/Review_Today/Review_Today/Fonts/KNMaiyuan-OFL.txt /tmp/review-today-card-preview-build/Build/Products/Debug/Review_Today.app/Contents/Resources

CpResource /tmp/review-today-card-preview-build/Build/Products/Debug/Review_Today.app/Contents/Resources/ExamEntrySpine.html /Users/rexyoung/Desktop/vibe\ coding/Review_Today/Review_Today/ExamEntrySpine.html (in target 'Review_Today' from project 'Review_Today')
    cd /Users/rexyoung/Desktop/vibe\ coding/Review_Today
    builtin-copy -exclude .DS_Store -exclude CVS -exclude .svn -exclude .git -exclude .hg -resolve-src-symlinks /Users/rexyoung/Desktop/vibe\ coding/Review_Today/Review_Today/ExamEntrySpine.html /tmp/review-today-card-preview-build/Build/Products/Debug/Review_Today.app/Contents/Resources

Ld /tmp/review-today-card-preview-build/Build/Products/Debug/Review_Today.app/Contents/MacOS/__preview.dylib normal (in target 'Review_Today' from project 'Review_Today')
    cd /Users/rexyoung/Desktop/vibe\ coding/Review_Today
    /Applications/Xcode.app/Contents/Developer/Toolchains/XcodeDefault.xctoolchain/usr/bin/clang -Xlinker -reproducible -target arm64-apple-macos26.5 -dynamiclib -isysroot /Applications/Xcode.app/Contents/Developer/Platforms/MacOSX.platform/Developer/SDKs/MacOSX27.0.sdk -O0 -Xlinker -no_warn_duplicate_libraries -L/tmp/review-today-card-preview-build/Build/Products/Debug -F/tmp/review-today-card-preview-build/Build/Products/Debug/PackageFrameworks -F/tmp/review-today-card-preview-build/Build/Products/Debug -install_name @rpath/Review_Today.debug.dylib -rdynamic -Xlinker -no_deduplicate -Xlinker -dependency_info -Xlinker /tmp/review-today-card-preview-build/Build/Intermediates.noindex/Review_Today.build/Debug/Review_Today.build/Objects-normal/arm64/Review_Today_dependency_info.dat -Xlinker -no_adhoc_codesign -o /tmp/review-today-card-preview-build/Build/Products/Debug/Review_Today.app/Contents/MacOS/__preview.dylib

SwiftExplicitDependencyGeneratePcm arm64 /tmp/review-today-card-preview-build/SDKExplicitPrecompiledModules/ptrauth-B82A0UBB2Z012ZI7DDQIAU650.pcm

SwiftExplicitDependencyGeneratePcm arm64 /tmp/review-today-card-preview-build/SDKExplicitPrecompiledModules/SwiftShims-25I9ASE7JH2F1NT6VNZVGS3Q3.pcm

SwiftExplicitDependencyGeneratePcm arm64 /tmp/review-today-card-preview-build/SDKExplicitPrecompiledModules/_Builtin_stdarg-5491SP5MMN5U4RXY5E9G42SZP.pcm

SwiftExplicitDependencyGeneratePcm arm64 /tmp/review-today-card-preview-build/SDKExplicitPrecompiledModules/_Builtin_stdbool-6DBGOUGM0TEF866GX3EBFZ6RI.pcm

SwiftExplicitDependencyGeneratePcm arm64 /tmp/review-today-card-preview-build/SDKExplicitPrecompiledModules/_Builtin_float-CZUTSHLHTZPXGRWQVWHCASM03.pcm

SwiftExplicitDependencyGeneratePcm arm64 /tmp/review-today-card-preview-build/SDKExplicitPrecompiledModules/DeveloperToolsSupport-6Q4DM2MCR3SEU4ZSIQB7TR9TA.pcm

SwiftExplicitDependencyGeneratePcm arm64 /tmp/review-today-card-preview-build/SDKExplicitPrecompiledModules/_Builtin_stddef-Y3COH2GIQC30JHQB65IEXCJ5.pcm

SwiftExplicitDependencyGeneratePcm arm64 /tmp/review-today-card-preview-build/SDKExplicitPrecompiledModules/ptrcheck-13IL6EDI2I46EOKZ40TKW9DEI.pcm

SwiftExplicitDependencyGeneratePcm arm64 /tmp/review-today-card-preview-build/SDKExplicitPrecompiledModules/_AvailabilityInternal-CZPF4SPJ5QLDPGZTJT9IOU2U3.pcm

SwiftExplicitDependencyGeneratePcm arm64 /tmp/review-today-card-preview-build/SDKExplicitPrecompiledModules/_SwiftConcurrencyShims-EDUBC5KOGZTCMGPXLBUOEOK92.pcm

SwiftExplicitDependencyGeneratePcm arm64 /tmp/review-today-card-preview-build/SDKExplicitPrecompiledModules/_DarwinFoundation1-6PI2XAYZJZK1R6MMZFWA9YD3A.pcm

SwiftExplicitDependencyGeneratePcm arm64 /tmp/review-today-card-preview-build/SDKExplicitPrecompiledModules/_DarwinFoundation2-1BM3VXN8EKML50ZWAYFMZ1POH.pcm

SwiftExplicitDependencyGeneratePcm arm64 /tmp/review-today-card-preview-build/SDKExplicitPrecompiledModules/_Builtin_limits-CEZ0JMLU4S8KJYWC9LBVV9CLK.pcm

SwiftExplicitDependencyGeneratePcm arm64 /tmp/review-today-card-preview-build/SDKExplicitPrecompiledModules/SQLite3-7PEI40N41YB9FJ89OKXQGUZI8.pcm

SwiftExplicitDependencyGeneratePcm arm64 /tmp/review-today-card-preview-build/SDKExplicitPrecompiledModules/_Builtin_tgmath-A9TZHBID27MDGLE1ZKLCQK2BC.pcm

SwiftExplicitDependencyGeneratePcm arm64 /tmp/review-today-card-preview-build/SDKExplicitPrecompiledModules/_Builtin_stdint-4EGEYOHARKRO8PAKQO84VTQHE.pcm

SwiftExplicitDependencyGeneratePcm arm64 /tmp/review-today-card-preview-build/SDKExplicitPrecompiledModules/sys_types-993RKZRJ79XW227OKT494IGBL.pcm

SwiftExplicitDependencyGeneratePcm arm64 /tmp/review-today-card-preview-build/SDKExplicitPrecompiledModules/string_h-BOGYDLDYP64Z0DI57YJ0K9PCS.pcm

SwiftExplicitDependencyGeneratePcm arm64 /tmp/review-today-card-preview-build/SDKExplicitPrecompiledModules/_Builtin_stdatomic-DLBADMZZMBY1QHNGDMNKAKL95.pcm

SwiftExplicitDependencyGeneratePcm arm64 /tmp/review-today-card-preview-build/SDKExplicitPrecompiledModules/_DarwinFoundation3-47Q0B8ENY1US4UBUOJILHQNEX.pcm

SwiftExplicitDependencyGeneratePcm arm64 /tmp/review-today-card-preview-build/SDKExplicitPrecompiledModules/libDER-3VI6PXFV7MXYFRILZDGB7TVMN.pcm

SwiftExplicitDependencyGeneratePcm arm64 /tmp/review-today-card-preview-build/SDKExplicitPrecompiledModules/_Builtin_intrinsics-8IRF2RUOL4HI7FYEIAX6AOB2J.pcm

SwiftExplicitDependencyGeneratePcm arm64 /tmp/review-today-card-preview-build/SDKExplicitPrecompiledModules/_Builtin_inttypes-9OJFWIUQ06KRWNBU7YTB1T34B.pcm

SwiftExplicitDependencyGeneratePcm arm64 /tmp/review-today-card-preview-build/SDKExplicitPrecompiledModules/Darwin-94KTUFRWE0UZ346CE7MOBH95S.pcm

SwiftExplicitDependencyGeneratePcm arm64 /tmp/review-today-card-preview-build/SDKExplicitPrecompiledModules/simd-9VRSRVMF0CM6E2WLLEGMRPWHW.pcm

SwiftExplicitDependencyGeneratePcm arm64 /tmp/review-today-card-preview-build/SDKExplicitPrecompiledModules/CUPS-2B0JQJ1TSXT2GHDVM69R5UDNN.pcm

SwiftExplicitDependencyGeneratePcm arm64 /tmp/review-today-card-preview-build/SDKExplicitPrecompiledModules/libkern-1DODMKT0P8316OK1CMA8PJHAN.pcm

SwiftExplicitDependencyGeneratePcm arm64 /tmp/review-today-card-preview-build/SDKExplicitPrecompiledModules/MachO-5X2VLIWJRLJZZA0HKRBXKLQ2B.pcm

SwiftExplicitDependencyGeneratePcm arm64 /tmp/review-today-card-preview-build/SDKExplicitPrecompiledModules/launch-8PEL7BB1UJH36IY2WXL2MOCZB.pcm

SwiftExplicitDependencyGeneratePcm arm64 /tmp/review-today-card-preview-build/SDKExplicitPrecompiledModules/Spatial-5PPAB8I6WLK5JAT9WC6HDSV7F.pcm

SwiftExplicitDependencyGeneratePcm arm64 /tmp/review-today-card-preview-build/SDKExplicitPrecompiledModules/ObjectiveC-1NRD6NYTS1CH56HXRFMAHA6C9.pcm

SwiftExplicitDependencyGeneratePcm arm64 /tmp/review-today-card-preview-build/SDKExplicitPrecompiledModules/os_object-D3F2B1O99TJNRKJ2X0P3WNU07.pcm

SwiftExplicitDependencyGeneratePcm arm64 /tmp/review-today-card-preview-build/SDKExplicitPrecompiledModules/os_workgroup-95QK1GB5ER6ME0TLFEXPMKNT2.pcm

SwiftExplicitDependencyGeneratePcm arm64 /tmp/review-today-card-preview-build/SDKExplicitPrecompiledModules/Dispatch-747HZWF1UICJ9HBV4TBNEZMTF.pcm

SwiftExplicitDependencyGeneratePcm arm64 /tmp/review-today-card-preview-build/SDKExplicitPrecompiledModules/dnssd-97RMGR505SFOAS0OK8R2BWAOR.pcm

SwiftExplicitDependencyGeneratePcm arm64 /tmp/review-today-card-preview-build/SDKExplicitPrecompiledModules/XPC-6K7BR45JR5DESB53RG6WAD22J.pcm

SwiftExplicitDependencyGeneratePcm arm64 /tmp/review-today-card-preview-build/SDKExplicitPrecompiledModules/CoreFoundation-5T89PNFP4A4X5IBP4OISUIO4L.pcm

SwiftExplicitDependencyGeneratePcm arm64 /tmp/review-today-card-preview-build/SDKExplicitPrecompiledModules/os-4SWNJE3H2QL69R6WBTRBDS90Q.pcm

SwiftExplicitDependencyGeneratePcm arm64 /tmp/review-today-card-preview-build/SDKExplicitPrecompiledModules/ColorSync-6QIVZ3PJ3UPH93C7HC5GJE5TD.pcm

SwiftExplicitDependencyGeneratePcm arm64 /tmp/review-today-card-preview-build/SDKExplicitPrecompiledModules/IOKit-3KE7DPMU93L5FYZG3USQH3B2L.pcm

SwiftExplicitDependencyGeneratePcm arm64 /tmp/review-today-card-preview-build/SDKExplicitPrecompiledModules/Security-7R5VSLRX81UDUDA4FUY8ZQS08.pcm

SwiftExplicitDependencyGeneratePcm arm64 /tmp/review-today-card-preview-build/SDKExplicitPrecompiledModules/CoreAudioTypes-4F189DYTDKFPW3R3XPUAB8SAO.pcm

SwiftExplicitDependencyGeneratePcm arm64 /tmp/review-today-card-preview-build/SDKExplicitPrecompiledModules/CFNetwork-AV1U5PXH5TDP6ZAS9QB2A8S0L.pcm

SwiftExplicitDependencyGeneratePcm arm64 /tmp/review-today-card-preview-build/SDKExplicitPrecompiledModules/CoreGraphics-3NYV1NV7XDEAIJ7RKS7PHK6E8.pcm

SwiftExplicitDependencyGeneratePcm arm64 /tmp/review-today-card-preview-build/SDKExplicitPrecompiledModules/DiskArbitration-9KF21QXB5UTFW8BY47PK5VE4Y.pcm

SwiftExplicitDependencyGeneratePcm arm64 /tmp/review-today-card-preview-build/SDKExplicitPrecompiledModules/CoreServices-CYVV9KEQSPFHVJTABA89GLGY9.pcm

SwiftExplicitDependencyGeneratePcm arm64 /tmp/review-today-card-preview-build/SDKExplicitPrecompiledModules/ImageIO-3Z1EG5O1VK0BGAV8KBCA2QPFL.pcm

SwiftExplicitDependencyGeneratePcm arm64 /tmp/review-today-card-preview-build/SDKExplicitPrecompiledModules/CoreText-CP2NW3R1CVLE3WINSWUJZ0IE2.pcm

LinkAssetCatalog /Users/rexyoung/Desktop/vibe\ coding/Review_Today/Review_Today/Assets.xcassets (in target 'Review_Today' from project 'Review_Today')
    cd /Users/rexyoung/Desktop/vibe\ coding/Review_Today
    builtin-linkAssetCatalog --thinned /tmp/review-today-card-preview-build/Build/Intermediates.noindex/Review_Today.build/Debug/Review_Today.build/assetcatalog_output/thinned --thinned-dependencies /tmp/review-today-card-preview-build/Build/Intermediates.noindex/Review_Today.build/Debug/Review_Today.build/assetcatalog_dependencies_thinned --thinned-info-plist-content /tmp/review-today-card-preview-build/Build/Intermediates.noindex/Review_Today.build/Debug/Review_Today.build/assetcatalog_generated_info.plist_thinned --unthinned /tmp/review-today-card-preview-build/Build/Intermediates.noindex/Review_Today.build/Debug/Review_Today.build/assetcatalog_output/unthinned --unthinned-dependencies /tmp/review-today-card-preview-build/Build/Intermediates.noindex/Review_Today.build/Debug/Review_Today.build/assetcatalog_dependencies_unthinned --unthinned-info-plist-content /tmp/review-today-card-preview-build/Build/Intermediates.noindex/Review_Today.build/Debug/Review_Today.build/assetcatalog_generated_info.plist_unthinned --output /tmp/review-today-card-preview-build/Build/Products/Debug/Review_Today.app/Contents/Resources --plist-output /tmp/review-today-card-preview-build/Build/Intermediates.noindex/Review_Today.build/Debug/Review_Today.build/assetcatalog_generated_info.plist
note: Emplaced /tmp/review-today-card-preview-build/Build/Products/Debug/Review_Today.app/Contents/Resources/Assets.car (in target 'Review_Today' from project 'Review_Today')
note: Emplaced /tmp/review-today-card-preview-build/Build/Products/Debug/Review_Today.app/Contents/Resources/AppIcon.icns (in target 'Review_Today' from project 'Review_Today')

SwiftExplicitDependencyGeneratePcm arm64 /tmp/review-today-card-preview-build/SDKExplicitPrecompiledModules/Foundation-CUP5M2MYOCNQX76LLH57UKNR7.pcm

ProcessInfoPlistFile /tmp/review-today-card-preview-build/Build/Products/Debug/Review_Today.app/Contents/Info.plist /Users/rexyoung/Desktop/vibe\ coding/Review_Today/Review_Today/Info.plist (in target 'Review_Today' from project 'Review_Today')
    cd /Users/rexyoung/Desktop/vibe\ coding/Review_Today
    builtin-infoPlistUtility /Users/rexyoung/Desktop/vibe\ coding/Review_Today/Review_Today/Info.plist -producttype com.apple.product-type.application -genpkginfo /tmp/review-today-card-preview-build/Build/Products/Debug/Review_Today.app/Contents/PkgInfo -expandbuildsettings -platform macosx -additionalcontentfile /tmp/review-today-card-preview-build/Build/Intermediates.noindex/Review_Today.build/Debug/Review_Today.build/assetcatalog_generated_info.plist -o /tmp/review-today-card-preview-build/Build/Products/Debug/Review_Today.app/Contents/Info.plist

SwiftExplicitDependencyGeneratePcm arm64 /tmp/review-today-card-preview-build/SDKExplicitPrecompiledModules/NaturalLanguage-6E3203X77C9QFLTXHDJ5HSM54.pcm

SwiftExplicitDependencyGeneratePcm arm64 /tmp/review-today-card-preview-build/SDKExplicitPrecompiledModules/JavaScriptCore-JAZUZ38JKBC6NRI5PA29O0EJ.pcm

SwiftExplicitDependencyGeneratePcm arm64 /tmp/review-today-card-preview-build/SDKExplicitPrecompiledModules/IOSurface-PNHKLODZKGCYTXSSZ6ISRGIB.pcm

SwiftExplicitDependencyGeneratePcm arm64 /tmp/review-today-card-preview-build/SDKExplicitPrecompiledModules/ModelIO-6L9V6ZAGGY8P7YFFRSLF7E0N3.pcm

SwiftExplicitDependencyGeneratePcm arm64 /tmp/review-today-card-preview-build/SDKExplicitPrecompiledModules/UserNotifications-9VK6RSYLSHFRH0SIFCQKKIPBJ.pcm

SwiftExplicitDependencyGeneratePcm arm64 /tmp/review-today-card-preview-build/SDKExplicitPrecompiledModules/OSLog-15HMWZ9BUPGAIW1Q151Q8EHBM.pcm

SwiftExplicitDependencyGeneratePcm arm64 /tmp/review-today-card-preview-build/SDKExplicitPrecompiledModules/CoreMIDI-7135JBAOS5KJAS7I26W0PV5FM.pcm

SwiftExplicitDependencyGeneratePcm arm64 /tmp/review-today-card-preview-build/SDKExplicitPrecompiledModules/DataDetection-3AEN7BEI4RGABIKCAFLFIGI7F.pcm

SwiftExplicitDependencyGeneratePcm arm64 /tmp/review-today-card-preview-build/SDKExplicitPrecompiledModules/UniformTypeIdentifiers-6QU8TZKBHTCO3Z58YZBAHKNLV.pcm

SwiftExplicitDependencyGeneratePcm arm64 /tmp/review-today-card-preview-build/SDKExplicitPrecompiledModules/ApplicationServices-57CJEO0NE1Y8VCXZA11IZIA6S.pcm

SwiftExplicitDependencyGeneratePcm arm64 /tmp/review-today-card-preview-build/SDKExplicitPrecompiledModules/Symbols-6JHFJ1OMN73Y9ATVU1ZIDFFYH.pcm

SwiftExplicitDependencyGeneratePcm arm64 /tmp/review-today-card-preview-build/SDKExplicitPrecompiledModules/LocalAuthentication-4PU0M1DK99I0WUMJF3DBW4PYS.pcm

SwiftExplicitDependencyGeneratePcm arm64 /tmp/review-today-card-preview-build/SDKExplicitPrecompiledModules/CoreTransferable-3CMVHQUMVSX9OSQ5X45W0D25R.pcm

SwiftExplicitDependencyGeneratePcm arm64 /tmp/review-today-card-preview-build/SDKExplicitPrecompiledModules/Metal-6K5L4V5OTGNF9QY385YD9D7IC.pcm

SwiftExplicitDependencyGeneratePcm arm64 /tmp/review-today-card-preview-build/SDKExplicitPrecompiledModules/OpenGL-DN7NY6CHXXF0DBM0Y2PPINV1W.pcm

SwiftExplicitDependencyGeneratePcm arm64 /tmp/review-today-card-preview-build/SDKExplicitPrecompiledModules/Network-8ESYTWHSWTD93UIQ0ILZHIGTR.pcm

SwiftExplicitDependencyGeneratePcm arm64 /tmp/review-today-card-preview-build/SDKExplicitPrecompiledModules/CoreData-6O3NQT1YS1811UUGMQ2BBWZPO.pcm

SwiftExplicitDependencyGeneratePcm arm64 /tmp/review-today-card-preview-build/SDKExplicitPrecompiledModules/CoreAudio-9IF8MMS7SNO7FKDLJJ4S1D86C.pcm

SwiftExplicitDependencyGeneratePcm arm64 /tmp/review-today-card-preview-build/SDKExplicitPrecompiledModules/Accessibility-2MSEV7UGFP18XORSAN1YWGIPD.pcm

SwiftExplicitDependencyGeneratePcm arm64 /tmp/review-today-card-preview-build/SDKExplicitPrecompiledModules/Carbon-B6WJF6LOM8GWWYE9VAES8TUYJ.pcm

SwiftExplicitDependencyGeneratePcm arm64 /tmp/review-today-card-preview-build/SDKExplicitPrecompiledModules/CoreVideo-1H9BQ50GFTFVE83P9YZM3RU8Z.pcm

SwiftExplicitDependencyGeneratePcm arm64 /tmp/review-today-card-preview-build/SDKExplicitPrecompiledModules/CoreMedia-BQKFYYNSQK7XQSCGJXPRMZ1RR.pcm

SwiftExplicitDependencyGeneratePcm arm64 /tmp/review-today-card-preview-build/SDKExplicitPrecompiledModules/CoreImage-LWLKSS2S8KU5YA8JYOYFB70Q.pcm

SwiftExplicitDependencyGeneratePcm arm64 /tmp/review-today-card-preview-build/SDKExplicitPrecompiledModules/QuartzCore-6A20CQ628U6W5TC3N4FWUXE2P.pcm

SwiftExplicitDependencyGeneratePcm arm64 /tmp/review-today-card-preview-build/SDKExplicitPrecompiledModules/AudioToolbox-3VRJGRA21Q0PR6TRI2RNF3KXJ.pcm

SwiftExplicitDependencyGeneratePcm arm64 /tmp/review-today-card-preview-build/SDKExplicitPrecompiledModules/SwiftUICore-5AP1TV9XG1L9ONB50UF3YGC4Z.pcm

SwiftExplicitDependencyGeneratePcm arm64 /tmp/review-today-card-preview-build/SDKExplicitPrecompiledModules/AppKit-F3IP52MDVJIC0467C006XDXUW.pcm

SwiftExplicitDependencyGeneratePcm arm64 /tmp/review-today-card-preview-build/SDKExplicitPrecompiledModules/VideoToolbox-2H51YU9U23NEZXA88PN2YN1MN.pcm

SwiftExplicitDependencyGeneratePcm arm64 /tmp/review-today-card-preview-build/SDKExplicitPrecompiledModules/AVFAudio-5RH1EHE7R4IUYO02K7XQL5US0.pcm

SwiftExplicitDependencyGeneratePcm arm64 /tmp/review-today-card-preview-build/SDKExplicitPrecompiledModules/MediaToolbox-DBGN6UYJ6MRR3TFAXY0THXKPA.pcm

SwiftExplicitDependencyGeneratePcm arm64 /tmp/review-today-card-preview-build/SDKExplicitPrecompiledModules/AVFoundation-37CG5NW0Y95X65EIL997INTLQ.pcm

SwiftExplicitDependencyGeneratePcm arm64 /tmp/review-today-card-preview-build/SDKExplicitPrecompiledModules/Cocoa-7BUWSF3G9D8IKZIY3FQI1O5VT.pcm

SwiftExplicitDependencyGeneratePcm arm64 /tmp/review-today-card-preview-build/SDKExplicitPrecompiledModules/WebKit-C06KTECM2QM1TY1PKB10H3XH5.pcm

SwiftExplicitDependencyGeneratePcm arm64 /tmp/review-today-card-preview-build/SDKExplicitPrecompiledModules/GLKit-391JFTFQK5TEF3QHW4GUNQQZL.pcm

SwiftExplicitDependencyGeneratePcm arm64 /tmp/review-today-card-preview-build/SDKExplicitPrecompiledModules/SwiftUI-2CPW5KFBYNQW9OLOCILA5FRRB.pcm

SwiftExplicitDependencyGeneratePcm arm64 /tmp/review-today-card-preview-build/SDKExplicitPrecompiledModules/SpriteKit-5T9A2MTEV7MARDN5REDVTATF1.pcm

SwiftEmitModule normal arm64 Emitting\ module\ for\ Review_Today (in target 'Review_Today' from project 'Review_Today')

SwiftCompile normal arm64 (in target 'Review_Today' from project 'Review_Today')
    cd /Users/rexyoung/Desktop/vibe\ coding/Review_Today
    

SwiftCompile normal arm64 Compiling\ MascotMotionPreview.swift,\ MascotSpeechDemoController.swift,\ MessageDeliveryPresentation.swift,\ Models.swift,\ MrBPresentation.swift,\ NavigationPerformance.swift,\ PageArrivalFade.swift,\ RecentLearningDetail.swift,\ ReminderNotifications.swift,\ Review_TodayApp.swift,\ ReviewAPI.swift /Users/rexyoung/Desktop/vibe\ coding/Review_Today/Review_Today/MascotMotionPreview.swift /Users/rexyoung/Desktop/vibe\ coding/Review_Today/Review_Today/MascotSpeechDemoController.swift /Users/rexyoung/Desktop/vibe\ coding/Review_Today/Review_Today/MessageDeliveryPresentation.swift /Users/rexyoung/Desktop/vibe\ coding/Review_Today/Review_Today/Models.swift /Users/rexyoung/Desktop/vibe\ coding/Review_Today/Review_Today/MrBPresentation.swift /Users/rexyoung/Desktop/vibe\ coding/Review_Today/Review_Today/NavigationPerformance.swift /Users/rexyoung/Desktop/vibe\ coding/Review_Today/Review_Today/PageArrivalFade.swift /Users/rexyoung/Desktop/vibe\ coding/Review_Today/Review_Today/RecentLearningDetail.swift /Users/rexyoung/Desktop/vibe\ coding/Review_Today/Review_Today/ReminderNotifications.swift /Users/rexyoung/Desktop/vibe\ coding/Review_Today/Review_Today/Review_TodayApp.swift /Users/rexyoung/Desktop/vibe\ coding/Review_Today/Review_Today/ReviewAPI.swift (in target 'Review_Today' from project 'Review_Today')

SwiftCompile normal arm64 /Users/rexyoung/Desktop/vibe\ coding/Review_Today/Review_Today/MascotMotionPreview.swift (in target 'Review_Today' from project 'Review_Today')
    cd /Users/rexyoung/Desktop/vibe\ coding/Review_Today
    builtin-SwiftPerFileCompile MascotMotionPreview.swift

SwiftCompile normal arm64 /Users/rexyoung/Desktop/vibe\ coding/Review_Today/Review_Today/MascotSpeechDemoController.swift (in target 'Review_Today' from project 'Review_Today')
    cd /Users/rexyoung/Desktop/vibe\ coding/Review_Today
    builtin-SwiftPerFileCompile MascotSpeechDemoController.swift

SwiftCompile normal arm64 /Users/rexyoung/Desktop/vibe\ coding/Review_Today/Review_Today/MessageDeliveryPresentation.swift (in target 'Review_Today' from project 'Review_Today')
    cd /Users/rexyoung/Desktop/vibe\ coding/Review_Today
    builtin-SwiftPerFileCompile MessageDeliveryPresentation.swift

SwiftCompile normal arm64 /Users/rexyoung/Desktop/vibe\ coding/Review_Today/Review_Today/Models.swift (in target 'Review_Today' from project 'Review_Today')
    cd /Users/rexyoung/Desktop/vibe\ coding/Review_Today
    builtin-SwiftPerFileCompile Models.swift

SwiftCompile normal arm64 /Users/rexyoung/Desktop/vibe\ coding/Review_Today/Review_Today/MrBPresentation.swift (in target 'Review_Today' from project 'Review_Today')
    cd /Users/rexyoung/Desktop/vibe\ coding/Review_Today
    builtin-SwiftPerFileCompile MrBPresentation.swift

SwiftCompile normal arm64 /Users/rexyoung/Desktop/vibe\ coding/Review_Today/Review_Today/NavigationPerformance.swift (in target 'Review_Today' from project 'Review_Today')
    cd /Users/rexyoung/Desktop/vibe\ coding/Review_Today
    builtin-SwiftPerFileCompile NavigationPerformance.swift

SwiftCompile normal arm64 /Users/rexyoung/Desktop/vibe\ coding/Review_Today/Review_Today/PageArrivalFade.swift (in target 'Review_Today' from project 'Review_Today')
    cd /Users/rexyoung/Desktop/vibe\ coding/Review_Today
    builtin-SwiftPerFileCompile PageArrivalFade.swift

SwiftCompile normal arm64 /Users/rexyoung/Desktop/vibe\ coding/Review_Today/Review_Today/RecentLearningDetail.swift (in target 'Review_Today' from project 'Review_Today')
    cd /Users/rexyoung/Desktop/vibe\ coding/Review_Today
    builtin-SwiftPerFileCompile RecentLearningDetail.swift

SwiftCompile normal arm64 /Users/rexyoung/Desktop/vibe\ coding/Review_Today/Review_Today/ReminderNotifications.swift (in target 'Review_Today' from project 'Review_Today')
    cd /Users/rexyoung/Desktop/vibe\ coding/Review_Today
    builtin-SwiftPerFileCompile ReminderNotifications.swift

SwiftCompile normal arm64 /Users/rexyoung/Desktop/vibe\ coding/Review_Today/Review_Today/Review_TodayApp.swift (in target 'Review_Today' from project 'Review_Today')
    cd /Users/rexyoung/Desktop/vibe\ coding/Review_Today
    builtin-SwiftPerFileCompile Review_TodayApp.swift

SwiftCompile normal arm64 /Users/rexyoung/Desktop/vibe\ coding/Review_Today/Review_Today/ReviewAPI.swift (in target 'Review_Today' from project 'Review_Today')
    cd /Users/rexyoung/Desktop/vibe\ coding/Review_Today
    builtin-SwiftPerFileCompile ReviewAPI.swift

SwiftCompile normal arm64 Compiling\ AppRuntime.swift,\ AppSidebar.swift,\ ArchivedConversations.swift,\ BrandMark.swift,\ BrandMaterialTrial.swift,\ BrandTypography.swift,\ CaptureProcessor.swift,\ CoachMark.swift,\ ComposerControlsLayout.swift,\ ComposerKnowledgePicker.swift,\ ContentView.swift /Users/rexyoung/Desktop/vibe\ coding/Review_Today/Review_Today/AppRuntime.swift /Users/rexyoung/Desktop/vibe\ coding/Review_Today/Review_Today/AppSidebar.swift /Users/rexyoung/Desktop/vibe\ coding/Review_Today/Review_Today/ArchivedConversations.swift /Users/rexyoung/Desktop/vibe\ coding/Review_Today/Review_Today/BrandMark.swift /Users/rexyoung/Desktop/vibe\ coding/Review_Today/Review_Today/BrandMaterialTrial.swift /Users/rexyoung/Desktop/vibe\ coding/Review_Today/Review_Today/BrandTypography.swift /Users/rexyoung/Desktop/vibe\ coding/Review_Today/Review_Today/CaptureProcessor.swift /Users/rexyoung/Desktop/vibe\ coding/Review_Today/Review_Today/CoachMark.swift /Users/rexyoung/Desktop/vibe\ coding/Review_Today/Review_Today/ComposerControlsLayout.swift /Users/rexyoung/Desktop/vibe\ coding/Review_Today/Review_Today/ComposerKnowledgePicker.swift /Users/rexyoung/Desktop/vibe\ coding/Review_Today/Review_Today/ContentView.swift (in target 'Review_Today' from project 'Review_Today')

SwiftCompile normal arm64 /Users/rexyoung/Desktop/vibe\ coding/Review_Today/Review_Today/AppRuntime.swift (in target 'Review_Today' from project 'Review_Today')
    cd /Users/rexyoung/Desktop/vibe\ coding/Review_Today
    builtin-SwiftPerFileCompile AppRuntime.swift

SwiftCompile normal arm64 /Users/rexyoung/Desktop/vibe\ coding/Review_Today/Review_Today/AppSidebar.swift (in target 'Review_Today' from project 'Review_Today')
    cd /Users/rexyoung/Desktop/vibe\ coding/Review_Today
    builtin-SwiftPerFileCompile AppSidebar.swift

SwiftCompile normal arm64 /Users/rexyoung/Desktop/vibe\ coding/Review_Today/Review_Today/ArchivedConversations.swift (in target 'Review_Today' from project 'Review_Today')
    cd /Users/rexyoung/Desktop/vibe\ coding/Review_Today
    builtin-SwiftPerFileCompile ArchivedConversations.swift

SwiftCompile normal arm64 /Users/rexyoung/Desktop/vibe\ coding/Review_Today/Review_Today/BrandMark.swift (in target 'Review_Today' from project 'Review_Today')
    cd /Users/rexyoung/Desktop/vibe\ coding/Review_Today
    builtin-SwiftPerFileCompile BrandMark.swift

SwiftCompile normal arm64 /Users/rexyoung/Desktop/vibe\ coding/Review_Today/Review_Today/BrandMaterialTrial.swift (in target 'Review_Today' from project 'Review_Today')
    cd /Users/rexyoung/Desktop/vibe\ coding/Review_Today
    builtin-SwiftPerFileCompile BrandMaterialTrial.swift

SwiftCompile normal arm64 /Users/rexyoung/Desktop/vibe\ coding/Review_Today/Review_Today/BrandTypography.swift (in target 'Review_Today' from project 'Review_Today')
    cd /Users/rexyoung/Desktop/vibe\ coding/Review_Today
    builtin-SwiftPerFileCompile BrandTypography.swift

SwiftCompile normal arm64 /Users/rexyoung/Desktop/vibe\ coding/Review_Today/Review_Today/CaptureProcessor.swift (in target 'Review_Today' from project 'Review_Today')
    cd /Users/rexyoung/Desktop/vibe\ coding/Review_Today
    builtin-SwiftPerFileCompile CaptureProcessor.swift

SwiftCompile normal arm64 /Users/rexyoung/Desktop/vibe\ coding/Review_Today/Review_Today/CoachMark.swift (in target 'Review_Today' from project 'Review_Today')
    cd /Users/rexyoung/Desktop/vibe\ coding/Review_Today
    builtin-SwiftPerFileCompile CoachMark.swift

SwiftCompile normal arm64 /Users/rexyoung/Desktop/vibe\ coding/Review_Today/Review_Today/ComposerControlsLayout.swift (in target 'Review_Today' from project 'Review_Today')
    cd /Users/rexyoung/Desktop/vibe\ coding/Review_Today
    builtin-SwiftPerFileCompile ComposerControlsLayout.swift

SwiftCompile normal arm64 /Users/rexyoung/Desktop/vibe\ coding/Review_Today/Review_Today/ComposerKnowledgePicker.swift (in target 'Review_Today' from project 'Review_Today')
    cd /Users/rexyoung/Desktop/vibe\ coding/Review_Today
    builtin-SwiftPerFileCompile ComposerKnowledgePicker.swift

SwiftCompile normal arm64 /Users/rexyoung/Desktop/vibe\ coding/Review_Today/Review_Today/ContentView.swift (in target 'Review_Today' from project 'Review_Today')
    cd /Users/rexyoung/Desktop/vibe\ coding/Review_Today
    builtin-SwiftPerFileCompile ContentView.swift

SwiftCompile normal arm64 Compiling\ ContextCapacityIndicator.swift,\ ConversationCheckpoint.swift,\ ConversationModels.swift,\ ConversationProcessor.swift,\ ConversationSync.swift,\ ConversationWorkSnapshot.swift,\ DeckRenderProbe.swift,\ DepthCarousel.swift,\ DictationComposerStatus.swift,\ DictationComposerSurface.swift,\ DictationController.swift /Users/rexyoung/Desktop/vibe\ coding/Review_Today/Review_Today/ContextCapacityIndicator.swift /Users/rexyoung/Desktop/vibe\ coding/Review_Today/Review_Today/ConversationCheckpoint.swift /Users/rexyoung/Desktop/vibe\ coding/Review_Today/Review_Today/ConversationModels.swift /Users/rexyoung/Desktop/vibe\ coding/Review_Today/Review_Today/ConversationProcessor.swift /Users/rexyoung/Desktop/vibe\ coding/Review_Today/Review_Today/ConversationSync.swift /Users/rexyoung/Desktop/vibe\ coding/Review_Today/Review_Today/ConversationWorkSnapshot.swift /Users/rexyoung/Desktop/vibe\ coding/Review_Today/Review_Today/DeckRenderProbe.swift /Users/rexyoung/Desktop/vibe\ coding/Review_Today/Review_Today/DepthCarousel.swift /Users/rexyoung/Desktop/vibe\ coding/Review_Today/Review_Today/DictationComposerStatus.swift /Users/rexyoung/Desktop/vibe\ coding/Review_Today/Review_Today/DictationComposerSurface.swift /Users/rexyoung/Desktop/vibe\ coding/Review_Today/Review_Today/DictationController.swift (in target 'Review_Today' from project 'Review_Today')

SwiftCompile normal arm64 /Users/rexyoung/Desktop/vibe\ coding/Review_Today/Review_Today/ContextCapacityIndicator.swift (in target 'Review_Today' from project 'Review_Today')
    cd /Users/rexyoung/Desktop/vibe\ coding/Review_Today
    builtin-SwiftPerFileCompile ContextCapacityIndicator.swift

SwiftCompile normal arm64 /Users/rexyoung/Desktop/vibe\ coding/Review_Today/Review_Today/ConversationCheckpoint.swift (in target 'Review_Today' from project 'Review_Today')
    cd /Users/rexyoung/Desktop/vibe\ coding/Review_Today
    builtin-SwiftPerFileCompile ConversationCheckpoint.swift

SwiftCompile normal arm64 /Users/rexyoung/Desktop/vibe\ coding/Review_Today/Review_Today/ConversationModels.swift (in target 'Review_Today' from project 'Review_Today')
    cd /Users/rexyoung/Desktop/vibe\ coding/Review_Today
    builtin-SwiftPerFileCompile ConversationModels.swift

SwiftCompile normal arm64 /Users/rexyoung/Desktop/vibe\ coding/Review_Today/Review_Today/ConversationProcessor.swift (in target 'Review_Today' from project 'Review_Today')
    cd /Users/rexyoung/Desktop/vibe\ coding/Review_Today
    builtin-SwiftPerFileCompile ConversationProcessor.swift

SwiftCompile normal arm64 /Users/rexyoung/Desktop/vibe\ coding/Review_Today/Review_Today/ConversationSync.swift (in target 'Review_Today' from project 'Review_Today')
    cd /Users/rexyoung/Desktop/vibe\ coding/Review_Today
    builtin-SwiftPerFileCompile ConversationSync.swift

SwiftCompile normal arm64 /Users/rexyoung/Desktop/vibe\ coding/Review_Today/Review_Today/ConversationWorkSnapshot.swift (in target 'Review_Today' from project 'Review_Today')
    cd /Users/rexyoung/Desktop/vibe\ coding/Review_Today
    builtin-SwiftPerFileCompile ConversationWorkSnapshot.swift

SwiftCompile normal arm64 /Users/rexyoung/Desktop/vibe\ coding/Review_Today/Review_Today/DeckRenderProbe.swift (in target 'Review_Today' from project 'Review_Today')
    cd /Users/rexyoung/Desktop/vibe\ coding/Review_Today
    builtin-SwiftPerFileCompile DeckRenderProbe.swift

SwiftCompile normal arm64 /Users/rexyoung/Desktop/vibe\ coding/Review_Today/Review_Today/DepthCarousel.swift (in target 'Review_Today' from project 'Review_Today')
    cd /Users/rexyoung/Desktop/vibe\ coding/Review_Today
    builtin-SwiftPerFileCompile DepthCarousel.swift

SwiftCompile normal arm64 /Users/rexyoung/Desktop/vibe\ coding/Review_Today/Review_Today/DictationComposerStatus.swift (in target 'Review_Today' from project 'Review_Today')
    cd /Users/rexyoung/Desktop/vibe\ coding/Review_Today
    builtin-SwiftPerFileCompile DictationComposerStatus.swift

SwiftCompile normal arm64 /Users/rexyoung/Desktop/vibe\ coding/Review_Today/Review_Today/DictationComposerSurface.swift (in target 'Review_Today' from project 'Review_Today')
    cd /Users/rexyoung/Desktop/vibe\ coding/Review_Today
    builtin-SwiftPerFileCompile DictationComposerSurface.swift

SwiftCompile normal arm64 /Users/rexyoung/Desktop/vibe\ coding/Review_Today/Review_Today/DictationController.swift (in target 'Review_Today' from project 'Review_Today')
    cd /Users/rexyoung/Desktop/vibe\ coding/Review_Today
    builtin-SwiftPerFileCompile DictationController.swift

/Users/rexyoung/Desktop/vibe coding/Review_Today/Review_Today/ContextCapacityIndicator.swift:27:75: warning: call to main actor-isolated static method 'compact' in a synchronous nonisolated context [#ActorIsolatedCall]
 25 |     var headline: String {
 26 |         guard let used else { return String(localized: "尚无请求") }
 27 |         return String(localized: "约 \(Self.compact(used)) / \(limit.map(Self.compact) ?? String(localized: "上限未知"))")
    |                                                                         `- warning: call to main actor-isolated static method 'compact' in a synchronous nonisolated context [#ActorIsolatedCall]
 28 |     }
 29 |     var detail: String {
    :
 39 |         return lines.joined(separator: "\n")
 40 |     }
 41 |     static func compact(_ value: Int) -> String {
    |                 `- note: calls to static method 'compact' from outside of its actor context are implicitly asynchronous
 42 |         if value >= 1_000_000 { return String(format: "%.1fM", Double(value) / 1_000_000) }
 43 |         if value >= 1_000 { return value % 1_000 == 0 ? "\(value / 1_000)K" : String(format: "%.1fK", Double(value) / 1_000) }

[#ActorIsolatedCall]: <https://docs.swift.org/compiler/documentation/diagnostics/actor-isolated-call>
SwiftCompile normal arm64 Compiling\ ThemeToggle.swift,\ TodayActivityHeatmap.swift,\ TodayActivitySnapshot.swift,\ TodayActivitySource.swift,\ TodayGlassEntry.swift,\ TodayView.swift,\ TopicCapture.swift,\ UserLanguage.swift,\ VoiceRecorder.swift,\ GeneratedAssetSymbols.swift /Users/rexyoung/Desktop/vibe\ coding/Review_Today/Review_Today/ThemeToggle.swift /Users/rexyoung/Desktop/vibe\ coding/Review_Today/Review_Today/TodayActivityHeatmap.swift /Users/rexyoung/Desktop/vibe\ coding/Review_Today/Review_Today/TodayActivitySnapshot.swift /Users/rexyoung/Desktop/vibe\ coding/Review_Today/Review_Today/TodayActivitySource.swift /Users/rexyoung/Desktop/vibe\ coding/Review_Today/Review_Today/TodayGlassEntry.swift /Users/rexyoung/Desktop/vibe\ coding/Review_Today/Review_Today/TodayView.swift /Users/rexyoung/Desktop/vibe\ coding/Review_Today/Review_Today/TopicCapture.swift /Users/rexyoung/Desktop/vibe\ coding/Review_Today/Review_Today/UserLanguage.swift /Users/rexyoung/Desktop/vibe\ coding/Review_Today/Review_Today/VoiceRecorder.swift /tmp/review-today-card-preview-build/Build/Intermediates.noindex/Review_Today.build/Debug/Review_Today.build/DerivedSources/GeneratedAssetSymbols.swift (in target 'Review_Today' from project 'Review_Today')
/Users/rexyoung/Desktop/vibe coding/Review_Today/Review_Today/TodayActivitySource.swift:97:31: warning: reference to captured var 'self' in concurrently-executing code; this is an error in the Swift 6 language mode [#SendableClosureCaptures]
 95 |             } onChange: { [weak self] in
 96 |                 Task { @MainActor in
 97 |                     guard let self, self.generation == current else { return }
    |                               `- warning: reference to captured var 'self' in concurrently-executing code; this is an error in the Swift 6 language mode [#SendableClosureCaptures]
 98 |                     self.scheduleRefresh()
 99 |                 }

[#SendableClosureCaptures]: <https://docs.swift.org/compiler/documentation/diagnostics/sendable-closure-captures>

SwiftCompile normal arm64 /Users/rexyoung/Desktop/vibe\ coding/Review_Today/Review_Today/ThemeToggle.swift (in target 'Review_Today' from project 'Review_Today')
    cd /Users/rexyoung/Desktop/vibe\ coding/Review_Today
    builtin-SwiftPerFileCompile ThemeToggle.swift

SwiftCompile normal arm64 /Users/rexyoung/Desktop/vibe\ coding/Review_Today/Review_Today/TodayActivityHeatmap.swift (in target 'Review_Today' from project 'Review_Today')
    cd /Users/rexyoung/Desktop/vibe\ coding/Review_Today
    builtin-SwiftPerFileCompile TodayActivityHeatmap.swift

SwiftCompile normal arm64 /Users/rexyoung/Desktop/vibe\ coding/Review_Today/Review_Today/TodayActivitySnapshot.swift (in target 'Review_Today' from project 'Review_Today')
    cd /Users/rexyoung/Desktop/vibe\ coding/Review_Today
    builtin-SwiftPerFileCompile TodayActivitySnapshot.swift

SwiftCompile normal arm64 /Users/rexyoung/Desktop/vibe\ coding/Review_Today/Review_Today/TodayActivitySource.swift (in target 'Review_Today' from project 'Review_Today')
    cd /Users/rexyoung/Desktop/vibe\ coding/Review_Today
    builtin-SwiftPerFileCompile TodayActivitySource.swift

SwiftCompile normal arm64 /Users/rexyoung/Desktop/vibe\ coding/Review_Today/Review_Today/TodayGlassEntry.swift (in target 'Review_Today' from project 'Review_Today')
    cd /Users/rexyoung/Desktop/vibe\ coding/Review_Today
    builtin-SwiftPerFileCompile TodayGlassEntry.swift

SwiftCompile normal arm64 /Users/rexyoung/Desktop/vibe\ coding/Review_Today/Review_Today/TodayView.swift (in target 'Review_Today' from project 'Review_Today')
    cd /Users/rexyoung/Desktop/vibe\ coding/Review_Today
    builtin-SwiftPerFileCompile TodayView.swift

SwiftCompile normal arm64 /Users/rexyoung/Desktop/vibe\ coding/Review_Today/Review_Today/TopicCapture.swift (in target 'Review_Today' from project 'Review_Today')
    cd /Users/rexyoung/Desktop/vibe\ coding/Review_Today
    builtin-SwiftPerFileCompile TopicCapture.swift

SwiftCompile normal arm64 /Users/rexyoung/Desktop/vibe\ coding/Review_Today/Review_Today/UserLanguage.swift (in target 'Review_Today' from project 'Review_Today')
    cd /Users/rexyoung/Desktop/vibe\ coding/Review_Today
    builtin-SwiftPerFileCompile UserLanguage.swift

SwiftCompile normal arm64 /Users/rexyoung/Desktop/vibe\ coding/Review_Today/Review_Today/VoiceRecorder.swift (in target 'Review_Today' from project 'Review_Today')
    cd /Users/rexyoung/Desktop/vibe\ coding/Review_Today
    builtin-SwiftPerFileCompile VoiceRecorder.swift

SwiftCompile normal arm64 /tmp/review-today-card-preview-build/Build/Intermediates.noindex/Review_Today.build/Debug/Review_Today.build/DerivedSources/GeneratedAssetSymbols.swift (in target 'Review_Today' from project 'Review_Today')
    cd /Users/rexyoung/Desktop/vibe\ coding/Review_Today
    builtin-SwiftPerFileCompile GeneratedAssetSymbols.swift

SwiftCompile normal arm64 Compiling\ ExamEntrySpine.swift,\ ExamSelectionView.swift,\ Fsrs.swift,\ GlassPreviewStyle.swift,\ HarnessProcessor.swift,\ InteractionChrome.swift,\ KnowledgeCardReader.swift,\ KnowledgeDeckInput.swift,\ KnowledgeDeckNavigation.swift,\ KnowledgeIngestion.swift,\ KnowledgeLexicon.swift /Users/rexyoung/Desktop/vibe\ coding/Review_Today/Review_Today/ExamEntrySpine.swift /Users/rexyoung/Desktop/vibe\ coding/Review_Today/Review_Today/ExamSelectionView.swift /Users/rexyoung/Desktop/vibe\ coding/Review_Today/Review_Today/Fsrs.swift /Users/rexyoung/Desktop/vibe\ coding/Review_Today/Review_Today/GlassPreviewStyle.swift /Users/rexyoung/Desktop/vibe\ coding/Review_Today/Review_Today/HarnessProcessor.swift /Users/rexyoung/Desktop/vibe\ coding/Review_Today/Review_Today/InteractionChrome.swift /Users/rexyoung/Desktop/vibe\ coding/Review_Today/Review_Today/KnowledgeCardReader.swift /Users/rexyoung/Desktop/vibe\ coding/Review_Today/Review_Today/KnowledgeDeckInput.swift /Users/rexyoung/Desktop/vibe\ coding/Review_Today/Review_Today/KnowledgeDeckNavigation.swift /Users/rexyoung/Desktop/vibe\ coding/Review_Today/Review_Today/KnowledgeIngestion.swift /Users/rexyoung/Desktop/vibe\ coding/Review_Today/Review_Today/KnowledgeLexicon.swift (in target 'Review_Today' from project 'Review_Today')
/Users/rexyoung/Desktop/vibe coding/Review_Today/Review_Today/KnowledgeLexicon.swift:179:13: warning: variable 'value' was never mutated; consider changing to 'let' constant [#VariableNeverMutated]
177 | 
178 |     private static func isWeak(_ text: String) -> Bool {
179 |         var value = text.trimmingCharacters(in: .whitespacesAndNewlines)
    |             `- warning: variable 'value' was never mutated; consider changing to 'let' constant [#VariableNeverMutated]
180 |         if value.count < 2 { return true }
181 |         if genericTitles.contains(value) { return true }

/Users/rexyoung/Desktop/vibe coding/Review_Today/Review_Today/KnowledgeLexicon.swift:219:18: warning: call to main actor-isolated static method 'parseLine' in a synchronous nonisolated context [#ActorIsolatedCall]
217 |             .map { $0.trimmingCharacters(in: .whitespaces) }
218 |             .filter { !$0.isEmpty }
219 |             .map(parseLine)
    |                  `- warning: call to main actor-isolated static method 'parseLine' in a synchronous nonisolated context [#ActorIsolatedCall]
220 |     }
221 | 
222 |     private static func parseLine(_ line: String) -> ExplanationPiece {
    |                         `- note: calls to static method 'parseLine' from outside of its actor context are implicitly asynchronous
223 |         // A dot immediately followed by a digit may be a decimal or a version.
224 |         // Only explicit list markers become rows; prose keeps its text intact.

[#ActorIsolatedCall]: <https://docs.swift.org/compiler/documentation/diagnostics/actor-isolated-call>
[#VariableNeverMutated]: <https://docs.swift.org/compiler/documentation/diagnostics/variable-never-mutated>

SwiftCompile normal arm64 /Users/rexyoung/Desktop/vibe\ coding/Review_Today/Review_Today/ExamEntrySpine.swift (in target 'Review_Today' from project 'Review_Today')
    cd /Users/rexyoung/Desktop/vibe\ coding/Review_Today
    builtin-SwiftPerFileCompile ExamEntrySpine.swift

SwiftCompile normal arm64 /Users/rexyoung/Desktop/vibe\ coding/Review_Today/Review_Today/ExamSelectionView.swift (in target 'Review_Today' from project 'Review_Today')
    cd /Users/rexyoung/Desktop/vibe\ coding/Review_Today
    builtin-SwiftPerFileCompile ExamSelectionView.swift

SwiftCompile normal arm64 /Users/rexyoung/Desktop/vibe\ coding/Review_Today/Review_Today/Fsrs.swift (in target 'Review_Today' from project 'Review_Today')
    cd /Users/rexyoung/Desktop/vibe\ coding/Review_Today
    builtin-SwiftPerFileCompile Fsrs.swift

SwiftCompile normal arm64 /Users/rexyoung/Desktop/vibe\ coding/Review_Today/Review_Today/GlassPreviewStyle.swift (in target 'Review_Today' from project 'Review_Today')
    cd /Users/rexyoung/Desktop/vibe\ coding/Review_Today
    builtin-SwiftPerFileCompile GlassPreviewStyle.swift

SwiftCompile normal arm64 /Users/rexyoung/Desktop/vibe\ coding/Review_Today/Review_Today/HarnessProcessor.swift (in target 'Review_Today' from project 'Review_Today')
    cd /Users/rexyoung/Desktop/vibe\ coding/Review_Today
    builtin-SwiftPerFileCompile HarnessProcessor.swift

SwiftCompile normal arm64 /Users/rexyoung/Desktop/vibe\ coding/Review_Today/Review_Today/InteractionChrome.swift (in target 'Review_Today' from project 'Review_Today')
    cd /Users/rexyoung/Desktop/vibe\ coding/Review_Today
    builtin-SwiftPerFileCompile InteractionChrome.swift

SwiftCompile normal arm64 /Users/rexyoung/Desktop/vibe\ coding/Review_Today/Review_Today/KnowledgeCardReader.swift (in target 'Review_Today' from project 'Review_Today')
    cd /Users/rexyoung/Desktop/vibe\ coding/Review_Today
    builtin-SwiftPerFileCompile KnowledgeCardReader.swift

SwiftCompile normal arm64 /Users/rexyoung/Desktop/vibe\ coding/Review_Today/Review_Today/KnowledgeDeckInput.swift (in target 'Review_Today' from project 'Review_Today')
    cd /Users/rexyoung/Desktop/vibe\ coding/Review_Today
    builtin-SwiftPerFileCompile KnowledgeDeckInput.swift

SwiftCompile normal arm64 /Users/rexyoung/Desktop/vibe\ coding/Review_Today/Review_Today/KnowledgeDeckNavigation.swift (in target 'Review_Today' from project 'Review_Today')
    cd /Users/rexyoung/Desktop/vibe\ coding/Review_Today
    builtin-SwiftPerFileCompile KnowledgeDeckNavigation.swift

SwiftCompile normal arm64 /Users/rexyoung/Desktop/vibe\ coding/Review_Today/Review_Today/KnowledgeIngestion.swift (in target 'Review_Today' from project 'Review_Today')
    cd /Users/rexyoung/Desktop/vibe\ coding/Review_Today
    builtin-SwiftPerFileCompile KnowledgeIngestion.swift

SwiftCompile normal arm64 /Users/rexyoung/Desktop/vibe\ coding/Review_Today/Review_Today/KnowledgeLexicon.swift (in target 'Review_Today' from project 'Review_Today')
    cd /Users/rexyoung/Desktop/vibe\ coding/Review_Today
    builtin-SwiftPerFileCompile KnowledgeLexicon.swift

SwiftCompile normal arm64 Compiling\ LearningMemory.swift,\ LearningSessionActions.swift,\ LearningSessionProgress.swift,\ LearningTaskCard.swift,\ LearningTextInput.swift,\ LearningWorkspace.swift,\ LibraryInboxSettings.swift,\ LocalDataReset.swift,\ M1DebugFixture.swift,\ MascotAnimationPOC.swift,\ MascotMotion.swift /Users/rexyoung/Desktop/vibe\ coding/Review_Today/Review_Today/LearningMemory.swift /Users/rexyoung/Desktop/vibe\ coding/Review_Today/Review_Today/LearningSessionActions.swift /Users/rexyoung/Desktop/vibe\ coding/Review_Today/Review_Today/LearningSessionProgress.swift /Users/rexyoung/Desktop/vibe\ coding/Review_Today/Review_Today/LearningTaskCard.swift /Users/rexyoung/Desktop/vibe\ coding/Review_Today/Review_Today/LearningTextInput.swift /Users/rexyoung/Desktop/vibe\ coding/Review_Today/Review_Today/LearningWorkspace.swift /Users/rexyoung/Desktop/vibe\ coding/Review_Today/Review_Today/LibraryInboxSettings.swift /Users/rexyoung/Desktop/vibe\ coding/Review_Today/Review_Today/LocalDataReset.swift /Users/rexyoung/Desktop/vibe\ coding/Review_Today/Review_Today/M1DebugFixture.swift /Users/rexyoung/Desktop/vibe\ coding/Review_Today/Review_Today/MascotAnimationPOC.swift /Users/rexyoung/Desktop/vibe\ coding/Review_Today/Review_Today/MascotMotion.swift (in target 'Review_Today' from project 'Review_Today')

SwiftCompile normal arm64 /Users/rexyoung/Desktop/vibe\ coding/Review_Today/Review_Today/LearningMemory.swift (in target 'Review_Today' from project 'Review_Today')
    cd /Users/rexyoung/Desktop/vibe\ coding/Review_Today
    builtin-SwiftPerFileCompile LearningMemory.swift

SwiftCompile normal arm64 /Users/rexyoung/Desktop/vibe\ coding/Review_Today/Review_Today/LearningSessionActions.swift (in target 'Review_Today' from project 'Review_Today')
    cd /Users/rexyoung/Desktop/vibe\ coding/Review_Today
    builtin-SwiftPerFileCompile LearningSessionActions.swift

SwiftCompile normal arm64 /Users/rexyoung/Desktop/vibe\ coding/Review_Today/Review_Today/LearningSessionProgress.swift (in target 'Review_Today' from project 'Review_Today')
    cd /Users/rexyoung/Desktop/vibe\ coding/Review_Today
    builtin-SwiftPerFileCompile LearningSessionProgress.swift

SwiftCompile normal arm64 /Users/rexyoung/Desktop/vibe\ coding/Review_Today/Review_Today/LearningTaskCard.swift (in target 'Review_Today' from project 'Review_Today')
    cd /Users/rexyoung/Desktop/vibe\ coding/Review_Today
    builtin-SwiftPerFileCompile LearningTaskCard.swift

SwiftCompile normal arm64 /Users/rexyoung/Desktop/vibe\ coding/Review_Today/Review_Today/LearningTextInput.swift (in target 'Review_Today' from project 'Review_Today')
    cd /Users/rexyoung/Desktop/vibe\ coding/Review_Today
    builtin-SwiftPerFileCompile LearningTextInput.swift

SwiftCompile normal arm64 /Users/rexyoung/Desktop/vibe\ coding/Review_Today/Review_Today/LearningWorkspace.swift (in target 'Review_Today' from project 'Review_Today')
    cd /Users/rexyoung/Desktop/vibe\ coding/Review_Today
    builtin-SwiftPerFileCompile LearningWorkspace.swift

SwiftCompile normal arm64 /Users/rexyoung/Desktop/vibe\ coding/Review_Today/Review_Today/LibraryInboxSettings.swift (in target 'Review_Today' from project 'Review_Today')
    cd /Users/rexyoung/Desktop/vibe\ coding/Review_Today
    builtin-SwiftPerFileCompile LibraryInboxSettings.swift

SwiftCompile normal arm64 /Users/rexyoung/Desktop/vibe\ coding/Review_Today/Review_Today/LocalDataReset.swift (in target 'Review_Today' from project 'Review_Today')
    cd /Users/rexyoung/Desktop/vibe\ coding/Review_Today
    builtin-SwiftPerFileCompile LocalDataReset.swift

SwiftCompile normal arm64 /Users/rexyoung/Desktop/vibe\ coding/Review_Today/Review_Today/M1DebugFixture.swift (in target 'Review_Today' from project 'Review_Today')
    cd /Users/rexyoung/Desktop/vibe\ coding/Review_Today
    builtin-SwiftPerFileCompile M1DebugFixture.swift

SwiftCompile normal arm64 /Users/rexyoung/Desktop/vibe\ coding/Review_Today/Review_Today/MascotAnimationPOC.swift (in target 'Review_Today' from project 'Review_Today')
    cd /Users/rexyoung/Desktop/vibe\ coding/Review_Today
    builtin-SwiftPerFileCompile MascotAnimationPOC.swift

SwiftCompile normal arm64 /Users/rexyoung/Desktop/vibe\ coding/Review_Today/Review_Today/MascotMotion.swift (in target 'Review_Today' from project 'Review_Today')
    cd /Users/rexyoung/Desktop/vibe\ coding/Review_Today
    builtin-SwiftPerFileCompile MascotMotion.swift

/Users/rexyoung/Desktop/vibe coding/Review_Today/Review_Today/LibraryInboxSettings.swift:182:13: warning: result of 'try?' is unused [#NoUsage]
180 |             task.updatedAt = .now
181 |             try? modelContext.save()
182 |             try? await AgentAPI.captureAction(taskId: task.id, action: "delete")
    |             `- warning: result of 'try?' is unused [#NoUsage]
183 |             return
184 |         }

[#NoUsage]: <https://docs.swift.org/compiler/documentation/diagnostics/no-usage>
SwiftCompile normal arm64 Compiling\ ActivityDayGrid.swift,\ AgentAPI.swift,\ AgentComposerStore.swift,\ AgentServiceMonitor.swift,\ AgentSpeechSegments.swift,\ AgentTitleMascot.swift,\ AgentVoiceAudio.swift,\ AgentVoiceComposerStatus.swift,\ AgentVoiceConversation.swift,\ AnswerDocument.swift,\ AnswerReadabilitySamples.swift /Users/rexyoung/Desktop/vibe\ coding/Review_Today/Review_Today/ActivityDayGrid.swift /Users/rexyoung/Desktop/vibe\ coding/Review_Today/Review_Today/AgentAPI.swift /Users/rexyoung/Desktop/vibe\ coding/Review_Today/Review_Today/AgentComposerStore.swift /Users/rexyoung/Desktop/vibe\ coding/Review_Today/Review_Today/AgentServiceMonitor.swift /Users/rexyoung/Desktop/vibe\ coding/Review_Today/Review_Today/AgentSpeechSegments.swift /Users/rexyoung/Desktop/vibe\ coding/Review_Today/Review_Today/AgentTitleMascot.swift /Users/rexyoung/Desktop/vibe\ coding/Review_Today/Review_Today/AgentVoiceAudio.swift /Users/rexyoung/Desktop/vibe\ coding/Review_Today/Review_Today/AgentVoiceComposerStatus.swift /Users/rexyoung/Desktop/vibe\ coding/Review_Today/Review_Today/AgentVoiceConversation.swift /Users/rexyoung/Desktop/vibe\ coding/Review_Today/Review_Today/AnswerDocument.swift /Users/rexyoung/Desktop/vibe\ coding/Review_Today/Review_Today/AnswerReadabilitySamples.swift (in target 'Review_Today' from project 'Review_Today')

SwiftCompile normal arm64 /Users/rexyoung/Desktop/vibe\ coding/Review_Today/Review_Today/ActivityDayGrid.swift (in target 'Review_Today' from project 'Review_Today')
    cd /Users/rexyoung/Desktop/vibe\ coding/Review_Today
    builtin-SwiftPerFileCompile ActivityDayGrid.swift

SwiftCompile normal arm64 /Users/rexyoung/Desktop/vibe\ coding/Review_Today/Review_Today/AgentAPI.swift (in target 'Review_Today' from project 'Review_Today')
    cd /Users/rexyoung/Desktop/vibe\ coding/Review_Today
    builtin-SwiftPerFileCompile AgentAPI.swift

SwiftCompile normal arm64 /Users/rexyoung/Desktop/vibe\ coding/Review_Today/Review_Today/AgentComposerStore.swift (in target 'Review_Today' from project 'Review_Today')
    cd /Users/rexyoung/Desktop/vibe\ coding/Review_Today
    builtin-SwiftPerFileCompile AgentComposerStore.swift

SwiftCompile normal arm64 /Users/rexyoung/Desktop/vibe\ coding/Review_Today/Review_Today/AgentServiceMonitor.swift (in target 'Review_Today' from project 'Review_Today')
    cd /Users/rexyoung/Desktop/vibe\ coding/Review_Today
    builtin-SwiftPerFileCompile AgentServiceMonitor.swift

SwiftCompile normal arm64 /Users/rexyoung/Desktop/vibe\ coding/Review_Today/Review_Today/AgentSpeechSegments.swift (in target 'Review_Today' from project 'Review_Today')
    cd /Users/rexyoung/Desktop/vibe\ coding/Review_Today
    builtin-SwiftPerFileCompile AgentSpeechSegments.swift

SwiftCompile normal arm64 /Users/rexyoung/Desktop/vibe\ coding/Review_Today/Review_Today/AgentTitleMascot.swift (in target 'Review_Today' from project 'Review_Today')
    cd /Users/rexyoung/Desktop/vibe\ coding/Review_Today
    builtin-SwiftPerFileCompile AgentTitleMascot.swift

SwiftCompile normal arm64 /Users/rexyoung/Desktop/vibe\ coding/Review_Today/Review_Today/AgentVoiceAudio.swift (in target 'Review_Today' from project 'Review_Today')
    cd /Users/rexyoung/Desktop/vibe\ coding/Review_Today
    builtin-SwiftPerFileCompile AgentVoiceAudio.swift

SwiftCompile normal arm64 /Users/rexyoung/Desktop/vibe\ coding/Review_Today/Review_Today/AgentVoiceComposerStatus.swift (in target 'Review_Today' from project 'Review_Today')
    cd /Users/rexyoung/Desktop/vibe\ coding/Review_Today
    builtin-SwiftPerFileCompile AgentVoiceComposerStatus.swift

SwiftCompile normal arm64 /Users/rexyoung/Desktop/vibe\ coding/Review_Today/Review_Today/AgentVoiceConversation.swift (in target 'Review_Today' from project 'Review_Today')
    cd /Users/rexyoung/Desktop/vibe\ coding/Review_Today
    builtin-SwiftPerFileCompile AgentVoiceConversation.swift

SwiftCompile normal arm64 /Users/rexyoung/Desktop/vibe\ coding/Review_Today/Review_Today/AnswerDocument.swift (in target 'Review_Today' from project 'Review_Today')
    cd /Users/rexyoung/Desktop/vibe\ coding/Review_Today
    builtin-SwiftPerFileCompile AnswerDocument.swift

SwiftCompile normal arm64 /Users/rexyoung/Desktop/vibe\ coding/Review_Today/Review_Today/AnswerReadabilitySamples.swift (in target 'Review_Today' from project 'Review_Today')
    cd /Users/rexyoung/Desktop/vibe\ coding/Review_Today
    builtin-SwiftPerFileCompile AnswerReadabilitySamples.swift

SwiftCompile normal arm64 Compiling\ RunFeedbackViews.swift,\ RunwayChrome.swift,\ SessionActivityStatus.swift,\ SessionDeletion.swift,\ SessionListSelection.swift,\ SessionOrganization.swift,\ SessionTagEditor.swift,\ SettingsView.swift,\ SidebarNavigation.swift,\ SidebarWindowControls.swift /Users/rexyoung/Desktop/vibe\ coding/Review_Today/Review_Today/RunFeedbackViews.swift /Users/rexyoung/Desktop/vibe\ coding/Review_Today/Review_Today/RunwayChrome.swift /Users/rexyoung/Desktop/vibe\ coding/Review_Today/Review_Today/SessionActivityStatus.swift /Users/rexyoung/Desktop/vibe\ coding/Review_Today/Review_Today/SessionDeletion.swift /Users/rexyoung/Desktop/vibe\ coding/Review_Today/Review_Today/SessionListSelection.swift /Users/rexyoung/Desktop/vibe\ coding/Review_Today/Review_Today/SessionOrganization.swift /Users/rexyoung/Desktop/vibe\ coding/Review_Today/Review_Today/SessionTagEditor.swift /Users/rexyoung/Desktop/vibe\ coding/Review_Today/Review_Today/SettingsView.swift /Users/rexyoung/Desktop/vibe\ coding/Review_Today/Review_Today/SidebarNavigation.swift /Users/rexyoung/Desktop/vibe\ coding/Review_Today/Review_Today/SidebarWindowControls.swift (in target 'Review_Today' from project 'Review_Today')

SwiftCompile normal arm64 /Users/rexyoung/Desktop/vibe\ coding/Review_Today/Review_Today/RunFeedbackViews.swift (in target 'Review_Today' from project 'Review_Today')
    cd /Users/rexyoung/Desktop/vibe\ coding/Review_Today
    builtin-SwiftPerFileCompile RunFeedbackViews.swift

SwiftCompile normal arm64 /Users/rexyoung/Desktop/vibe\ coding/Review_Today/Review_Today/RunwayChrome.swift (in target 'Review_Today' from project 'Review_Today')
    cd /Users/rexyoung/Desktop/vibe\ coding/Review_Today
    builtin-SwiftPerFileCompile RunwayChrome.swift

SwiftCompile normal arm64 /Users/rexyoung/Desktop/vibe\ coding/Review_Today/Review_Today/SessionActivityStatus.swift (in target 'Review_Today' from project 'Review_Today')
    cd /Users/rexyoung/Desktop/vibe\ coding/Review_Today
    builtin-SwiftPerFileCompile SessionActivityStatus.swift

SwiftCompile normal arm64 /Users/rexyoung/Desktop/vibe\ coding/Review_Today/Review_Today/SessionDeletion.swift (in target 'Review_Today' from project 'Review_Today')
    cd /Users/rexyoung/Desktop/vibe\ coding/Review_Today
    builtin-SwiftPerFileCompile SessionDeletion.swift

SwiftCompile normal arm64 /Users/rexyoung/Desktop/vibe\ coding/Review_Today/Review_Today/SessionListSelection.swift (in target 'Review_Today' from project 'Review_Today')
    cd /Users/rexyoung/Desktop/vibe\ coding/Review_Today
    builtin-SwiftPerFileCompile SessionListSelection.swift

SwiftCompile normal arm64 /Users/rexyoung/Desktop/vibe\ coding/Review_Today/Review_Today/SessionOrganization.swift (in target 'Review_Today' from project 'Review_Today')
    cd /Users/rexyoung/Desktop/vibe\ coding/Review_Today
    builtin-SwiftPerFileCompile SessionOrganization.swift

SwiftCompile normal arm64 /Users/rexyoung/Desktop/vibe\ coding/Review_Today/Review_Today/SessionTagEditor.swift (in target 'Review_Today' from project 'Review_Today')
    cd /Users/rexyoung/Desktop/vibe\ coding/Review_Today
    builtin-SwiftPerFileCompile SessionTagEditor.swift

SwiftCompile normal arm64 /Users/rexyoung/Desktop/vibe\ coding/Review_Today/Review_Today/SettingsView.swift (in target 'Review_Today' from project 'Review_Today')
    cd /Users/rexyoung/Desktop/vibe\ coding/Review_Today
    builtin-SwiftPerFileCompile SettingsView.swift

SwiftCompile normal arm64 /Users/rexyoung/Desktop/vibe\ coding/Review_Today/Review_Today/SidebarNavigation.swift (in target 'Review_Today' from project 'Review_Today')
    cd /Users/rexyoung/Desktop/vibe\ coding/Review_Today
    builtin-SwiftPerFileCompile SidebarNavigation.swift

SwiftCompile normal arm64 /Users/rexyoung/Desktop/vibe\ coding/Review_Today/Review_Today/SidebarWindowControls.swift (in target 'Review_Today' from project 'Review_Today')
    cd /Users/rexyoung/Desktop/vibe\ coding/Review_Today
    builtin-SwiftPerFileCompile SidebarWindowControls.swift

SwiftCompile normal arm64 Compiling\ KnowledgeLibrary.swift,\ KnowledgeLocator.swift,\ KnowledgeManagement.swift,\ KnowledgePaperPresentation.swift,\ LearningAnswerText.swift,\ LearningComposerInput.swift,\ LearningDraftStore.swift,\ LearningGoalContinuity.swift,\ LearningImageAttachment.swift,\ LearningImageDrop.swift,\ LearningImageImport.swift /Users/rexyoung/Desktop/vibe\ coding/Review_Today/Review_Today/KnowledgeLibrary.swift /Users/rexyoung/Desktop/vibe\ coding/Review_Today/Review_Today/KnowledgeLocator.swift /Users/rexyoung/Desktop/vibe\ coding/Review_Today/Review_Today/KnowledgeManagement.swift /Users/rexyoung/Desktop/vibe\ coding/Review_Today/Review_Today/KnowledgePaperPresentation.swift /Users/rexyoung/Desktop/vibe\ coding/Review_Today/Review_Today/LearningAnswerText.swift /Users/rexyoung/Desktop/vibe\ coding/Review_Today/Review_Today/LearningComposerInput.swift /Users/rexyoung/Desktop/vibe\ coding/Review_Today/Review_Today/LearningDraftStore.swift /Users/rexyoung/Desktop/vibe\ coding/Review_Today/Review_Today/LearningGoalContinuity.swift /Users/rexyoung/Desktop/vibe\ coding/Review_Today/Review_Today/LearningImageAttachment.swift /Users/rexyoung/Desktop/vibe\ coding/Review_Today/Review_Today/LearningImageDrop.swift /Users/rexyoung/Desktop/vibe\ coding/Review_Today/Review_Today/LearningImageImport.swift (in target 'Review_Today' from project 'Review_Today')

SwiftCompile normal arm64 /Users/rexyoung/Desktop/vibe\ coding/Review_Today/Review_Today/KnowledgeLibrary.swift (in target 'Review_Today' from project 'Review_Today')
    cd /Users/rexyoung/Desktop/vibe\ coding/Review_Today
    builtin-SwiftPerFileCompile KnowledgeLibrary.swift

SwiftCompile normal arm64 /Users/rexyoung/Desktop/vibe\ coding/Review_Today/Review_Today/KnowledgeLocator.swift (in target 'Review_Today' from project 'Review_Today')
    cd /Users/rexyoung/Desktop/vibe\ coding/Review_Today
    builtin-SwiftPerFileCompile KnowledgeLocator.swift

SwiftCompile normal arm64 /Users/rexyoung/Desktop/vibe\ coding/Review_Today/Review_Today/KnowledgeManagement.swift (in target 'Review_Today' from project 'Review_Today')
    cd /Users/rexyoung/Desktop/vibe\ coding/Review_Today
    builtin-SwiftPerFileCompile KnowledgeManagement.swift

SwiftCompile normal arm64 /Users/rexyoung/Desktop/vibe\ coding/Review_Today/Review_Today/KnowledgePaperPresentation.swift (in target 'Review_Today' from project 'Review_Today')
    cd /Users/rexyoung/Desktop/vibe\ coding/Review_Today
    builtin-SwiftPerFileCompile KnowledgePaperPresentation.swift

SwiftCompile normal arm64 /Users/rexyoung/Desktop/vibe\ coding/Review_Today/Review_Today/LearningAnswerText.swift (in target 'Review_Today' from project 'Review_Today')
    cd /Users/rexyoung/Desktop/vibe\ coding/Review_Today
    builtin-SwiftPerFileCompile LearningAnswerText.swift

SwiftCompile normal arm64 /Users/rexyoung/Desktop/vibe\ coding/Review_Today/Review_Today/LearningComposerInput.swift (in target 'Review_Today' from project 'Review_Today')
    cd /Users/rexyoung/Desktop/vibe\ coding/Review_Today
    builtin-SwiftPerFileCompile LearningComposerInput.swift

SwiftCompile normal arm64 /Users/rexyoung/Desktop/vibe\ coding/Review_Today/Review_Today/LearningDraftStore.swift (in target 'Review_Today' from project 'Review_Today')
    cd /Users/rexyoung/Desktop/vibe\ coding/Review_Today
    builtin-SwiftPerFileCompile LearningDraftStore.swift

SwiftCompile normal arm64 /Users/rexyoung/Desktop/vibe\ coding/Review_Today/Review_Today/LearningGoalContinuity.swift (in target 'Review_Today' from project 'Review_Today')
    cd /Users/rexyoung/Desktop/vibe\ coding/Review_Today
    builtin-SwiftPerFileCompile LearningGoalContinuity.swift

SwiftCompile normal arm64 /Users/rexyoung/Desktop/vibe\ coding/Review_Today/Review_Today/LearningImageAttachment.swift (in target 'Review_Today' from project 'Review_Today')
    cd /Users/rexyoung/Desktop/vibe\ coding/Review_Today
    builtin-SwiftPerFileCompile LearningImageAttachment.swift

SwiftCompile normal arm64 /Users/rexyoung/Desktop/vibe\ coding/Review_Today/Review_Today/LearningImageDrop.swift (in target 'Review_Today' from project 'Review_Today')
    cd /Users/rexyoung/Desktop/vibe\ coding/Review_Today
    builtin-SwiftPerFileCompile LearningImageDrop.swift

SwiftCompile normal arm64 /Users/rexyoung/Desktop/vibe\ coding/Review_Today/Review_Today/LearningImageImport.swift (in target 'Review_Today' from project 'Review_Today')
    cd /Users/rexyoung/Desktop/vibe\ coding/Review_Today
    builtin-SwiftPerFileCompile LearningImageImport.swift

SwiftCompile normal arm64 Compiling\ ReviewController.swift,\ ReviewCoordinator.swift,\ ReviewFlow.swift,\ ReviewMaintenance.swift,\ ReviewMigration.swift,\ ReviewPreparationView.swift,\ ReviewPresentation.swift,\ ReviewSummaryView.swift,\ ReviewView.swift,\ ReviewVoice.swift /Users/rexyoung/Desktop/vibe\ coding/Review_Today/Review_Today/ReviewController.swift /Users/rexyoung/Desktop/vibe\ coding/Review_Today/Review_Today/ReviewCoordinator.swift /Users/rexyoung/Desktop/vibe\ coding/Review_Today/Review_Today/ReviewFlow.swift /Users/rexyoung/Desktop/vibe\ coding/Review_Today/Review_Today/ReviewMaintenance.swift /Users/rexyoung/Desktop/vibe\ coding/Review_Today/Review_Today/ReviewMigration.swift /Users/rexyoung/Desktop/vibe\ coding/Review_Today/Review_Today/ReviewPreparationView.swift /Users/rexyoung/Desktop/vibe\ coding/Review_Today/Review_Today/ReviewPresentation.swift /Users/rexyoung/Desktop/vibe\ coding/Review_Today/Review_Today/ReviewSummaryView.swift /Users/rexyoung/Desktop/vibe\ coding/Review_Today/Review_Today/ReviewView.swift /Users/rexyoung/Desktop/vibe\ coding/Review_Today/Review_Today/ReviewVoice.swift (in target 'Review_Today' from project 'Review_Today')

SwiftCompile normal arm64 /Users/rexyoung/Desktop/vibe\ coding/Review_Today/Review_Today/ReviewController.swift (in target 'Review_Today' from project 'Review_Today')
    cd /Users/rexyoung/Desktop/vibe\ coding/Review_Today
    builtin-SwiftPerFileCompile ReviewController.swift

SwiftCompile normal arm64 /Users/rexyoung/Desktop/vibe\ coding/Review_Today/Review_Today/ReviewCoordinator.swift (in target 'Review_Today' from project 'Review_Today')
    cd /Users/rexyoung/Desktop/vibe\ coding/Review_Today
    builtin-SwiftPerFileCompile ReviewCoordinator.swift

SwiftCompile normal arm64 /Users/rexyoung/Desktop/vibe\ coding/Review_Today/Review_Today/ReviewFlow.swift (in target 'Review_Today' from project 'Review_Today')
    cd /Users/rexyoung/Desktop/vibe\ coding/Review_Today
    builtin-SwiftPerFileCompile ReviewFlow.swift

SwiftCompile normal arm64 /Users/rexyoung/Desktop/vibe\ coding/Review_Today/Review_Today/ReviewMaintenance.swift (in target 'Review_Today' from project 'Review_Today')
    cd /Users/rexyoung/Desktop/vibe\ coding/Review_Today
    builtin-SwiftPerFileCompile ReviewMaintenance.swift

SwiftCompile normal arm64 /Users/rexyoung/Desktop/vibe\ coding/Review_Today/Review_Today/ReviewMigration.swift (in target 'Review_Today' from project 'Review_Today')
    cd /Users/rexyoung/Desktop/vibe\ coding/Review_Today
    builtin-SwiftPerFileCompile ReviewMigration.swift

SwiftCompile normal arm64 /Users/rexyoung/Desktop/vibe\ coding/Review_Today/Review_Today/ReviewPreparationView.swift (in target 'Review_Today' from project 'Review_Today')
    cd /Users/rexyoung/Desktop/vibe\ coding/Review_Today
    builtin-SwiftPerFileCompile ReviewPreparationView.swift

SwiftCompile normal arm64 /Users/rexyoung/Desktop/vibe\ coding/Review_Today/Review_Today/ReviewPresentation.swift (in target 'Review_Today' from project 'Review_Today')
    cd /Users/rexyoung/Desktop/vibe\ coding/Review_Today
    builtin-SwiftPerFileCompile ReviewPresentation.swift

SwiftCompile normal arm64 /Users/rexyoung/Desktop/vibe\ coding/Review_Today/Review_Today/ReviewSummaryView.swift (in target 'Review_Today' from project 'Review_Today')
    cd /Users/rexyoung/Desktop/vibe\ coding/Review_Today
    builtin-SwiftPerFileCompile ReviewSummaryView.swift

SwiftCompile normal arm64 /Users/rexyoung/Desktop/vibe\ coding/Review_Today/Review_Today/ReviewView.swift (in target 'Review_Today' from project 'Review_Today')
    cd /Users/rexyoung/Desktop/vibe\ coding/Review_Today
    builtin-SwiftPerFileCompile ReviewView.swift

SwiftCompile normal arm64 /Users/rexyoung/Desktop/vibe\ coding/Review_Today/Review_Today/ReviewVoice.swift (in target 'Review_Today' from project 'Review_Today')
    cd /Users/rexyoung/Desktop/vibe\ coding/Review_Today
    builtin-SwiftPerFileCompile ReviewVoice.swift

SwiftDriverJobDiscovery normal arm64 Emitting module for Review_Today (in target 'Review_Today' from project 'Review_Today')

SwiftDriverJobDiscovery normal arm64 Compiling KnowledgeLibrary.swift, KnowledgeLocator.swift, KnowledgeManagement.swift, KnowledgePaperPresentation.swift, LearningAnswerText.swift, LearningComposerInput.swift, LearningDraftStore.swift, LearningGoalContinuity.swift, LearningImageAttachment.swift, LearningImageDrop.swift, LearningImageImport.swift (in target 'Review_Today' from project 'Review_Today')

SwiftDriver\ Compilation\ Requirements Review_Today normal arm64 com.apple.xcode.tools.swift.compiler (in target 'Review_Today' from project 'Review_Today')
    cd /Users/rexyoung/Desktop/vibe\ coding/Review_Today
    builtin-Swift-Compilation-Requirements -- /Applications/Xcode.app/Contents/Developer/Toolchains/XcodeDefault.xctoolchain/usr/bin/swiftc -module-name Review_Today -Onone @/tmp/review-today-card-preview-build/Build/Intermediates.noindex/Review_Today.build/Debug/Review_Today.build/Objects-normal/arm64/Review_Today.SwiftFileList -DDEBUG -default-isolation\=MainActor -enable-bare-slash-regex -enable-upcoming-feature DisableOutwardActorInference -enable-upcoming-feature InferSendableFromCaptures -enable-upcoming-feature GlobalActorIsolatedTypesUsability -enable-upcoming-feature MemberImportVisibility -enable-upcoming-feature InferIsolatedConformances -enable-upcoming-feature NonisolatedNonsendingByDefault -enable-experimental-feature DebugDescriptionMacro -sdk /Applications/Xcode.app/Contents/Developer/Platforms/MacOSX.platform/Developer/SDKs/MacOSX27.0.sdk -target arm64-apple-macos26.5 -g -module-cache-path /tmp/review-today-card-preview-build/ModuleCache.noindex -Xfrontend -serialize-debugging-options -enable-testing -index-store-path /tmp/review-today-card-preview-build/Index.noindex/DataStore -Xcc -D_LIBCPP_HARDENING_MODE\=_LIBCPP_HARDENING_MODE_DEBUG -swift-version 5 -I /tmp/review-today-card-preview-build/Build/Products/Debug -F /tmp/review-today-card-preview-build/Build/Products/Debug/PackageFrameworks -F /tmp/review-today-card-preview-build/Build/Products/Debug -emit-localized-strings -emit-localized-strings-path /tmp/review-today-card-preview-build/Build/Intermediates.noindex/Review_Today.build/Debug/Review_Today.build/Objects-normal/arm64 -c -j10 -enable-batch-mode -incremental -Xcc -ivfsstatcache -Xcc /tmp/review-today-card-preview-build/SDKStatCaches.noindex/macosx27.0-26A425-7231f6df4def33e022ae2eb8f782df1a.sdkstatcache -output-file-map /tmp/review-today-card-preview-build/Build/Intermediates.noindex/Review_Today.build/Debug/Review_Today.build/Objects-normal/arm64/Review_Today-OutputFileMap.json -save-temps -no-color-diagnostics -explicit-module-build -module-cache-path /tmp/review-today-card-preview-build/Build/Intermediates.noindex/SwiftExplicitPrecompiledModules -clang-scanner-module-cache-path /tmp/review-today-card-preview-build/ModuleCache.noindex -sdk-module-cache-path /tmp/review-today-card-preview-build/SDKExplicitPrecompiledModules -emit-dependencies -emit-module -emit-module-path /tmp/review-today-card-preview-build/Build/Intermediates.noindex/Review_Today.build/Debug/Review_Today.build/Objects-normal/arm64/Review_Today.swiftmodule -serialize-diagnostics -dependency-scan-serialize-diagnostics-path /tmp/review-today-card-preview-build/Build/Intermediates.noindex/Review_Today.build/Debug/Review_Today.build/Objects-normal/arm64/Review_Today-dependency-scan.dia -validate-clang-modules-once -clang-build-session-file /tmp/review-today-card-preview-build/ModuleCache.noindex/Session.modulevalidation -Xcc -fmodules-prune-interval\=86400 -Xcc -fmodules-prune-after\=345600 -emit-const-values -const-gather-protocols-list /tmp/review-today-card-preview-build/Build/Intermediates.noindex/Review_Today.build/Debug/Review_Today.build/Objects-normal/arm64/Review_Today_const_extract_protocols.json -Xcc -iquote -Xcc /tmp/review-today-card-preview-build/Build/Intermediates.noindex/Review_Today.build/Debug/Review_Today.build/Review_Today-generated-files.hmap -Xcc -I/tmp/review-today-card-preview-build/Build/Intermediates.noindex/Review_Today.build/Debug/Review_Today.build/Review_Today-own-target-headers.hmap -Xcc -I/tmp/review-today-card-preview-build/Build/Intermediates.noindex/Review_Today.build/Debug/Review_Today.build/Review_Today-all-non-framework-target-headers.hmap -Xcc -ivfsoverlay -Xcc /tmp/review-today-card-preview-build/Build/Intermediates.noindex/Review_Today.build/Debug/Review_Today-b70fdcf0cabbad8a9773b71bbe1a4aa3-VFS/all-product-headers.yaml -Xcc -iquote -Xcc /tmp/review-today-card-preview-build/Build/Intermediates.noindex/Review_Today.build/Debug/Review_Today.build/Review_Today-project-headers.hmap -Xcc -I/tmp/review-today-card-preview-build/Build/Products/Debug/include -Xcc -I/tmp/review-today-card-preview-build/Build/Intermediates.noindex/Review_Today.build/Debug/Review_Today.build/DerivedSources-normal/arm64 -Xcc -I/tmp/review-today-card-preview-build/Build/Intermediates.noindex/Review_Today.build/Debug/Review_Today.build/DerivedSources/arm64 -Xcc -I/tmp/review-today-card-preview-build/Build/Intermediates.noindex/Review_Today.build/Debug/Review_Today.build/DerivedSources -Xcc -DDEBUG\=1 -emit-objc-header -emit-objc-header-path /tmp/review-today-card-preview-build/Build/Intermediates.noindex/Review_Today.build/Debug/Review_Today.build/Objects-normal/arm64/Review_Today-Swift.h -working-directory /Users/rexyoung/Desktop/vibe\ coding/Review_Today -experimental-emit-module-separately -disable-cmo

SwiftMergeGeneratedHeaders /tmp/review-today-card-preview-build/Build/Intermediates.noindex/Review_Today.build/Debug/Review_Today.build/DerivedSources/Review_Today-Swift.h /tmp/review-today-card-preview-build/Build/Intermediates.noindex/Review_Today.build/Debug/Review_Today.build/Objects-normal/arm64/Review_Today-Swift.h (in target 'Review_Today' from project 'Review_Today')
    cd /Users/rexyoung/Desktop/vibe\ coding/Review_Today
    builtin-swiftHeaderTool -arch arm64 /tmp/review-today-card-preview-build/Build/Intermediates.noindex/Review_Today.build/Debug/Review_Today.build/Objects-normal/arm64/Review_Today-Swift.h -o /tmp/review-today-card-preview-build/Build/Intermediates.noindex/Review_Today.build/Debug/Review_Today.build/DerivedSources/Review_Today-Swift.h

Copy /tmp/review-today-card-preview-build/Build/Products/Debug/Review_Today.swiftmodule/arm64-apple-macos.swiftmodule /tmp/review-today-card-preview-build/Build/Intermediates.noindex/Review_Today.build/Debug/Review_Today.build/Objects-normal/arm64/Review_Today.swiftmodule (in target 'Review_Today' from project 'Review_Today')
    cd /Users/rexyoung/Desktop/vibe\ coding/Review_Today
    builtin-copy -exclude .DS_Store -exclude CVS -exclude .svn -exclude .git -exclude .hg -resolve-src-symlinks -rename /tmp/review-today-card-preview-build/Build/Intermediates.noindex/Review_Today.build/Debug/Review_Today.build/Objects-normal/arm64/Review_Today.swiftmodule /tmp/review-today-card-preview-build/Build/Products/Debug/Review_Today.swiftmodule/arm64-apple-macos.swiftmodule

Copy /tmp/review-today-card-preview-build/Build/Products/Debug/Review_Today.swiftmodule/arm64-apple-macos.swiftdoc /tmp/review-today-card-preview-build/Build/Intermediates.noindex/Review_Today.build/Debug/Review_Today.build/Objects-normal/arm64/Review_Today.swiftdoc (in target 'Review_Today' from project 'Review_Today')
    cd /Users/rexyoung/Desktop/vibe\ coding/Review_Today
    builtin-copy -exclude .DS_Store -exclude CVS -exclude .svn -exclude .git -exclude .hg -resolve-src-symlinks -rename /tmp/review-today-card-preview-build/Build/Intermediates.noindex/Review_Today.build/Debug/Review_Today.build/Objects-normal/arm64/Review_Today.swiftdoc /tmp/review-today-card-preview-build/Build/Products/Debug/Review_Today.swiftmodule/arm64-apple-macos.swiftdoc

Copy /tmp/review-today-card-preview-build/Build/Products/Debug/Review_Today.swiftmodule/arm64-apple-macos.abi.json /tmp/review-today-card-preview-build/Build/Intermediates.noindex/Review_Today.build/Debug/Review_Today.build/Objects-normal/arm64/Review_Today.abi.json (in target 'Review_Today' from project 'Review_Today')
    cd /Users/rexyoung/Desktop/vibe\ coding/Review_Today
    builtin-copy -exclude .DS_Store -exclude CVS -exclude .svn -exclude .git -exclude .hg -resolve-src-symlinks -rename /tmp/review-today-card-preview-build/Build/Intermediates.noindex/Review_Today.build/Debug/Review_Today.build/Objects-normal/arm64/Review_Today.abi.json /tmp/review-today-card-preview-build/Build/Products/Debug/Review_Today.swiftmodule/arm64-apple-macos.abi.json

Copy /tmp/review-today-card-preview-build/Build/Products/Debug/Review_Today.swiftmodule/Project/arm64-apple-macos.swiftsourceinfo /tmp/review-today-card-preview-build/Build/Intermediates.noindex/Review_Today.build/Debug/Review_Today.build/Objects-normal/arm64/Review_Today.swiftsourceinfo (in target 'Review_Today' from project 'Review_Today')
    cd /Users/rexyoung/Desktop/vibe\ coding/Review_Today
    builtin-copy -exclude .DS_Store -exclude CVS -exclude .svn -exclude .git -exclude .hg -resolve-src-symlinks -rename /tmp/review-today-card-preview-build/Build/Intermediates.noindex/Review_Today.build/Debug/Review_Today.build/Objects-normal/arm64/Review_Today.swiftsourceinfo /tmp/review-today-card-preview-build/Build/Products/Debug/Review_Today.swiftmodule/Project/arm64-apple-macos.swiftsourceinfo

SwiftDriverJobDiscovery normal arm64 Compiling RunFeedbackViews.swift, RunwayChrome.swift, SessionActivityStatus.swift, SessionDeletion.swift, SessionListSelection.swift, SessionOrganization.swift, SessionTagEditor.swift, SettingsView.swift, SidebarNavigation.swift, SidebarWindowControls.swift (in target 'Review_Today' from project 'Review_Today')

SwiftDriverJobDiscovery normal arm64 Compiling ThemeToggle.swift, TodayActivityHeatmap.swift, TodayActivitySnapshot.swift, TodayActivitySource.swift, TodayGlassEntry.swift, TodayView.swift, TopicCapture.swift, UserLanguage.swift, VoiceRecorder.swift, GeneratedAssetSymbols.swift (in target 'Review_Today' from project 'Review_Today')

SwiftDriverJobDiscovery normal arm64 Compiling AppRuntime.swift, AppSidebar.swift, ArchivedConversations.swift, BrandMark.swift, BrandMaterialTrial.swift, BrandTypography.swift, CaptureProcessor.swift, CoachMark.swift, ComposerControlsLayout.swift, ComposerKnowledgePicker.swift, ContentView.swift (in target 'Review_Today' from project 'Review_Today')

SwiftDriverJobDiscovery normal arm64 Compiling ActivityDayGrid.swift, AgentAPI.swift, AgentComposerStore.swift, AgentServiceMonitor.swift, AgentSpeechSegments.swift, AgentTitleMascot.swift, AgentVoiceAudio.swift, AgentVoiceComposerStatus.swift, AgentVoiceConversation.swift, AnswerDocument.swift, AnswerReadabilitySamples.swift (in target 'Review_Today' from project 'Review_Today')

SwiftDriverJobDiscovery normal arm64 Compiling MascotMotionPreview.swift, MascotSpeechDemoController.swift, MessageDeliveryPresentation.swift, Models.swift, MrBPresentation.swift, NavigationPerformance.swift, PageArrivalFade.swift, RecentLearningDetail.swift, ReminderNotifications.swift, Review_TodayApp.swift, ReviewAPI.swift (in target 'Review_Today' from project 'Review_Today')

SwiftDriverJobDiscovery normal arm64 Compiling ExamEntrySpine.swift, ExamSelectionView.swift, Fsrs.swift, GlassPreviewStyle.swift, HarnessProcessor.swift, InteractionChrome.swift, KnowledgeCardReader.swift, KnowledgeDeckInput.swift, KnowledgeDeckNavigation.swift, KnowledgeIngestion.swift, KnowledgeLexicon.swift (in target 'Review_Today' from project 'Review_Today')

SwiftDriverJobDiscovery normal arm64 Compiling ContextCapacityIndicator.swift, ConversationCheckpoint.swift, ConversationModels.swift, ConversationProcessor.swift, ConversationSync.swift, ConversationWorkSnapshot.swift, DeckRenderProbe.swift, DepthCarousel.swift, DictationComposerStatus.swift, DictationComposerSurface.swift, DictationController.swift (in target 'Review_Today' from project 'Review_Today')

SwiftDriverJobDiscovery normal arm64 Compiling ReviewController.swift, ReviewCoordinator.swift, ReviewFlow.swift, ReviewMaintenance.swift, ReviewMigration.swift, ReviewPreparationView.swift, ReviewPresentation.swift, ReviewSummaryView.swift, ReviewView.swift, ReviewVoice.swift (in target 'Review_Today' from project 'Review_Today')

SwiftDriverJobDiscovery normal arm64 Compiling LearningMemory.swift, LearningSessionActions.swift, LearningSessionProgress.swift, LearningTaskCard.swift, LearningTextInput.swift, LearningWorkspace.swift, LibraryInboxSettings.swift, LocalDataReset.swift, M1DebugFixture.swift, MascotAnimationPOC.swift, MascotMotion.swift (in target 'Review_Today' from project 'Review_Today')

SwiftDriver\ Compilation Review_Today normal arm64 com.apple.xcode.tools.swift.compiler (in target 'Review_Today' from project 'Review_Today')
    cd /Users/rexyoung/Desktop/vibe\ coding/Review_Today
    builtin-Swift-Compilation -- /Applications/Xcode.app/Contents/Developer/Toolchains/XcodeDefault.xctoolchain/usr/bin/swiftc -module-name Review_Today -Onone @/tmp/review-today-card-preview-build/Build/Intermediates.noindex/Review_Today.build/Debug/Review_Today.build/Objects-normal/arm64/Review_Today.SwiftFileList -DDEBUG -default-isolation\=MainActor -enable-bare-slash-regex -enable-upcoming-feature DisableOutwardActorInference -enable-upcoming-feature InferSendableFromCaptures -enable-upcoming-feature GlobalActorIsolatedTypesUsability -enable-upcoming-feature MemberImportVisibility -enable-upcoming-feature InferIsolatedConformances -enable-upcoming-feature NonisolatedNonsendingByDefault -enable-experimental-feature DebugDescriptionMacro -sdk /Applications/Xcode.app/Contents/Developer/Platforms/MacOSX.platform/Developer/SDKs/MacOSX27.0.sdk -target arm64-apple-macos26.5 -g -module-cache-path /tmp/review-today-card-preview-build/ModuleCache.noindex -Xfrontend -serialize-debugging-options -enable-testing -index-store-path /tmp/review-today-card-preview-build/Index.noindex/DataStore -Xcc -D_LIBCPP_HARDENING_MODE\=_LIBCPP_HARDENING_MODE_DEBUG -swift-version 5 -I /tmp/review-today-card-preview-build/Build/Products/Debug -F /tmp/review-today-card-preview-build/Build/Products/Debug/PackageFrameworks -F /tmp/review-today-card-preview-build/Build/Products/Debug -emit-localized-strings -emit-localized-strings-path /tmp/review-today-card-preview-build/Build/Intermediates.noindex/Review_Today.build/Debug/Review_Today.build/Objects-normal/arm64 -c -j10 -enable-batch-mode -incremental -Xcc -ivfsstatcache -Xcc /tmp/review-today-card-preview-build/SDKStatCaches.noindex/macosx27.0-26A425-7231f6df4def33e022ae2eb8f782df1a.sdkstatcache -output-file-map /tmp/review-today-card-preview-build/Build/Intermediates.noindex/Review_Today.build/Debug/Review_Today.build/Objects-normal/arm64/Review_Today-OutputFileMap.json -save-temps -no-color-diagnostics -explicit-module-build -module-cache-path /tmp/review-today-card-preview-build/Build/Intermediates.noindex/SwiftExplicitPrecompiledModules -clang-scanner-module-cache-path /tmp/review-today-card-preview-build/ModuleCache.noindex -sdk-module-cache-path /tmp/review-today-card-preview-build/SDKExplicitPrecompiledModules -emit-dependencies -emit-module -emit-module-path /tmp/review-today-card-preview-build/Build/Intermediates.noindex/Review_Today.build/Debug/Review_Today.build/Objects-normal/arm64/Review_Today.swiftmodule -serialize-diagnostics -dependency-scan-serialize-diagnostics-path /tmp/review-today-card-preview-build/Build/Intermediates.noindex/Review_Today.build/Debug/Review_Today.build/Objects-normal/arm64/Review_Today-dependency-scan.dia -validate-clang-modules-once -clang-build-session-file /tmp/review-today-card-preview-build/ModuleCache.noindex/Session.modulevalidation -Xcc -fmodules-prune-interval\=86400 -Xcc -fmodules-prune-after\=345600 -emit-const-values -const-gather-protocols-list /tmp/review-today-card-preview-build/Build/Intermediates.noindex/Review_Today.build/Debug/Review_Today.build/Objects-normal/arm64/Review_Today_const_extract_protocols.json -Xcc -iquote -Xcc /tmp/review-today-card-preview-build/Build/Intermediates.noindex/Review_Today.build/Debug/Review_Today.build/Review_Today-generated-files.hmap -Xcc -I/tmp/review-today-card-preview-build/Build/Intermediates.noindex/Review_Today.build/Debug/Review_Today.build/Review_Today-own-target-headers.hmap -Xcc -I/tmp/review-today-card-preview-build/Build/Intermediates.noindex/Review_Today.build/Debug/Review_Today.build/Review_Today-all-non-framework-target-headers.hmap -Xcc -ivfsoverlay -Xcc /tmp/review-today-card-preview-build/Build/Intermediates.noindex/Review_Today.build/Debug/Review_Today-b70fdcf0cabbad8a9773b71bbe1a4aa3-VFS/all-product-headers.yaml -Xcc -iquote -Xcc /tmp/review-today-card-preview-build/Build/Intermediates.noindex/Review_Today.build/Debug/Review_Today.build/Review_Today-project-headers.hmap -Xcc -I/tmp/review-today-card-preview-build/Build/Products/Debug/include -Xcc -I/tmp/review-today-card-preview-build/Build/Intermediates.noindex/Review_Today.build/Debug/Review_Today.build/DerivedSources-normal/arm64 -Xcc -I/tmp/review-today-card-preview-build/Build/Intermediates.noindex/Review_Today.build/Debug/Review_Today.build/DerivedSources/arm64 -Xcc -I/tmp/review-today-card-preview-build/Build/Intermediates.noindex/Review_Today.build/Debug/Review_Today.build/DerivedSources -Xcc -DDEBUG\=1 -emit-objc-header -emit-objc-header-path /tmp/review-today-card-preview-build/Build/Intermediates.noindex/Review_Today.build/Debug/Review_Today.build/Objects-normal/arm64/Review_Today-Swift.h -working-directory /Users/rexyoung/Desktop/vibe\ coding/Review_Today -experimental-emit-module-separately -disable-cmo

Ld /tmp/review-today-card-preview-build/Build/Products/Debug/Review_Today.app/Contents/MacOS/Review_Today.debug.dylib normal (in target 'Review_Today' from project 'Review_Today')
    cd /Users/rexyoung/Desktop/vibe\ coding/Review_Today
    /Applications/Xcode.app/Contents/Developer/Toolchains/XcodeDefault.xctoolchain/usr/bin/clang -Xlinker -reproducible -target arm64-apple-macos26.5 -dynamiclib -isysroot /Applications/Xcode.app/Contents/Developer/Platforms/MacOSX.platform/Developer/SDKs/MacOSX27.0.sdk -O0 -Xlinker -no_warn_duplicate_libraries -L/tmp/review-today-card-preview-build/Build/Intermediates.noindex/EagerLinkingTBDs/Debug -L/tmp/review-today-card-preview-build/Build/Products/Debug -F/tmp/review-today-card-preview-build/Build/Intermediates.noindex/EagerLinkingTBDs/Debug -F/tmp/review-today-card-preview-build/Build/Products/Debug/PackageFrameworks -F/tmp/review-today-card-preview-build/Build/Products/Debug -filelist /tmp/review-today-card-preview-build/Build/Intermediates.noindex/Review_Today.build/Debug/Review_Today.build/Objects-normal/arm64/Review_Today.LinkFileList -install_name @rpath/Review_Today.debug.dylib -Xlinker -rpath -Xlinker @loader_path -Xlinker -rpath -Xlinker /tmp/review-today-card-preview-build/Build/Products/Debug/PackageFrameworks -Xlinker -rpath -Xlinker @executable_path/../Frameworks -Xlinker -object_path_lto -Xlinker /tmp/review-today-card-preview-build/Build/Intermediates.noindex/Review_Today.build/Debug/Review_Today.build/Objects-normal/arm64/Review_Today_lto.o -rdynamic -Xlinker -no_deduplicate -Xlinker -dependency_info -Xlinker /tmp/review-today-card-preview-build/Build/Intermediates.noindex/Review_Today.build/Debug/Review_Today.build/Objects-normal/arm64/Review_Today_dependency_info.dat -fobjc-link-runtime -L/Applications/Xcode.app/Contents/Developer/Toolchains/XcodeDefault.xctoolchain/usr/lib/swift/macosx -L/usr/lib/swift -Xlinker -add_ast_path -Xlinker /tmp/review-today-card-preview-build/Build/Intermediates.noindex/Review_Today.build/Debug/Review_Today.build/Objects-normal/arm64/Review_Today.swiftmodule -Xlinker -alias -Xlinker _main -Xlinker ___debug_main_executable_dylib_entry_point -Xlinker -no_adhoc_codesign -o /tmp/review-today-card-preview-build/Build/Products/Debug/Review_Today.app/Contents/MacOS/Review_Today.debug.dylib

ConstructStubExecutorLinkFileList /tmp/review-today-card-preview-build/Build/Intermediates.noindex/Review_Today.build/Debug/Review_Today.build/Review_Today-ExecutorLinkFileList-normal-arm64.txt (in target 'Review_Today' from project 'Review_Today')
    cd /Users/rexyoung/Desktop/vibe\ coding/Review_Today
    construct-stub-executor-link-file-list /tmp/review-today-card-preview-build/Build/Products/Debug/Review_Today.app/Contents/MacOS/Review_Today.debug.dylib /Applications/Xcode.app/Contents/Developer/Platforms/MacOSX.platform/Developer/usr/lib/libPreviewsJITStubExecutor_no_swift_entry_point.a /Applications/Xcode.app/Contents/Developer/Platforms/MacOSX.platform/Developer/usr/lib/libPreviewsJITStubExecutor.a --output /tmp/review-today-card-preview-build/Build/Intermediates.noindex/Review_Today.build/Debug/Review_Today.build/Review_Today-ExecutorLinkFileList-normal-arm64.txt
note: Using stub executor library with Swift entry point. (in target 'Review_Today' from project 'Review_Today')

Ld /tmp/review-today-card-preview-build/Build/Products/Debug/Review_Today.app/Contents/MacOS/Review_Today normal (in target 'Review_Today' from project 'Review_Today')
    cd /Users/rexyoung/Desktop/vibe\ coding/Review_Today
    /Applications/Xcode.app/Contents/Developer/Toolchains/XcodeDefault.xctoolchain/usr/bin/clang -Xlinker -reproducible -target arm64-apple-macos26.5 -isysroot /Applications/Xcode.app/Contents/Developer/Platforms/MacOSX.platform/Developer/SDKs/MacOSX27.0.sdk -O0 -Xlinker -no_warn_duplicate_libraries -L/tmp/review-today-card-preview-build/Build/Products/Debug -F/tmp/review-today-card-preview-build/Build/Products/Debug/PackageFrameworks -F/tmp/review-today-card-preview-build/Build/Products/Debug -Xlinker -rpath -Xlinker @executable_path -Xlinker -rpath -Xlinker @loader_path -Xlinker -rpath -Xlinker /tmp/review-today-card-preview-build/Build/Products/Debug/PackageFrameworks -Xlinker -rpath -Xlinker @executable_path/../Frameworks -rdynamic -Xlinker -no_deduplicate -e ___debug_blank_executor_main -Xlinker -sectcreate -Xlinker __TEXT -Xlinker __debug_dylib -Xlinker /tmp/review-today-card-preview-build/Build/Intermediates.noindex/Review_Today.build/Debug/Review_Today.build/Review_Today-DebugDylibPath-normal-arm64.txt -Xlinker -sectcreate -Xlinker __TEXT -Xlinker __debug_instlnm -Xlinker /tmp/review-today-card-preview-build/Build/Intermediates.noindex/Review_Today.build/Debug/Review_Today.build/Review_Today-DebugDylibInstallName-normal-arm64.txt -Xlinker -filelist -Xlinker /tmp/review-today-card-preview-build/Build/Intermediates.noindex/Review_Today.build/Debug/Review_Today.build/Review_Today-ExecutorLinkFileList-normal-arm64.txt /tmp/review-today-card-preview-build/Build/Products/Debug/Review_Today.app/Contents/MacOS/Review_Today.debug.dylib -Xlinker -no_adhoc_codesign -o /tmp/review-today-card-preview-build/Build/Products/Debug/Review_Today.app/Contents/MacOS/Review_Today

CopySwiftLibs /tmp/review-today-card-preview-build/Build/Products/Debug/Review_Today.app (in target 'Review_Today' from project 'Review_Today')
    cd /Users/rexyoung/Desktop/vibe\ coding/Review_Today
    builtin-swiftStdLibTool --copy --verbose --sign AF533FFD9CA2C374CAC7054AE00E006413550827 --scan-executable /tmp/review-today-card-preview-build/Build/Products/Debug/Review_Today.app/Contents/MacOS/Review_Today.debug.dylib --scan-folder /tmp/review-today-card-preview-build/Build/Products/Debug/Review_Today.app/Contents/Frameworks --scan-folder /tmp/review-today-card-preview-build/Build/Products/Debug/Review_Today.app/Contents/PlugIns --scan-folder /tmp/review-today-card-preview-build/Build/Products/Debug/Review_Today.app/Contents/Library/SystemExtensions --scan-folder /tmp/review-today-card-preview-build/Build/Products/Debug/Review_Today.app/Contents/Extensions --platform macosx --toolchain /Applications/Xcode.app/Contents/Developer/Toolchains/XcodeDefault.xctoolchain --destination /tmp/review-today-card-preview-build/Build/Products/Debug/Review_Today.app/Contents/Frameworks --strip-bitcode --strip-bitcode-tool /Applications/Xcode.app/Contents/Developer/Toolchains/XcodeDefault.xctoolchain/usr/bin/bitcode_strip --emit-dependency-info /tmp/review-today-card-preview-build/Build/Intermediates.noindex/Review_Today.build/Debug/Review_Today.build/SwiftStdLibToolInputDependencies.dep --filter-for-swift-os

ExtractAppIntentsMetadata (in target 'Review_Today' from project 'Review_Today')
    cd /Users/rexyoung/Desktop/vibe\ coding/Review_Today
    /Applications/Xcode.app/Contents/Developer/Toolchains/XcodeDefault.xctoolchain/usr/bin/appintentsmetadataprocessor --toolchain-dir /Applications/Xcode.app/Contents/Developer/Toolchains/XcodeDefault.xctoolchain --module-name Review_Today --sdk-root /Applications/Xcode.app/Contents/Developer/Platforms/MacOSX.platform/Developer/SDKs/MacOSX27.0.sdk --xcode-version 27A266a --platform-family macOS --deployment-target 26.5 --bundle-identifier Rex.Review-Today --output /tmp/review-today-card-preview-build/Build/Products/Debug/Review_Today.app/Contents/Resources --target-triple arm64-apple-macos26.5 --binary-file /tmp/review-today-card-preview-build/Build/Products/Debug/Review_Today.app/Contents/MacOS/Review_Today --dependency-file /tmp/review-today-card-preview-build/Build/Intermediates.noindex/Review_Today.build/Debug/Review_Today.build/Objects-normal/arm64/Review_Today_dependency_info.dat --stringsdata-file /tmp/review-today-card-preview-build/Build/Intermediates.noindex/Review_Today.build/Debug/Review_Today.build/Objects-normal/arm64/ExtractedAppShortcutsMetadata.stringsdata --source-file-list /tmp/review-today-card-preview-build/Build/Intermediates.noindex/Review_Today.build/Debug/Review_Today.build/Objects-normal/arm64/Review_Today.SwiftFileList --metadata-file-list /tmp/review-today-card-preview-build/Build/Intermediates.noindex/Review_Today.build/Debug/Review_Today.build/Review_Today.DependencyMetadataFileList --static-metadata-file-list /tmp/review-today-card-preview-build/Build/Intermediates.noindex/Review_Today.build/Debug/Review_Today.build/Review_Today.DependencyStaticMetadataFileList --swift-const-vals-list /tmp/review-today-card-preview-build/Build/Intermediates.noindex/Review_Today.build/Debug/Review_Today.build/Objects-normal/arm64/Review_Today.SwiftConstValuesFileList --compile-time-extraction --deployment-aware-processing --no-app-shortcuts-localization
2026-10-04 21:47:46.380 appintentsmetadataprocessor[50319:4163275] Starting appintentsmetadataprocessor export
2026-10-04 21:47:46.382 appintentsmetadataprocessor[50319:4163275] warning: Metadata extraction skipped, no AppIntents.framework dependency found

CodeSign /tmp/review-today-card-preview-build/Build/Products/Debug/Review_Today.app/Contents/MacOS/Review_Today.debug.dylib (in target 'Review_Today' from project 'Review_Today')
    cd /Users/rexyoung/Desktop/vibe\ coding/Review_Today
    
    Signing Identity:     "Apple Development: a17415991@gmail.com (L486BYR7S7)"
    
    /usr/bin/codesign --force --sign AF533FFD9CA2C374CAC7054AE00E006413550827 --timestamp\=none --generate-entitlement-der /tmp/review-today-card-preview-build/Build/Products/Debug/Review_Today.app/Contents/MacOS/Review_Today.debug.dylib

CodeSign /tmp/review-today-card-preview-build/Build/Products/Debug/Review_Today.app/Contents/MacOS/__preview.dylib (in target 'Review_Today' from project 'Review_Today')
    cd /Users/rexyoung/Desktop/vibe\ coding/Review_Today
    
    Signing Identity:     "Apple Development: a17415991@gmail.com (L486BYR7S7)"
    
    /usr/bin/codesign --force --sign AF533FFD9CA2C374CAC7054AE00E006413550827 --timestamp\=none --generate-entitlement-der /tmp/review-today-card-preview-build/Build/Products/Debug/Review_Today.app/Contents/MacOS/__preview.dylib

CodeSign /tmp/review-today-card-preview-build/Build/Products/Debug/Review_Today.app (in target 'Review_Today' from project 'Review_Today')
    cd /Users/rexyoung/Desktop/vibe\ coding/Review_Today
    
    Signing Identity:     "Apple Development: a17415991@gmail.com (L486BYR7S7)"
    
    /usr/bin/codesign --force --sign AF533FFD9CA2C374CAC7054AE00E006413550827 --entitlements /tmp/review-today-card-preview-build/Build/Intermediates.noindex/Review_Today.build/Debug/Review_Today.build/Review_Today.app.xcent --timestamp\=none --generate-entitlement-der /tmp/review-today-card-preview-build/Build/Products/Debug/Review_Today.app

RegisterExecutionPolicyException /tmp/review-today-card-preview-build/Build/Products/Debug/Review_Today.app (in target 'Review_Today' from project 'Review_Today')
    cd /Users/rexyoung/Desktop/vibe\ coding/Review_Today
    builtin-RegisterExecutionPolicyException /tmp/review-today-card-preview-build/Build/Products/Debug/Review_Today.app

Validate /tmp/review-today-card-preview-build/Build/Products/Debug/Review_Today.app (in target 'Review_Today' from project 'Review_Today')
    cd /Users/rexyoung/Desktop/vibe\ coding/Review_Today
    builtin-validationUtility /tmp/review-today-card-preview-build/Build/Products/Debug/Review_Today.app -no-validate-extension -infoplist-subpath Contents/Info.plist

Touch /tmp/review-today-card-preview-build/Build/Products/Debug/Review_Today.app (in target 'Review_Today' from project 'Review_Today')
    cd /Users/rexyoung/Desktop/vibe\ coding/Review_Today
    /usr/bin/touch -c /tmp/review-today-card-preview-build/Build/Products/Debug/Review_Today.app

RegisterWithLaunchServices /tmp/review-today-card-preview-build/Build/Products/Debug/Review_Today.app (in target 'Review_Today' from project 'Review_Today')
    cd /Users/rexyoung/Desktop/vibe\ coding/Review_Today
    builtin-lsregisterurl --record-path /tmp/review-today-card-preview-build/Build/Intermediates.noindex/XCBuildData/registered-launchservices.txt -- /System/Library/Frameworks/CoreServices.framework/Versions/Current/Frameworks/LaunchServices.framework/Versions/Current/Support/lsregister -f -R -trusted /tmp/review-today-card-preview-build/Build/Products/Debug/Review_Today.app

PruneExplicitPrecompiledModules /tmp/review-today-card-preview-build/SDKExplicitPrecompiledModules

PruneExplicitPrecompiledModules /tmp/review-today-card-preview-build/Build/Intermediates.noindex/ExplicitPrecompiledModules

PruneExplicitPrecompiledModules /tmp/review-today-card-preview-build/Build/Intermediates.noindex/SwiftExplicitPrecompiledModules

** BUILD SUCCEEDED **

